Unity Editor version:    6000.5.1f1 (0d9463e84828)
Branch:                  6000.5/staging
Build type:              Release
Batch mode:              YES
macOS version:           Version 27.0 (Build 26A5425a)
Darwin version:          27.0.0
Architecture:            arm64
Running under Rosetta:   NO
Available memory:        8192 MB
Date:                    2026-09-04T15:26:22Z
[Licensing::Module] Trying to connect to existing licensing client channel...
[Licensing::IpcConnector] Successfully connected to: "LicenseClient-ashupathak" at "2026-09-04T15:26:22.867285Z"
Launching external process: /Applications/Unity/Hub/Editor/6000.5.1f1/Unity.app/Contents/Helpers/PackageManager/Server/UnityPackageManager

COMMAND LINE ARGUMENTS:
/Applications/Unity/Hub/Editor/6000.5.1f1/Unity.app/Contents/MacOS/Unity
-batchmode
-nographics
-projectPath
/Users/ashupathak/Documents/Sagar/MusicPlayer/UnityGame
-executeMethod
BuildLibrary.BuildAndroidLibrary
-buildTarget
Android
-logFile
/Users/ashupathak/Documents/Sagar/MusicPlayer/UnityGame/Library/BuildLog.log
-quit
Successfully changed project path to: /Users/ashupathak/Documents/Sagar/MusicPlayer/UnityGame
/Users/ashupathak/Documents/Sagar/MusicPlayer/UnityGame
[UnityMemory] Configuration Parameters - Can be set up in boot.config
    "memorysetup-temp-allocator-size-gi-baking-worker=262144"
    "memorysetup-temp-allocator-size-gi-baking-worker=262144"
    "memorysetup-temp-allocator-size-gi-baking-worker=262144"
    "memorysetup-temp-allocator-size-gi-baking-worker=262144"
    "memorysetup-temp-allocator-size-gi-baking-worker=262144"
    "memorysetup-temp-allocator-size-nav-mesh-worker=65536"
    "memorysetup-temp-allocator-size-audio-worker=65536"
    "memorysetup-temp-allocator-size-cloud-worker=32768"
    "memorysetup-allocator-temp-initial-block-size-main=262144"
    "memorysetup-allocator-temp-initial-block-size-worker=262144"
    "memorysetup-temp-allocator-size-preload-manager=33554432"
    "memorysetup-temp-allocator-size-gfx=262144"
    "memorysetup-temp-allocator-size-background-worker=32768"
    "memorysetup-temp-allocator-size-job-worker=262144"
    "memorysetup-bucket-allocator-granularity=16"
    "memorysetup-bucket-allocator-bucket-count=8"
    "memorysetup-bucket-allocator-block-size=33554432"
    "memorysetup-bucket-allocator-block-count=8"
    "memorysetup-main-allocator-block-size=16777216"
    "memorysetup-thread-allocator-block-size=16777216"
    "memorysetup-main-allocator-mimalloc-enabled=0"
    "memorysetup-gfx-main-allocator-block-size=16777216"
    "memorysetup-gfx-thread-allocator-block-size=16777216"
    "memorysetup-cache-allocator-block-size=4194304"
    "memorysetup-typetree-allocator-block-size=2097152"
    "memorysetup-profiler-bucket-allocator-granularity=16"
    "memorysetup-profiler-bucket-allocator-bucket-count=8"
    "memorysetup-profiler-bucket-allocator-block-size=33554432"
    "memorysetup-profiler-bucket-allocator-block-count=8"
    "memorysetup-profiler-allocator-block-size=16777216"
    "memorysetup-profiler-editor-allocator-block-size=1048576"
    "memorysetup-temp-allocator-size-main=16777216"
    "memorysetup-job-temp-allocator-block-size=2097152"
    "memorysetup-job-temp-allocator-block-size-background=1048576"
    "memorysetup-job-temp-allocator-reduction-small-platforms=262144"
Logging is directed to a specific file, skipping project log.Player connection [8263923008]  Target information:

Player connection [8263923008]  * "[IP] 192.168.29.120 [Port] 55504 [Flags] 2 [Guid] 1648439380 [EditorId] 1648439380 [Version] 1048832 [Id] OSXEditor(0,Ayushs-MacBook-Air.local) [Debug] 1 [PackageName] OSXEditor [ProjectName] Editor" 

Player connection [8263923008] Host joined multi-casting on [225.0.0.222:54997]...
Player connection [8263923008] Host joined alternative multi-casting on [225.0.0.222:34997]...
Input System module state changed to: Initialized.
[Physics::Module] Initialized fallback backend.
[Physics::Module] Id: 0xdecafbad
[Licensing::Client] Handshaking with LicensingClient:
  Version:                 1.18.1+9fbee8e
  Session Id:              999e7661567644bfbab236e5e91361df
  Correlation Id:          086724f55187998f7c1b2e151d4717f1
  External correlation Id: 5272966680141666169
  Machine Id:              dY7DhsOW05PKaz8CA4cGK4/80Bk=
[Licensing::Module] Successfully connected to LicensingClient on channel: "LicenseClient-ashupathak" (connect: 0.00s, validation: 0.00s, handshake: 0.42s)
[Licensing::IpcConnector] Successfully connected to: "LicenseClient-ashupathak-notifications" at "2026-09-04T15:26:23.28827Z"
[Licensing::Module] Error: Access token is unavailable; failed to update
[Licensing::Client] Successfully resolved entitlement details
[Licensing::Module] License group:
  Id: 13469882709303-UnityPersXXXX
  Product: Unity Personal
  Type: Assigned
  Expiration: Unlimited
[Licensing::Client] Successfully updated license, isAsync: True, time: 0.01
[Licensing::Client] Successfully resolved entitlement details
[Licensing::Module] Licensing Background thread has ended after 0.44s
[Package Manager] Connected to IPC stream "Upm-22858" after 0.3 seconds.
[Licensing::Client] Successfully resolved entitlement details
Library Redirect Path: Library/
[Physics::Module] Selected backend.
[Physics::Module] Name: PhysX
[Physics::Module] Id: 0xf2b8ea05
[Physics::Module] SDK Version: 4.1.2
[Physics::Module] Integration Version: 1.0.0
[Physics::Module] Threading Mode: Multi-Threaded
[Licensing::Client] Successfully resolved entitlement details
Targeting platform: Android
Initialize engine version: 6000.5.1f1 (0d9463e84828)
[Subsystems] Discovering subsystems at path /Applications/Unity/Hub/Editor/6000.5.1f1/Unity.app/Contents/Resources/UnitySubsystems
[Subsystems] Discovering subsystems at path /Users/ashupathak/Documents/Sagar/MusicPlayer/UnityGame/Assets
Forcing GfxDevice: Null
GfxDevice: creating device client; kGfxThreadingModeNonThreaded
NullGfxDevice:
    Version:  NULL 1.0 [1.0]
    Renderer: Null Device
    Vendor:   Unity Technologies
Initialize mono
Mono path[0] = '/Applications/Unity/Hub/Editor/6000.5.1f1/Unity.app/Contents/Resources/Scripting/Managed'
Mono path[1] = '/Applications/Unity/Hub/Editor/6000.5.1f1/Unity.app/Contents/Resources/Scripting/BCLExtensions/runtime/netstandard2.1'
Mono path[2] = '/Applications/Unity/Hub/Editor/6000.5.1f1/Unity.app/Contents/Resources/Scripting/MonoBleedingEdge/lib/mono/unityjit-macos'
Mono config path = '/Applications/Unity/Hub/Editor/6000.5.1f1/Unity.app/Contents/Resources/Scripting/MonoBleedingEdge/etc'
Using monoOptions --debugger-agent=transport=dt_socket,embedding=1,server=y,suspend=n,address=127.0.0.1:56858
CodeReloadManager initialized
ImportWorker Server TCP listen port: 0
AcceleratorClientConnectionCallback - disconnected - :0
Begin MonoManager ReloadAssembly
Registering precompiled unity dll's ...
Register platform support module: /Applications/Unity/Hub/Editor/6000.5.1f1/PlaybackEngines/MacStandaloneSupport/UnityEditor.OSXStandalone.Extensions.dll
Register platform support module: /Applications/Unity/Hub/Editor/6000.5.1f1/PlaybackEngines/AndroidPlayer/UnityEditor.Android.Extensions.dll
Registered in 0.001983 seconds.
Native extension for Android target not found
Native extension for OSXStandalone target not found
Package Manager log level set to [2]
ScheduleIndexationOnStartup MainProcess:False IndexOnStartup:False
Mono: successfully reloaded assembly
- Finished resetting the current domain, in  0.271 seconds
Domain Reload Profiling: 689ms
	BeginReloadAssembly (125ms)
		CreateAndSetChildDomain (23ms)
	RebuildCommonClasses (3ms)
	RebuildNativeTypeToScriptingClass (17ms)
	initialDomainReloadingComplete (49ms)
	LoadAllAssembliesAndSetupDomain (224ms)
		LoadAssemblies (103ms)
		AnalyzeDomain (167ms)
			TypeCache.Refresh (166ms)
				TypeCache.ScanAssembly (151ms)
	FinalizeReload (271ms)
		SetupLoadedEditorAssemblies (0ms)
			InitializePlatformSupportModulesInManaged (8ms)
			BeforeProcessingInitializeOnLoad (57ms)
			ProcessInitializeOnLoadAttributes (63ms)
			ProcessInitializeOnLoadMethodAttributes (91ms)
[Licensing::Client] Successfully resolved entitlement details
[Licensing::Client] Successfully resolved entitlement details
Application.AssetDatabase Initial Refresh Start
[Package Manager] Restoring resolved packages state from cache
[Licensing::Client] Successfully resolved entitlement details
[Package Manager] Registered 39 packages:
  Built-in packages:
    com.unity.textmeshpro@5.0.0 (location: /Users/ashupathak/Documents/Sagar/MusicPlayer/UnityGame/Library/PackageCache/com.unity.textmeshpro@53f43edfd2e0)
    com.unity.multiplayer.center@1.0.1 (location: /Users/ashupathak/Documents/Sagar/MusicPlayer/UnityGame/Library/PackageCache/com.unity.multiplayer.center@b860850997d0)
    com.unity.modules.accessibility@1.0.0 (location: /Users/ashupathak/Documents/Sagar/MusicPlayer/UnityGame/Library/PackageCache/com.unity.modules.accessibility)
    com.unity.modules.adaptiveperformance@1.0.0 (location: /Users/ashupathak/Documents/Sagar/MusicPlayer/UnityGame/Library/PackageCache/com.unity.modules.adaptiveperformance)
    com.unity.modules.ai@1.0.0 (location: /Users/ashupathak/Documents/Sagar/MusicPlayer/UnityGame/Library/PackageCache/com.unity.modules.ai)
    com.unity.modules.androidjni@1.0.0 (location: /Users/ashupathak/Documents/Sagar/MusicPlayer/UnityGame/Library/PackageCache/com.unity.modules.androidjni)
    com.unity.modules.animation@1.0.0 (location: /Users/ashupathak/Documents/Sagar/MusicPlayer/UnityGame/Library/PackageCache/com.unity.modules.animation)
    com.unity.modules.assetbundle@1.0.0 (location: /Users/ashupathak/Documents/Sagar/MusicPlayer/UnityGame/Library/PackageCache/com.unity.modules.assetbundle)
    com.unity.modules.audio@1.0.0 (location: /Users/ashupathak/Documents/Sagar/MusicPlayer/UnityGame/Library/PackageCache/com.unity.modules.audio)
    com.unity.modules.cloth@1.0.0 (location: /Users/ashupathak/Documents/Sagar/MusicPlayer/UnityGame/Library/PackageCache/com.unity.modules.cloth)
    com.unity.modules.director@1.0.0 (location: /Users/ashupathak/Documents/Sagar/MusicPlayer/UnityGame/Library/PackageCache/com.unity.modules.director)
    com.unity.modules.imageconversion@1.0.0 (location: /Users/ashupathak/Documents/Sagar/MusicPlayer/UnityGame/Library/PackageCache/com.unity.modules.imageconversion)
    com.unity.modules.imgui@1.0.0 (location: /Users/ashupathak/Documents/Sagar/MusicPlayer/UnityGame/Library/PackageCache/com.unity.modules.imgui)
    com.unity.modules.jsonserialize@1.0.0 (location: /Users/ashupathak/Documents/Sagar/MusicPlayer/UnityGame/Library/PackageCache/com.unity.modules.jsonserialize)
    com.unity.modules.particlesystem@1.0.0 (location: /Users/ashupathak/Documents/Sagar/MusicPlayer/UnityGame/Library/PackageCache/com.unity.modules.particlesystem)
    com.unity.modules.physics@1.0.0 (location: /Users/ashupathak/Documents/Sagar/MusicPlayer/UnityGame/Library/PackageCache/com.unity.modules.physics)
    com.unity.modules.physics2d@1.0.0 (location: /Users/ashupathak/Documents/Sagar/MusicPlayer/UnityGame/Library/PackageCache/com.unity.modules.physics2d)
    com.unity.modules.physicscore2d@1.0.0 (location: /Users/ashupathak/Documents/Sagar/MusicPlayer/UnityGame/Library/PackageCache/com.unity.modules.physicscore2d)
    com.unity.modules.screencapture@1.0.0 (location: /Users/ashupathak/Documents/Sagar/MusicPlayer/UnityGame/Library/PackageCache/com.unity.modules.screencapture)
    com.unity.modules.terrain@1.0.0 (location: /Users/ashupathak/Documents/Sagar/MusicPlayer/UnityGame/Library/PackageCache/com.unity.modules.terrain)
    com.unity.modules.terrainphysics@1.0.0 (location: /Users/ashupathak/Documents/Sagar/MusicPlayer/UnityGame/Library/PackageCache/com.unity.modules.terrainphysics)
    com.unity.modules.tilemap@1.0.0 (location: /Users/ashupathak/Documents/Sagar/MusicPlayer/UnityGame/Library/PackageCache/com.unity.modules.tilemap)
    com.unity.modules.ui@1.0.0 (location: /Users/ashupathak/Documents/Sagar/MusicPlayer/UnityGame/Library/PackageCache/com.unity.modules.ui)
    com.unity.modules.uielements@1.0.0 (location: /Users/ashupathak/Documents/Sagar/MusicPlayer/UnityGame/Library/PackageCache/com.unity.modules.uielements)
    com.unity.modules.umbra@1.0.0 (location: /Users/ashupathak/Documents/Sagar/MusicPlayer/UnityGame/Library/PackageCache/com.unity.modules.umbra)
    com.unity.modules.unityanalytics@1.0.0 (location: /Users/ashupathak/Documents/Sagar/MusicPlayer/UnityGame/Library/PackageCache/com.unity.modules.unityanalytics)
    com.unity.modules.unitywebrequest@1.0.0 (location: /Users/ashupathak/Documents/Sagar/MusicPlayer/UnityGame/Library/PackageCache/com.unity.modules.unitywebrequest)
    com.unity.modules.unitywebrequestassetbundle@1.0.0 (location: /Users/ashupathak/Documents/Sagar/MusicPlayer/UnityGame/Library/PackageCache/com.unity.modules.unitywebrequestassetbundle)
    com.unity.modules.unitywebrequestaudio@1.0.0 (location: /Users/ashupathak/Documents/Sagar/MusicPlayer/UnityGame/Library/PackageCache/com.unity.modules.unitywebrequestaudio)
    com.unity.modules.unitywebrequesttexture@1.0.0 (location: /Users/ashupathak/Documents/Sagar/MusicPlayer/UnityGame/Library/PackageCache/com.unity.modules.unitywebrequesttexture)
    com.unity.modules.unitywebrequestwww@1.0.0 (location: /Users/ashupathak/Documents/Sagar/MusicPlayer/UnityGame/Library/PackageCache/com.unity.modules.unitywebrequestwww)
    com.unity.modules.vectorgraphics@1.0.0 (location: /Users/ashupathak/Documents/Sagar/MusicPlayer/UnityGame/Library/PackageCache/com.unity.modules.vectorgraphics)
    com.unity.modules.vehicles@1.0.0 (location: /Users/ashupathak/Documents/Sagar/MusicPlayer/UnityGame/Library/PackageCache/com.unity.modules.vehicles)
    com.unity.modules.video@1.0.0 (location: /Users/ashupathak/Documents/Sagar/MusicPlayer/UnityGame/Library/PackageCache/com.unity.modules.video)
    com.unity.modules.wind@1.0.0 (location: /Users/ashupathak/Documents/Sagar/MusicPlayer/UnityGame/Library/PackageCache/com.unity.modules.wind)
    com.unity.modules.xr@1.0.0 (location: /Users/ashupathak/Documents/Sagar/MusicPlayer/UnityGame/Library/PackageCache/com.unity.modules.xr)
    com.unity.modules.subsystems@1.0.0 (location: /Users/ashupathak/Documents/Sagar/MusicPlayer/UnityGame/Library/PackageCache/com.unity.modules.subsystems)
    com.unity.modules.hierarchycore@1.0.0 (location: /Users/ashupathak/Documents/Sagar/MusicPlayer/UnityGame/Library/PackageCache/com.unity.modules.hierarchycore)
    com.unity.ugui@2.5.0 (location: /Users/ashupathak/Documents/Sagar/MusicPlayer/UnityGame/Library/PackageCache/com.unity.ugui@4f9b15fd1386)
[Package Manager] com.unity.textmeshpro is deprecated: This package is no longer supported. TextMeshPro functionalities are now included in the com.unity.ugui package. To continue using them, consider adding it to your project dependencies.
[Subsystems] No new subsystems found in resolved package list.
[Package Manager] Done registering packages in 0.01 seconds
[ScriptCompilation] Requested script compilation because: InitialRefresh: Force Refresh Recompile flag enabled
[ScriptCompilation] Requested script compilation because: AssetDatabase observed changes in script compilation related files
info: Microsoft.Hosting.Lifetime[14]
      Now listening on: http://unix:/tmp/ilpp.sock-cded7fa5bb4db7f1832630eb487a64dd
info: Microsoft.Hosting.Lifetime[0]
      Application started. Press Ctrl+C to shut down.
info: Microsoft.Hosting.Lifetime[0]
      Hosting environment: Production
info: Microsoft.Hosting.Lifetime[0]
      Content root path: /Users/ashupathak/Documents/Sagar/MusicPlayer/UnityGame
info: Microsoft.AspNetCore.Hosting.Diagnostics[1]
      Request starting HTTP/2 POST http://ilpp/UnityILPP.PostProcessing/Ping - application/grpc -
info: Microsoft.AspNetCore.Routing.EndpointMiddleware[0]
      Executing endpoint 'gRPC - /UnityILPP.PostProcessing/Ping'
info: Microsoft.AspNetCore.Routing.EndpointMiddleware[1]
      Executed endpoint 'gRPC - /UnityILPP.PostProcessing/Ping'
info: Microsoft.AspNetCore.Hosting.Diagnostics[2]
      Request finished HTTP/2 POST http://ilpp/UnityILPP.PostProcessing/Ping - 200 - application/grpc 29.1807ms
Starting: /Applications/Unity/Hub/Editor/6000.5.1f1/Unity.app/Contents/Resources/BuildPipeline/bee_backend --ipc --defer-dag-verification --dagfile="Library/Bee/1300b0aE.dag" --continue-on-failure --profile="Library/Bee/backend1.traceevents" ScriptAssemblies
WorkingDir: /Users/ashupathak/Documents/Sagar/MusicPlayer/UnityGame
ExitCode: 4 Duration: 0s24ms
[             ] Require frontend run.  Library/Bee/1300b0aE.dag couldn't be loaded
DisplayProgressbar: Compiling Scripts
Starting: /Applications/Unity/Hub/Editor/6000.5.1f1/Unity.app/Contents/Resources/Scripting/netcorerun/netcorerun "/Applications/Unity/Hub/Editor/6000.5.1f1/Unity.app/Contents/Resources/BuildPipeline/ScriptCompilationBuildProgram.exe" "Library/Bee/1300b0aE.dag.json" "Library/Bee/1300b0aE-inputdata.json" "Library/Bee/buildprogram0.traceevents"
WorkingDir: /Users/ashupathak/Documents/Sagar/MusicPlayer/UnityGame
ExitCode: 0 Duration: 0s599ms
Starting: /Applications/Unity/Hub/Editor/6000.5.1f1/Unity.app/Contents/Resources/BuildPipeline/bee_backend --ipc --defer-dag-verification --dagfile="Library/Bee/1300b0aE.dag" --continue-on-failure --dagfilejson="Library/Bee/1300b0aE.dag.json" --profile="Library/Bee/backend2.traceevents" ScriptAssemblies
WorkingDir: /Users/ashupathak/Documents/Sagar/MusicPlayer/UnityGame
ExitCode: 0 Duration: 5s415ms
Finished compiling graph: 246 nodes, 2210 flattened edges (2086 ToBuild, 20 ToUse), maximum node priority 118
[ 50/243    0s] WriteText Library/Bee/artifacts/1300b0aE.dag/UnityEngine.UI.UnityAdditionalFile.txt
[ 51/243    0s] WriteText Library/Bee/artifacts/1300b0aE.dag/UnityEngine.UI.rsp2
[154/243    0s] WriteText Library/Bee/artifacts/1300b0aE.dag/UnityEditor.UI.rsp2
[155/243    0s] WriteText Library/Bee/artifacts/1300b0aE.dag/UnityEditor.UI.UnityAdditionalFile.txt
[156/243    0s] WriteText Library/Bee/artifacts/1300b0aE.dag/UnityEngine.UI.dll.mvfrm.rsp
[157/243    0s] WriteText Library/Bee/artifacts/1300b0aE.dag/UnityEngine.UI.rsp
[158/243    0s] WriteText Library/Bee/artifacts/1300b0aE.dag/Unity.InternalAPIEngineBridge.004.UnityAdditionalFile.txt
[159/243    0s] WriteText Library/Bee/artifacts/1300b0aE.dag/Unity.InternalAPIEngineBridge.004.dll.mvfrm.rsp
[160/243    0s] WriteText Library/Bee/artifacts/1300b0aE.dag/Unity.InternalAPIEngineBridge.004.rsp
[161/243    0s] WriteText Library/Bee/artifacts/1300b0aE.dag/UnityEditor.UI.rsp
[162/243    0s] WriteText Library/Bee/artifacts/1300b0aE.dag/UnityEditor.UI.dll.mvfrm.rsp
[163/243    0s] WriteText Library/Bee/artifacts/1300b0aE.dag/Unity.InternalAPIEngineBridge.004.rsp2
[164/243    0s] WriteText Library/Bee/artifacts/1300b0aE.dag/Unity.TextMeshPro.UnityAdditionalFile.txt
[165/243    0s] WriteText Library/Bee/artifacts/1300b0aE.dag/Unity.Multiplayer.Center.Common.rsp2
[166/243    0s] WriteText Library/Bee/artifacts/1300b0aE.dag/Unity.TextMeshPro.rsp
[167/243    0s] WriteText Library/Bee/artifacts/1300b0aE.dag/Unity.TextMeshPro.rsp2
[168/243    0s] WriteText Library/Bee/artifacts/1300b0aE.dag/Unity.Multiplayer.Center.Common.UnityAdditionalFile.txt
[169/243    0s] WriteText Library/Bee/artifacts/1300b0aE.dag/Unity.TextMeshPro.dll.mvfrm.rsp
[170/243    0s] WriteText Library/Bee/artifacts/1300b0aE.dag/Unity.Multiplayer.Center.Common.dll.mvfrm.rsp
[171/243    0s] WriteText Library/Bee/artifacts/1300b0aE.dag/Unity.Multiplayer.Center.Editor.rsp2
[172/243    0s] WriteText Library/Bee/artifacts/1300b0aE.dag/Unity.Multiplayer.Center.Editor.UnityAdditionalFile.txt
[173/243    0s] WriteText Library/Bee/artifacts/1300b0aE.dag/UnityEditor.UI.Analytics.UnityAdditionalFile.txt
[174/243    0s] WriteText Library/Bee/artifacts/1300b0aE.dag/UnityEditor.UI.Analytics.rsp2
[175/243    0s] WriteText Library/Bee/artifacts/1300b0aE.dag/Unity.TextMeshPro.Editor.UnityAdditionalFile.txt
[176/243    0s] WriteText Library/Bee/artifacts/1300b0aE.dag/Unity.TextMeshPro.Editor.dll.mvfrm.rsp
[177/243    0s] WriteText Library/Bee/artifacts/1300b0aE.dag/Unity.TextMeshPro.Editor.rsp2
[178/243    0s] WriteText Library/Bee/artifacts/1300b0aE.dag/UnityEditor.UI.Analytics.dll.mvfrm.rsp
[179/243    0s] WriteText Library/Bee/artifacts/1300b0aE.dag/Unity.Multiplayer.Center.Common.rsp
[180/243    0s] WriteText Library/Bee/artifacts/1300b0aE.dag/Unity.TextMeshPro.Editor.rsp
[181/243    0s] WriteText Library/Bee/artifacts/1300b0aE.dag/UnityEditor.UI.Analytics.rsp
[182/243    0s] WriteText Library/Bee/artifacts/1300b0aE.dag/Unity.Multiplayer.Center.Editor.rsp
[183/243    0s] WriteText Library/Bee/artifacts/1300b0aE.dag/Assembly-CSharp.rsp2
[184/243    0s] WriteText Library/Bee/artifacts/1300b0aE.dag/Unity.Multiplayer.Center.Editor.dll.mvfrm.rsp
[185/243    0s] WriteText Library/Bee/artifacts/1300b0aE.dag/Assembly-CSharp.UnityAdditionalFile.txt
[186/243    0s] WriteText Library/Bee/artifacts/1300b0aE.dag/Assembly-CSharp-Editor.UnityAdditionalFile.txt
[187/243    0s] WriteText Library/Bee/artifacts/1300b0aE.dag/Assembly-CSharp-Editor.rsp2
[188/243    0s] WriteText Library/Bee/artifacts/1300b0aE.dag/Assembly-CSharp.rsp
[189/243    0s] WriteText Library/Bee/artifacts/1300b0aE.dag/Assembly-CSharp.dll.mvfrm.rsp
[190/243    0s] WriteText Library/Bee/artifacts/1300b0aE.dag/Assembly-CSharp-Editor.dll.mvfrm.rsp
[191/243    0s] WriteText Library/Bee/artifacts/1300b0aE.dag/Assembly-CSharp-Editor.rsp
[192/243    0s] MovedFromExtractor Library/Bee/artifacts/mvdfrm/Unity.Android.Types.dll_A12B264ED4AE5970.mvfrm
[193/243    0s] MovedFromExtractor Library/Bee/artifacts/mvdfrm/Unity.Android.Gradle.dll_6CEE46BE9CC0658C.mvfrm
[194/243    0s] MovedFromExtractor Library/Bee/artifacts/mvdfrm/UnityEditor.Android.Extensions.dll_556E2F3CF36B014C.mvfrm
[195/243    0s] MovedFromExtractor-Combine Library/Bee/artifacts/1300b0aE.dag/UnityEngine.UI.dll.mvfrm
[           0s] Csc Library/Bee/artifacts/1300b0aE.dag/UnityEngine.UI.dll (+2 others) [CacheMiss 80d650f6b62f1add8f44be449e68995f00000000000000000000000000000006]
[196/243    2s] Csc Library/Bee/artifacts/1300b0aE.dag/UnityEngine.UI.dll (+2 others)
[           0s] Csc Library/Bee/artifacts/1300b0aE.dag/UnityEngine.UI.dll (+2 others) [CacheWrite 80d650f6b62f1add8f44be449e68995f00000000000000000000000000000006]
[197/243    0s] CopyFiles Library/ScriptAssemblies/UnityEngine.UI.pdb
[198/243    0s] CopyFiles Library/ScriptAssemblies/UnityEngine.UI.dll
[199/243    0s] MovedFromExtractor Library/Bee/artifacts/mvdfrm/UnityEngine.UI.ref.dll_BDDAB6C3AC1C4D86.mvfrm
[200/243    0s] MovedFromExtractor-Combine Library/Bee/artifacts/1300b0aE.dag/UnityEditor.UI.dll.mvfrm
[           0s] Csc Library/Bee/artifacts/1300b0aE.dag/UnityEditor.UI.dll (+2 others) [CacheMiss 9c9ab6d20f56b968442c37fcc74df5b200000000000000000000000000000006]
[201/243    0s] Csc Library/Bee/artifacts/1300b0aE.dag/UnityEditor.UI.dll (+2 others)
[           0s] Csc Library/Bee/artifacts/1300b0aE.dag/UnityEditor.UI.dll (+2 others) [CacheWrite 9c9ab6d20f56b968442c37fcc74df5b200000000000000000000000000000006]
[202/243    0s] CopyFiles Library/ScriptAssemblies/UnityEditor.UI.pdb
[203/243    0s] CopyFiles Library/ScriptAssemblies/UnityEditor.UI.dll
[204/243    0s] MovedFromExtractor Library/Bee/artifacts/mvdfrm/UnityEditor.UI.ref.dll_0174E068A5FA251B.mvfrm
[205/243    0s] MovedFromExtractor-Combine Library/Bee/artifacts/1300b0aE.dag/Unity.Multiplayer.Center.Common.dll.mvfrm
[206/243    0s] MovedFromExtractor-Combine Library/Bee/artifacts/1300b0aE.dag/Unity.InternalAPIEngineBridge.004.dll.mvfrm
[           0s] Csc Library/Bee/artifacts/1300b0aE.dag/Unity.InternalAPIEngineBridge.004.dll (+2 others) [CacheMiss ef98cf12fa21b09c35903c99b5c9f1db00000000000000000000000000000006]
[           0s] Csc Library/Bee/artifacts/1300b0aE.dag/Unity.Multiplayer.Center.Common.dll (+2 others) [CacheMiss 8f38f6388f1873b2b4ec37cda7e9bae700000000000000000000000000000006]
[207/243    0s] Csc Library/Bee/artifacts/1300b0aE.dag/Unity.Multiplayer.Center.Common.dll (+2 others)
[208/243    0s] Csc Library/Bee/artifacts/1300b0aE.dag/Unity.InternalAPIEngineBridge.004.dll (+2 others)
[           0s] Csc Library/Bee/artifacts/1300b0aE.dag/Unity.Multiplayer.Center.Common.dll (+2 others) [CacheWrite 8f38f6388f1873b2b4ec37cda7e9bae700000000000000000000000000000006]
[           0s] Csc Library/Bee/artifacts/1300b0aE.dag/Unity.InternalAPIEngineBridge.004.dll (+2 others) [CacheWrite ef98cf12fa21b09c35903c99b5c9f1db00000000000000000000000000000006]
[209/243    0s] CopyFiles Library/ScriptAssemblies/Unity.Multiplayer.Center.Common.dll
[210/243    0s] CopyFiles Library/ScriptAssemblies/Unity.InternalAPIEngineBridge.004.dll
[211/243    0s] CopyFiles Library/ScriptAssemblies/Unity.Multiplayer.Center.Common.pdb
[212/243    0s] CopyFiles Library/ScriptAssemblies/Unity.InternalAPIEngineBridge.004.pdb
[213/243    0s] MovedFromExtractor Library/Bee/artifacts/mvdfrm/Unity.InternalAPIEngineBridge.004.ref.dll_03149B7CA829DDE0.mvfrm
[214/243    0s] MovedFromExtractor Library/Bee/artifacts/mvdfrm/Unity.Multiplayer.Center.Common.ref.dll_FF44434556825F42.mvfrm
[215/243    0s] MovedFromExtractor-Combine Library/Bee/artifacts/1300b0aE.dag/Unity.Multiplayer.Center.Editor.dll.mvfrm
[216/243    0s] MovedFromExtractor-Combine Library/Bee/artifacts/1300b0aE.dag/Unity.TextMeshPro.dll.mvfrm
[           0s] Csc Library/Bee/artifacts/1300b0aE.dag/Unity.TextMeshPro.dll (+2 others) [CacheMiss 4c0c0244e176b536176200e0abcf4a6700000000000000000000000000000006]
[           0s] Csc Library/Bee/artifacts/1300b0aE.dag/Unity.Multiplayer.Center.Editor.dll (+2 others) [CacheMiss d5f457f8ccff945a3d330a14b77477a200000000000000000000000000000006]
[217/243    1s] Csc Library/Bee/artifacts/1300b0aE.dag/Unity.Multiplayer.Center.Editor.dll (+2 others)
[218/243    1s] Csc Library/Bee/artifacts/1300b0aE.dag/Unity.TextMeshPro.dll (+2 others)
[           0s] Csc Library/Bee/artifacts/1300b0aE.dag/Unity.Multiplayer.Center.Editor.dll (+2 others) [CacheWrite d5f457f8ccff945a3d330a14b77477a200000000000000000000000000000006]
[219/243    0s] CopyFiles Library/ScriptAssemblies/Unity.Multiplayer.Center.Editor.pdb
[220/243    0s] CopyFiles Library/ScriptAssemblies/Unity.Multiplayer.Center.Editor.dll
[           0s] Csc Library/Bee/artifacts/1300b0aE.dag/Unity.TextMeshPro.dll (+2 others) [CacheWrite 4c0c0244e176b536176200e0abcf4a6700000000000000000000000000000006]
[221/243    0s] CopyFiles Library/ScriptAssemblies/Unity.TextMeshPro.pdb
[222/243    0s] CopyFiles Library/ScriptAssemblies/Unity.TextMeshPro.dll
[223/243    0s] MovedFromExtractor Library/Bee/artifacts/mvdfrm/Unity.Multiplayer.Center.Editor.ref.dll_FC2D3B4057A989C4.mvfrm
[224/243    0s] MovedFromExtractor Library/Bee/artifacts/mvdfrm/Unity.TextMeshPro.ref.dll_02929A3ECA791895.mvfrm
[225/243    0s] MovedFromExtractor-Combine Library/Bee/artifacts/1300b0aE.dag/Unity.TextMeshPro.Editor.dll.mvfrm
[226/243    0s] MovedFromExtractor-Combine Library/Bee/artifacts/1300b0aE.dag/UnityEditor.UI.Analytics.dll.mvfrm
[           0s] Csc Library/Bee/artifacts/1300b0aE.dag/Unity.TextMeshPro.Editor.dll (+2 others) [CacheMiss 81bda97803260f0d60206ddcaaa6377000000000000000000000000000000006]
[           0s] Csc Library/Bee/artifacts/1300b0aE.dag/UnityEditor.UI.Analytics.dll (+2 others) [CacheMiss 32107e90b63052d620049c5041d0ddd400000000000000000000000000000006]
[227/243    0s] Csc Library/Bee/artifacts/1300b0aE.dag/UnityEditor.UI.Analytics.dll (+2 others)
[228/243    0s] Csc Library/Bee/artifacts/1300b0aE.dag/Unity.TextMeshPro.Editor.dll (+2 others)
[           0s] Csc Library/Bee/artifacts/1300b0aE.dag/UnityEditor.UI.Analytics.dll (+2 others) [CacheWrite 32107e90b63052d620049c5041d0ddd400000000000000000000000000000006]
[           0s] Csc Library/Bee/artifacts/1300b0aE.dag/Unity.TextMeshPro.Editor.dll (+2 others) [CacheWrite 81bda97803260f0d60206ddcaaa6377000000000000000000000000000000006]
[229/243    0s] CopyFiles Library/ScriptAssemblies/Unity.TextMeshPro.Editor.dll
[230/243    0s] CopyFiles Library/ScriptAssemblies/UnityEditor.UI.Analytics.pdb
[231/243    0s] CopyFiles Library/ScriptAssemblies/UnityEditor.UI.Analytics.dll
[232/243    0s] CopyFiles Library/ScriptAssemblies/Unity.TextMeshPro.Editor.pdb
[233/243    0s] MovedFromExtractor Library/Bee/artifacts/mvdfrm/Unity.TextMeshPro.Editor.ref.dll_D0BA3615D322EF6C.mvfrm
[234/243    0s] MovedFromExtractor Library/Bee/artifacts/mvdfrm/UnityEditor.UI.Analytics.ref.dll_F680D59C02A89143.mvfrm
[235/243    0s] MovedFromExtractor-Combine Library/Bee/artifacts/1300b0aE.dag/Assembly-CSharp.dll.mvfrm
[236/243    0s] MovedFromExtractor-Combine Library/Bee/artifacts/1300b0aE.dag/Assembly-CSharp-Editor.dll.mvfrm
[237/243    0s] Csc Library/Bee/artifacts/1300b0aE.dag/Assembly-CSharp.dll (+2 others)
[238/243    0s] CopyFiles Library/ScriptAssemblies/Assembly-CSharp.pdb
[239/243    0s] CopyFiles Library/ScriptAssemblies/Assembly-CSharp.dll
[240/243    0s] Csc Library/Bee/artifacts/1300b0aE.dag/Assembly-CSharp-Editor.dll (+2 others)
[241/243    0s] CopyFiles Library/ScriptAssemblies/Assembly-CSharp-Editor.pdb
[242/243    0s] CopyFiles Library/ScriptAssemblies/Assembly-CSharp-Editor.dll
*** Tundra build success (5.40 seconds), 91 items updated, 243 evaluated
AssetDatabase: script compilation time: 6.710587s
Begin MonoManager ReloadAssembly
<CFData 0x776ce97b60 [0x1ee59aab0]>{length = 6, capacity = 6, bytes = 0x740ea49aeb73}
Total cache size 87498532
Total cache size after purge 87498532, took 00:00:00.0563632
Native extension for Android target not found
Native extension for OSXStandalone target not found
ScheduleIndexationOnStartup MainProcess:True IndexOnStartup:True
Mono: successfully reloaded assembly
- Finished resetting the current domain, in  0.271 seconds
Domain Reload Profiling: 521ms
	BeginReloadAssembly (122ms)
		DisableScriptedObjects (13ms)
		CreateAndSetChildDomain (34ms)
	RebuildCommonClasses (6ms)
	RebuildNativeTypeToScriptingClass (13ms)
	initialDomainReloadingComplete (24ms)
	LoadAllAssembliesAndSetupDomain (85ms)
		LoadAssemblies (48ms)
		AnalyzeDomain (25ms)
			TypeCache.Refresh (18ms)
				TypeCache.ScanAssembly (11ms)
			BuildScriptInfoCaches (5ms)
	FinalizeReload (272ms)
		SetupLoadedEditorAssemblies (0ms)
			InitializePlatformSupportModulesInManaged (5ms)
			BeforeProcessingInitializeOnLoad (56ms)
			ProcessInitializeOnLoadAttributes (45ms)
			ProcessInitializeOnLoadMethodAttributes (53ms)
		AwakeInstancesAfterBackupRestoration (12ms)
Importing 'GUID: e05ace3bd15740cda0bad60d89092a5b - Path: Packages/com.unity.ugui/Editor Resources/Textures/btn_AlignRight_Light.psd' with importer (TextureImporter)
Imported 'GUID: e05ace3bd15740cda0bad60d89092a5b' -> (Import Result ID: '272aa3ac2a889f67ca9d8da5b6b870b6') in 0.015 seconds [static and dynamic dependencies]. Details - ImportResultOutputID=bceaac979213addc2346e412d922078b DependenciesID=41269a508f3a6904a7a050fd41e989d3 StaticDependenciesID=a72a3f45942b0d911a67d02dcd110582 
Importing 'GUID: 318df756abab5463e9aa361360784865 - Path: Packages/com.unity.multiplayer.center/Editor/MultiplayerCenterWindow/UI/Icons/d_PackageInstalled@2x.png' with importer (TextureImporter)
Imported 'GUID: 318df756abab5463e9aa361360784865' -> (Import Result ID: 'd15a7381bd029d352f212bc4480b969a') in 0.006 seconds [static and dynamic dependencies]. Details - ImportResultOutputID=17ab60ccfa3f390f8db9144a0e9b72f4 DependenciesID=41c6efe41eafe5bcb7107e95b37131f7 StaticDependenciesID=676a434c83d6f0fc85958ffc61b2c34a 
Importing 'GUID: 41b96614b2e6494ba995ddcd252d11ae - Path: Packages/com.unity.ugui/Editor Resources/Textures/btn_AlignMiddle.psd' with importer (TextureImporter)
Imported 'GUID: 41b96614b2e6494ba995ddcd252d11ae' -> (Import Result ID: '44d707518eb0fb99bfea427715048a2f') in 0.001 seconds [static and dynamic dependencies]. Details - ImportResultOutputID=4c83af312f138748d5e16c24badfae70 DependenciesID=9de05d51f0940ef7ea6e965950332e4f StaticDependenciesID=3aefd0abb1ea977de447f517c6e12372 
Importing 'GUID: 81ed8c76d2bc4a4c95d092c98af4e58f - Path: Packages/com.unity.ugui/Editor Resources/Textures/btn_AlignCenter.psd' with importer (TextureImporter)
Imported 'GUID: 81ed8c76d2bc4a4c95d092c98af4e58f' -> (Import Result ID: 'cde6da660b35f4f7c9762024a9874b61') in 0.001 seconds [static and dynamic dependencies]. Details - ImportResultOutputID=78b273ceda0865ceea98d789d2f54c02 DependenciesID=c4a20d5a87eddb32c5161caf89d61fb5 StaticDependenciesID=f240d5cfda00b209c156baab86b25418 
Importing 'GUID: 12736c98af174f91827a26b66d2b01b9 - Path: Packages/com.unity.ugui/Editor Resources/Textures/btn_AlignLeft_Light.psd' with importer (TextureImporter)
Imported 'GUID: 12736c98af174f91827a26b66d2b01b9' -> (Import Result ID: '5a8dee603627ee458aa7be3c68deebac') in 0.001 seconds [static and dynamic dependencies]. Details - ImportResultOutputID=ec46ad7e4c0562695b9f728e6a0f434f DependenciesID=871ed5bcde635e5594a3cb9ed493948c StaticDependenciesID=9c64da912f5b7980065ac489d466eaf4 
Importing 'GUID: 424a8de5def3b46dcb08edd00ad1c7bd - Path: Packages/com.unity.multiplayer.center/Editor/MultiplayerCenterWindow/UI/Icons/Loading.png' with importer (TextureImporter)
Imported 'GUID: 424a8de5def3b46dcb08edd00ad1c7bd' -> (Import Result ID: 'f353816c7dcceb093607276a9094d138') in 0.006 seconds [static and dynamic dependencies]. Details - ImportResultOutputID=1b112f7d23b0ef68e584dc9b0de589e3 DependenciesID=0c9e3c55b3799bfe646b66ea927b25eb StaticDependenciesID=d2f3fd67d2eac8d20da59d58a0bbfab1 
Importing 'GUID: 525a6cca8dd9a4d28875a8fe824710d9 - Path: Packages/com.unity.multiplayer.center/Editor/MultiplayerCenterWindow/UI/Icons/d_Package.png' with importer (TextureImporter)
Imported 'GUID: 525a6cca8dd9a4d28875a8fe824710d9' -> (Import Result ID: '837d5cc05d2cf4615f7741e9d0d85937') in 0.003 seconds [static and dynamic dependencies]. Details - ImportResultOutputID=da6d55d8d90fd9d0dd54848f28464057 DependenciesID=2c4c62779569cf6ca6a6fc70bf1284ba StaticDependenciesID=fd7ef6f900dcc98cd00dafa7c517e51f 
Importing 'GUID: 92027f7f8cfc4feaa477da0dc38d3d46 - Path: Packages/com.unity.ugui/Editor Resources/Textures/btn_AlignJustified.psd' with importer (TextureImporter)
Imported 'GUID: 92027f7f8cfc4feaa477da0dc38d3d46' -> (Import Result ID: '5a0857ccf0152a240068374958ab24b1') in 0.001 seconds [static and dynamic dependencies]. Details - ImportResultOutputID=f6c80fedf1650a57a362e28d0c3fc6f5 DependenciesID=8781012559b3c8bbcc767ff7d9393577 StaticDependenciesID=4523259c4dcfaf024a01ef7da1edf85e 
Importing 'GUID: 9288066c33474b94b6ee5465f4df1cc0 - Path: Packages/com.unity.ugui/Editor Resources/Textures/btn_AlignLeft.psd' with importer (TextureImporter)
Imported 'GUID: 9288066c33474b94b6ee5465f4df1cc0' -> (Import Result ID: '7f36e150fc05b64938556a92fffdb1f2') in 0.002 seconds [static and dynamic dependencies]. Details - ImportResultOutputID=977a8911f0649ec7b1859e9469d129f7 DependenciesID=eb775b3bf6b85ae00427bc8791c38e75 StaticDependenciesID=a6564db806505f1f451c5948ed5901d1 
Importing 'GUID: a23c0dd570fd44b57a03a8880002fcca - Path: Packages/com.unity.multiplayer.center/Editor/MultiplayerCenterWindow/UI/Icons/CloudCode@2x.png' with importer (TextureImporter)
Imported 'GUID: a23c0dd570fd44b57a03a8880002fcca' -> (Import Result ID: '8c40881e5c8c43da21f7bdb8d6971d9e') in 0.007 seconds [static and dynamic dependencies]. Details - ImportResultOutputID=3521295490c291bb95cd0995bfad799d DependenciesID=264b9cbdfbc9ff21c7c12de8a54aa723 StaticDependenciesID=53eefbeb88874fa656c30a6992976ad9 
Importing 'GUID: b2ce704e56cc84fb3b347499263c6244 - Path: Packages/com.unity.multiplayer.center/Editor/MultiplayerCenterWindow/UI/Icons/ClientHosted.png' with importer (TextureImporter)
Imported 'GUID: b2ce704e56cc84fb3b347499263c6244' -> (Import Result ID: 'f19b02470fede8ccad6aca3dd41f991d') in 0.003 seconds [static and dynamic dependencies]. Details - ImportResultOutputID=067f441f5ecfa04f2dbad8c023b63caa DependenciesID=773f53003d34d1f3bbd5d9529783af43 StaticDependenciesID=dbbc280e9cfc9540e17337985e9432fd 
Importing 'GUID: c2f7f6a88b4c4f20a53deb72f3d9144c - Path: Packages/com.unity.ugui/Editor Resources/Textures/btn_AlignMidLine.psd' with importer (TextureImporter)
Imported 'GUID: c2f7f6a88b4c4f20a53deb72f3d9144c' -> (Import Result ID: 'ce71deb43f2bc7e53abcd8f465c5bf26') in 0.001 seconds [static and dynamic dependencies]. Details - ImportResultOutputID=a8a922eea722e2746de7f5dbabf4dc51 DependenciesID=1eb7e246de50b3b105cb36828b6ce06a StaticDependenciesID=2e1da3edd8c0b8380ed5eb78f0078a96 
Importing 'GUID: 0354877031b64465ea7e5cafea1a2653 - Path: Packages/com.unity.multiplayer.center/Editor/MultiplayerCenterWindow/UI/Icons/DistributedAuthority@2x.png' with importer (TextureImporter)
Imported 'GUID: 0354877031b64465ea7e5cafea1a2653' -> (Import Result ID: 'd11ef5a5b56706243ef71c1a8f902fd0') in 0.005 seconds [static and dynamic dependencies]. Details - ImportResultOutputID=8d8cd4d368fda245c315a3a8f49863e7 DependenciesID=e7b4527d8722b0f2d5a94527af0b949b StaticDependenciesID=c59afa8e6d1c388ec3739dc5d4f0ae91 
Importing 'GUID: 83b28bcaaf34b4fd580114fb05d9f160 - Path: Packages/com.unity.multiplayer.center/Editor/MultiplayerCenterWindow/UI/Icons/NGO@2x.png' with importer (TextureImporter)
Imported 'GUID: 83b28bcaaf34b4fd580114fb05d9f160' -> (Import Result ID: '47b4651f9ee412f7b851992c70df5e4f') in 0.006 seconds [static and dynamic dependencies]. Details - ImportResultOutputID=58335e31b08af7e287c1b952fb64b7a9 DependenciesID=8556af23dd1556cb52c9c3df0ccd8445 StaticDependenciesID=8c84be2703390f97b8325aa11fb5feb6 
Importing 'GUID: e3b0f810fdea84e40ab4ba20f256f7e8 - Path: Packages/com.unity.ugui/Editor Resources/Textures/SectionHeader_Light.psd' with importer (TextureImporter)
Imported 'GUID: e3b0f810fdea84e40ab4ba20f256f7e8' -> (Import Result ID: '2dcf74df9c01ec7d23a4f05daf9186f0') in 0.001 seconds [static and dynamic dependencies]. Details - ImportResultOutputID=15e562be43ad2d3cdd1072309ddf0734 DependenciesID=6c6994e285c79f720e373f763bc64a12 StaticDependenciesID=d8196a8332eea4329c4c4638ec39c23c 
Importing 'GUID: 0423146d9f51c4563a0f2a8200b6cd38 - Path: Packages/com.unity.multiplayer.center/Editor/MultiplayerCenterWindow/UI/Icons/PackageInstalled@2x.png' with importer (TextureImporter)
Imported 'GUID: 0423146d9f51c4563a0f2a8200b6cd38' -> (Import Result ID: '56d3d5624cc60e30cc0fbabd88bfa336') in 0.002 seconds [static and dynamic dependencies]. Details - ImportResultOutputID=6a4db64b099b77f5b67221300b0976f0 DependenciesID=e834713a062614873aa3c1e7f8c36be3 StaticDependenciesID=d2b72c94d81bef7a36c9a6456d5d534f 
Importing 'GUID: 342a0f8aca7f4f0691338912faec0494 - Path: Packages/com.unity.ugui/Editor Resources/Textures/btn_AlignRight.psd' with importer (TextureImporter)
Imported 'GUID: 342a0f8aca7f4f0691338912faec0494' -> (Import Result ID: 'db5dd3f6fa66e6d454d1b0b195b32262') in 0.001 seconds [static and dynamic dependencies]. Details - ImportResultOutputID=fca4f7b094a898dd944305001b4a2c6b DependenciesID=9c7d179c00b98930cfdd56ab1e4d44d0 StaticDependenciesID=03cdd4cc67a634eb7e7f2d115bb26574 
Importing 'GUID: 64b9fad609434c489c32b1cdf2004a1c - Path: Packages/com.unity.ugui/Editor Resources/Textures/btn_AlignFlush_Light.psd' with importer (TextureImporter)
Imported 'GUID: 64b9fad609434c489c32b1cdf2004a1c' -> (Import Result ID: '8bdd644f5a7d42e1108fdadf37bf570c') in 0.001 seconds [static and dynamic dependencies]. Details - ImportResultOutputID=dfb21b1d8be88f8cf14dfcd9465dc8fe DependenciesID=fdb76704ae3edaed2fe494484b38aeef StaticDependenciesID=06ec1caee865604e3621a33caa1838ba 
Importing 'GUID: 741761e72e6f24446bd8ba03ea3d0261 - Path: Packages/com.unity.multiplayer.center/Editor/MultiplayerCenterWindow/UI/Icons/d_Questionnaire.png' with importer (TextureImporter)
Imported 'GUID: 741761e72e6f24446bd8ba03ea3d0261' -> (Import Result ID: '5be87e4913a63236fd44cc0bd7506c19') in 0.001 seconds [static and dynamic dependencies]. Details - ImportResultOutputID=dabf6f0fe8e78dee91b0bb38b256db25 DependenciesID=7bc3a7ce247e5f25a7ee68e98ae82d2f StaticDependenciesID=2e312d124cb545638026726eb3aa4349 
Importing 'GUID: 84e4bbd00035e4671bf14e0380a89001 - Path: Packages/com.unity.multiplayer.center/Editor/MultiplayerCenterWindow/UI/Icons/EmptyViewIcon.png' with importer (TextureImporter)
Imported 'GUID: 84e4bbd00035e4671bf14e0380a89001' -> (Import Result ID: '94216f280e9685450c657d3d5ac97e5e') in 0.003 seconds [static and dynamic dependencies]. Details - ImportResultOutputID=b02bf0161d7a22cb2e9bcdc9c08f441d DependenciesID=6e3c3e1373a5294a4a930799765e6548 StaticDependenciesID=91428acf996ced3bd7e3ad87eabbf0ba 
Importing 'GUID: 9431e8221045c4af189b2fa7174b9e9f - Path: Packages/com.unity.multiplayer.center/Editor/MultiplayerCenterWindow/UI/Icons/PackageManager@2x.png' with importer (TextureImporter)
Imported 'GUID: 9431e8221045c4af189b2fa7174b9e9f' -> (Import Result ID: 'dafddbdfc29eb3b0d50884fb47606ea3') in 0.002 seconds [static and dynamic dependencies]. Details - ImportResultOutputID=f51dd45211bafd609a913901268cb37b DependenciesID=9663a29d4de96e2ffb511996fe8988d0 StaticDependenciesID=5415f7f8ef260c27f36d50103bcf79bf 
Importing 'GUID: 35ff0937876540d3bd4b6a941df62a92 - Path: Packages/com.unity.ugui/Editor Resources/Textures/btn_AlignCenterGeo_Light.psd' with importer (TextureImporter)
Imported 'GUID: 35ff0937876540d3bd4b6a941df62a92' -> (Import Result ID: '9cff2c2b74e19bdabc64d1ae6e770465') in 0.001 seconds [static and dynamic dependencies]. Details - ImportResultOutputID=4d8e31d906eb9d28454a7571c00adeee DependenciesID=6eba690fc08952868fffd7cb89f429f0 StaticDependenciesID=267c468312115d868370feab4d58b31c 
Importing 'GUID: b58a826ca804e4c67bab4283ad5a6102 - Path: Packages/com.unity.multiplayer.center/Editor/MultiplayerCenterWindow/UI/Icons/NoNetcode@2x.png' with importer (TextureImporter)
Imported 'GUID: b58a826ca804e4c67bab4283ad5a6102' -> (Import Result ID: 'a8fa1eb51e24d8fc41434b820eb06360') in 0.006 seconds [static and dynamic dependencies]. Details - ImportResultOutputID=ed0023b83577dbc94902d1d217ef8567 DependenciesID=36eefc5875046756b1b348ea61dc4f62 StaticDependenciesID=1c4d2f91a1a2391f618a22de0cc9b848 
Importing 'GUID: 066619c9c9c84f89acb1b48c11a7efe2 - Path: Packages/com.unity.ugui/Editor Resources/Textures/btn_AlignMiddle_Light.psd' with importer (TextureImporter)
Imported 'GUID: 066619c9c9c84f89acb1b48c11a7efe2' -> (Import Result ID: '379c6f277ef04ddf9a8c5f37d350cff1') in 0.001 seconds [static and dynamic dependencies]. Details - ImportResultOutputID=95af7bff45db57c2ab393a9da6988e25 DependenciesID=dc1664f949c04411bc19cc102c4b07ac StaticDependenciesID=7b725d5196bb439b05a6fc7f8cd1c99f 
Importing 'GUID: 4616b2fa4acd1429e931835b80966c2a - Path: Packages/com.unity.multiplayer.center/Editor/MultiplayerCenterWindow/UI/Icons/PackageInstalled.png' with importer (TextureImporter)
Imported 'GUID: 4616b2fa4acd1429e931835b80966c2a' -> (Import Result ID: '1660bad4b267096b37f37af493002853') in 0.001 seconds [static and dynamic dependencies]. Details - ImportResultOutputID=56477e0a839e5a3c9c087abc92578f79 DependenciesID=ab16420ee72eb30543c74c21db5ba6fe StaticDependenciesID=bc4ca2691d7da9b9105b0b4b0a7c5f67 
Importing 'GUID: a6fd0c627f5aa48fa81512221e70a11e - Path: Packages/com.unity.multiplayer.center/Editor/MultiplayerCenterWindow/UI/Icons/d_PackageManager@2x.png' with importer (TextureImporter)
Imported 'GUID: a6fd0c627f5aa48fa81512221e70a11e' -> (Import Result ID: '1bc395a48f66114c7d33ea3723acbf80') in 0.001 seconds [static and dynamic dependencies]. Details - ImportResultOutputID=7b775dd5c37bc58a038f5dfed678e84c DependenciesID=a60ffd8afbddd3a97fbdb31fd9c4d081 StaticDependenciesID=3eb28988e0caffbc8606ba7448fbdb0f 
Importing 'GUID: d63245ece6d8f476c8c7ca24da9937f6 - Path: Packages/com.unity.multiplayer.center/Editor/MultiplayerCenterWindow/UI/Icons/DistributedAuthority.png' with importer (TextureImporter)
Imported 'GUID: d63245ece6d8f476c8c7ca24da9937f6' -> (Import Result ID: 'a9de88e284849e53270e76547582f804') in 0.003 seconds [static and dynamic dependencies]. Details - ImportResultOutputID=fbdc66eb8ca0fe47cf3dcaccc3fe35fe DependenciesID=ab03c76eb871dc07f857190fd4b7ddab StaticDependenciesID=4087462b64bf37193952c711691e2485 
Importing 'GUID: 679f9999c6f8f497e806a2d5d0511879 - Path: Packages/com.unity.multiplayer.center/Editor/MultiplayerCenterWindow/UI/Icons/PackageManager.png' with importer (TextureImporter)
Imported 'GUID: 679f9999c6f8f497e806a2d5d0511879' -> (Import Result ID: '240962ebeeb757ac7fced78652b93ef8') in 0.002 seconds [static and dynamic dependencies]. Details - ImportResultOutputID=e5d149668524173c433eea32e579cf18 DependenciesID=ba8563bd9bc5cb7d33eec998ddda2d81 StaticDependenciesID=ca7f9983dd0e301510f01f3aafed4c0d 
Importing 'GUID: 77be953cf28de42a4ad8532539fef3f5 - Path: Packages/com.unity.multiplayer.center/Editor/MultiplayerCenterWindow/UI/Icons/d_PackageInstalled.png' with importer (TextureImporter)
Imported 'GUID: 77be953cf28de42a4ad8532539fef3f5' -> (Import Result ID: 'a37ce6d1118c88c0530e465b90566b1c') in 0.001 seconds [static and dynamic dependencies]. Details - ImportResultOutputID=1503273604b5bd04a7772d72dccf2e27 DependenciesID=5c6a3b7c9bcd660be69fa9b3215068b8 StaticDependenciesID=1c8d6dc718f350f147ef59016542146d 
Importing 'GUID: a7ec9e7ad8b847b7ae4510af83c5d868 - Path: Packages/com.unity.ugui/Editor Resources/Gizmos/TMP - Dropdown Icon.psd' with importer (TextureImporter)
Imported 'GUID: a7ec9e7ad8b847b7ae4510af83c5d868' -> (Import Result ID: 'efdacc4f3d010b9608bad4e7e97274d0') in 0.001 seconds [static and dynamic dependencies]. Details - ImportResultOutputID=c2213d370bd4d602ca4fcec2465bafb1 DependenciesID=cbaf754c3bc40e4e6d4337721b0af5b9 StaticDependenciesID=e8babd171845cb02d591e1ede4e64d8e 
Importing 'GUID: c7a38e6eccbfc49778cb8b77f594a971 - Path: Packages/com.unity.multiplayer.center/Editor/MultiplayerCenterWindow/UI/Icons/ClientHosted@2x.png' with importer (TextureImporter)
Imported 'GUID: c7a38e6eccbfc49778cb8b77f594a971' -> (Import Result ID: '81e3a1a22225d979fa45d7963f1df6e6') in 0.006 seconds [static and dynamic dependencies]. Details - ImportResultOutputID=ed5109d131d792d6d595a5f52ba87993 DependenciesID=21324bb0d7a6cbf53cfd72266b5d3ffd StaticDependenciesID=26c762357b2e667dfd9fd48826b9d0e4 
Importing 'GUID: c76700ea0062413d9f69409b4e9e151b - Path: Packages/com.unity.ugui/Editor Resources/Textures/btn_AlignCenterGeo.psd' with importer (TextureImporter)
Imported 'GUID: c76700ea0062413d9f69409b4e9e151b' -> (Import Result ID: 'ade68476efec0b70349a067d4d2d7853') in 0.001 seconds [static and dynamic dependencies]. Details - ImportResultOutputID=1122d5cdb460c205ec471094ea4aa53a DependenciesID=277abfaf39c6c5819544b9b261e114ed StaticDependenciesID=678f1428a0fa19ed17d3319a84cc9401 
Importing 'GUID: d7711b0cc806d430b8a95f1e33ec3649 - Path: Packages/com.unity.multiplayer.center/Editor/MultiplayerCenterWindow/UI/Icons/CustomNetcode@2x.png' with importer (TextureImporter)
Imported 'GUID: d7711b0cc806d430b8a95f1e33ec3649' -> (Import Result ID: '4d910bb48dd5b678c6ba5b6fc6be61f2') in 0.006 seconds [static and dynamic dependencies]. Details - ImportResultOutputID=b8b968691d05f6ec9ba04dda48934c4d DependenciesID=1f3eb7d1b8a440ad3c2d517678f69759 StaticDependenciesID=2fb8048331ee4b7c91600d6d83910676 
Importing 'GUID: 18775b51e3bd42299fd30bd036ea982f - Path: Packages/com.unity.ugui/Editor Resources/Textures/btn_AlignBaseLine_Light.psd' with importer (TextureImporter)
Imported 'GUID: 18775b51e3bd42299fd30bd036ea982f' -> (Import Result ID: 'b1bb74f8804372a99ad758675720cd07') in 0.001 seconds [static and dynamic dependencies]. Details - ImportResultOutputID=8ebbd6c1ee05066e6b48c298d01b6d80 DependenciesID=cca6f657681eefcefe30a72d3614d165 StaticDependenciesID=36b5fedac47a39dd23237e4d57c7179a 
Importing 'GUID: 38b78df4a34c94fa6a52c90239606ff1 - Path: Packages/com.unity.multiplayer.center/Editor/MultiplayerCenterWindow/UI/Icons/DedicatedServer@2x.png' with importer (TextureImporter)
Imported 'GUID: 38b78df4a34c94fa6a52c90239606ff1' -> (Import Result ID: '4a8ac214bceb1df8c428bdb0d6eef930') in 0.006 seconds [static and dynamic dependencies]. Details - ImportResultOutputID=725ed5f4310bdfdc310c2e9d95f75b92 DependenciesID=476338d535b8d7240a66608f14a4eed6 StaticDependenciesID=918f5189d91e3d0a7d02c77e7b1a2296 
Importing 'GUID: 48d034c499ee4697af9dd6e327110249 - Path: Packages/com.unity.ugui/Editor Resources/Textures/btn_AlignTop.psd' with importer (TextureImporter)
Imported 'GUID: 48d034c499ee4697af9dd6e327110249' -> (Import Result ID: '5ef11ca40dbbef1a449a111587ead94c') in 0.001 seconds [static and dynamic dependencies]. Details - ImportResultOutputID=01b1a7584f66c8ee5a77c3c59afef155 DependenciesID=0a6ebf4f2583c222151a21f9c05cb6fa StaticDependenciesID=1ef52aac0fbbc6e75a8e230581142c53 
Importing 'GUID: 585b70cb75dd43efbfead809c30a1731 - Path: Packages/com.unity.ugui/Editor Resources/Textures/btn_AlignBottom_Light.psd' with importer (TextureImporter)
Imported 'GUID: 585b70cb75dd43efbfead809c30a1731' -> (Import Result ID: '0c682839bb82a0ccf1ab78bc4b501674') in 0.001 seconds [static and dynamic dependencies]. Details - ImportResultOutputID=d4b50c8fe7821914ae3d8580d66efebf DependenciesID=79d9a36c63f4ad74922739c1bb4ad37c StaticDependenciesID=e97ff400ee29b058653f137c2519fa4c 
Importing 'GUID: 29395f0639574c1fbc8b729aa257fb84 - Path: Packages/com.unity.multiplayer.center/Editor/MultiplayerCenterWindow/UI/Icons/d_Check.png' with importer (TextureImporter)
Imported 'GUID: 29395f0639574c1fbc8b729aa257fb84' -> (Import Result ID: 'f9815e5a289ab32be3ba2527daa6daea') in 0.001 seconds [static and dynamic dependencies]. Details - ImportResultOutputID=db008a0d94ace0fe7fada31ee39776c2 DependenciesID=fcf627b6e6f975c7f53581d776e7b5ba StaticDependenciesID=7b63e129144b3a11b28f95e9f5bf21fc 
Importing 'GUID: 49679f302ac6408697f6b9314a38985c - Path: Packages/com.unity.ugui/Editor Resources/Textures/btn_AlignCapLine_Light.psd' with importer (TextureImporter)
Imported 'GUID: 49679f302ac6408697f6b9314a38985c' -> (Import Result ID: 'fe58c12305a97727220577edbc36bf6f') in 0.001 seconds [static and dynamic dependencies]. Details - ImportResultOutputID=d2246e9053cbb754132cda954922781d DependenciesID=7b0bbdb22932bea71a9f9068316039c5 StaticDependenciesID=611618b7851a0d939e6fdc711e294008 
Importing 'GUID: 691475c57a824010be0c6f474caeb7e1 - Path: Packages/com.unity.ugui/Editor Resources/Textures/btn_AlignFlush.psd' with importer (TextureImporter)
Imported 'GUID: 691475c57a824010be0c6f474caeb7e1' -> (Import Result ID: '9fd93957ba77107a2326ac7cc11dd4b4') in 0.001 seconds [static and dynamic dependencies]. Details - ImportResultOutputID=a8e4b20e64acb518c9092128230f629c DependenciesID=b4f0df070df14de508e33e16c4a49793 StaticDependenciesID=7df2f5ee9e62f60d87b988ea7dee7cf5 
Importing 'GUID: 99da7b3894f364efdb5fa1443952a55d - Path: Packages/com.unity.multiplayer.center/Editor/MultiplayerCenterWindow/UI/Icons/NGO.png' with importer (TextureImporter)
Imported 'GUID: 99da7b3894f364efdb5fa1443952a55d' -> (Import Result ID: '9ec966f3717dd23e1ae25b1ff128c8bd') in 0.003 seconds [static and dynamic dependencies]. Details - ImportResultOutputID=84fe64b729d5c784d26579e928488f41 DependenciesID=5cc0c7694123a2a8a73b9c4d826dca07 StaticDependenciesID=0e7b4d1db12f687a8b4cd84507f2bf7b 
Importing 'GUID: e9669051ff70449b5923861e0e0b8838 - Path: Packages/com.unity.multiplayer.center/Editor/MultiplayerCenterWindow/UI/Icons/N4E.png' with importer (TextureImporter)
Imported 'GUID: e9669051ff70449b5923861e0e0b8838' -> (Import Result ID: '73369932ecd7f8d9dccd91067d92e2be') in 0.003 seconds [static and dynamic dependencies]. Details - ImportResultOutputID=6c0e4628b4bcf613943c8d3bea137c1c DependenciesID=f638766fa48ead4c5fc24b63f10016b3 StaticDependenciesID=19c2e740ac7e708fceeadfc3248778a0 
Importing 'GUID: 2adffcc506285402aa795dee6f3166d0 - Path: Packages/com.unity.multiplayer.center/Editor/MultiplayerCenterWindow/UI/Icons/EmptyViewIcon@2x.png' with importer (TextureImporter)
Imported 'GUID: 2adffcc506285402aa795dee6f3166d0' -> (Import Result ID: '4c0c342b6a5b2b0b04636ab6dbdcfd83') in 0.011 seconds [static and dynamic dependencies]. Details - ImportResultOutputID=de5c98cae1acc75f42282aa6386e97a6 DependenciesID=2a8816627b93b218d1aa9bd752976935 StaticDependenciesID=117861f82d2c00dc4f64af824b1cc14e 
Importing 'GUID: 6ace62d30f494c948b71d5594afce11d - Path: Packages/com.unity.ugui/Editor Resources/Textures/btn_AlignCenter_Light.psd' with importer (TextureImporter)
Imported 'GUID: 6ace62d30f494c948b71d5594afce11d' -> (Import Result ID: '95ef1edf79316cba289f2030b4f3b1f9') in 0.001 seconds [static and dynamic dependencies]. Details - ImportResultOutputID=a06ce2b03c12e5256a802cf092d51bbc DependenciesID=53a38011b72bfc03c1a4e5acea6d9b54 StaticDependenciesID=63ec30629bd1ab9f51cc00df6bdaf68f 
Importing 'GUID: ca51b19024094d1b87f3e07edb0a75fb - Path: Packages/com.unity.ugui/Editor Resources/Textures/btn_AlignBottom.psd' with importer (TextureImporter)
Imported 'GUID: ca51b19024094d1b87f3e07edb0a75fb' -> (Import Result ID: '9ccc7fe4b7c52b5c06c3171bf4af405d') in 0.001 seconds [static and dynamic dependencies]. Details - ImportResultOutputID=8ea2b7ecc63982a8ddf08c537b41456a DependenciesID=249fff92618c81d7f502d8354a3140be StaticDependenciesID=fa3d37a0a4fae1c1d484a51926473813 
Importing 'GUID: dab91f148d99946e7b3c3a87ecf4b973 - Path: Packages/com.unity.multiplayer.center/Editor/MultiplayerCenterWindow/UI/Icons/d_Loading.png' with importer (TextureImporter)
Imported 'GUID: dab91f148d99946e7b3c3a87ecf4b973' -> (Import Result ID: '3eb74d42f0e8eb54c836ccdfa961921b') in 0.005 seconds [static and dynamic dependencies]. Details - ImportResultOutputID=54ea13d733e2489e63eebe2655768a5a DependenciesID=5cf696df7dc909264f83280ceb1cf61e StaticDependenciesID=c9d121b982dcd02f23f0903164d32694 
Importing 'GUID: fa6bd40a216346b783a4cce741d277a5 - Path: Packages/com.unity.ugui/Editor Resources/Textures/btn_AlignJustified_Light.psd' with importer (TextureImporter)
Imported 'GUID: fa6bd40a216346b783a4cce741d277a5' -> (Import Result ID: '97487c6a5b8687bfb0d9caf2549ee3c3') in 0.001 seconds [static and dynamic dependencies]. Details - ImportResultOutputID=686a5b3d55ffa98f9ab65b15a0cd6b7e DependenciesID=2cf4e4e1cde06931d32df04b940a684f StaticDependenciesID=287c9671a60c2ecc4c318768b6cbe54e 
Importing 'GUID: 1b4c88814ec6241eb8e327515399c006 - Path: Packages/com.unity.multiplayer.center/Editor/MultiplayerCenterWindow/UI/Icons/d_PackageManager.png' with importer (TextureImporter)
Imported 'GUID: 1b4c88814ec6241eb8e327515399c006' -> (Import Result ID: '60ea7c76b5c9ff060490753035f6f64c') in 0.001 seconds [static and dynamic dependencies]. Details - ImportResultOutputID=85b23169aec6ccb6852696a16a25b649 DependenciesID=b96b849f290db994b7812af727b831fc StaticDependenciesID=865ad88bb6477d8a53a8338110024d17 
Importing 'GUID: 8bc445bb79654bf496c92d0407840a92 - Path: Packages/com.unity.ugui/Editor Resources/Textures/btn_AlignBaseLine.psd' with importer (TextureImporter)
Imported 'GUID: 8bc445bb79654bf496c92d0407840a92' -> (Import Result ID: 'ce4c689f0eb39b348e35752b6261c163') in 0.001 seconds [static and dynamic dependencies]. Details - ImportResultOutputID=71c69993514f154a7e8658d8395179ff DependenciesID=5e98dbc6d5693c072f44ef19d9905916 StaticDependenciesID=a6254f1de6bd24ab894f99521c4ce15d 
Importing 'GUID: bb42b2d967d6427983c901a4ffc8ecd9 - Path: Packages/com.unity.ugui/Editor Resources/Textures/btn_AlignMidline_Light.psd' with importer (TextureImporter)
Imported 'GUID: bb42b2d967d6427983c901a4ffc8ecd9' -> (Import Result ID: 'e2d13285fd23d5b3fa5c35795c773548') in 0.002 seconds [static and dynamic dependencies]. Details - ImportResultOutputID=1edd4fdcec35bf85d0f307e4d963dc07 DependenciesID=974915469571266969650e2367fdf5c6 StaticDependenciesID=9f810a4d205e95c838e64ae3cfae7d6f 
Importing 'GUID: fb5730e24283d0c489e5c7d0bee023d9 - Path: Packages/com.unity.ugui/Editor Resources/Textures/SectionHeader_Dark.psd' with importer (TextureImporter)
Imported 'GUID: fb5730e24283d0c489e5c7d0bee023d9' -> (Import Result ID: '24f22238e22bef1d69ff4c2f1e18f84e') in 0.001 seconds [static and dynamic dependencies]. Details - ImportResultOutputID=7bd653f9870504d7a28513a7d1564035 DependenciesID=f902151123c448e7735a3a23d0e1a1f6 StaticDependenciesID=d91bba1cc9a3e068a4d5c859ba023477 
Importing 'GUID: 2cb589d4e01184d928bb698f06e77561 - Path: Packages/com.unity.multiplayer.center/Editor/MultiplayerCenterWindow/UI/Icons/N4E@2x.png' with importer (TextureImporter)
Imported 'GUID: 2cb589d4e01184d928bb698f06e77561' -> (Import Result ID: '06d4cc4d62d49619ec74bf33a660ce12') in 0.006 seconds [static and dynamic dependencies]. Details - ImportResultOutputID=c7cd94c79d4de8e9bf137c0c57fdacfb DependenciesID=c7313bd24b9dcd648e72d6f814ff49a1 StaticDependenciesID=ed22dc880a53f348a106df3615d19399 
Importing 'GUID: dce12af736e0a4a1ba35d6424f897dc9 - Path: Packages/com.unity.multiplayer.center/Editor/MultiplayerCenterWindow/UI/Icons/CustomNetcode.png' with importer (TextureImporter)
Imported 'GUID: dce12af736e0a4a1ba35d6424f897dc9' -> (Import Result ID: 'e9cc6ef824658e8b7f8c44b8a784856e') in 0.002 seconds [static and dynamic dependencies]. Details - ImportResultOutputID=49899b1391237033e77f9e6dcb35aed3 DependenciesID=1392b9097a90477bc2b41c0ee3b70bc8 StaticDependenciesID=4c00ee2ffc310b925f0aae58cbc6e647 
Importing 'GUID: ec7c645d93308c04d8840982af12101e - Path: Packages/com.unity.ugui/Editor Resources/Gizmos/TMP - Sprite Asset Icon.psd' with importer (TextureImporter)
Imported 'GUID: ec7c645d93308c04d8840982af12101e' -> (Import Result ID: 'a4978cb3b8fecba5d3aad95e8473a937') in 0.001 seconds [static and dynamic dependencies]. Details - ImportResultOutputID=f5c9f6e61ce3562ada9be4560fa6bd57 DependenciesID=85d427fd255ee43e5b901dd69e3b4014 StaticDependenciesID=8abb3b76b9e07a04f5da31bcbae33264 
Importing 'GUID: 0d9a36012a224080966c7b55896aa0f9 - Path: Packages/com.unity.ugui/Editor Resources/Textures/btn_AlignCapLine.psd' with importer (TextureImporter)
Imported 'GUID: 0d9a36012a224080966c7b55896aa0f9' -> (Import Result ID: 'a48c441f57548f7cf6935fc54d5e6aa0') in 0.001 seconds [static and dynamic dependencies]. Details - ImportResultOutputID=748ea55503afb76223c84ad3caf7bcba DependenciesID=2dd5c46d5fb5823fa187fe80152a26a9 StaticDependenciesID=1b7b108b58171f850434c765f1841c58 
Importing 'GUID: 1daed49eec0f94f7ebb36dfef6159884 - Path: Packages/com.unity.multiplayer.center/Editor/MultiplayerCenterWindow/UI/Icons/NoNetcode.png' with importer (TextureImporter)
Imported 'GUID: 1daed49eec0f94f7ebb36dfef6159884' -> (Import Result ID: '0dd1e0cdb67aab19108be0aeb3e79881') in 0.002 seconds [static and dynamic dependencies]. Details - ImportResultOutputID=b504a88458634384e8ba60834dbe6fcd DependenciesID=e663811d8fb339b37c079b1b3eb94abe StaticDependenciesID=61c10e7c30e6be8c2797f93c5583c51a 
Importing 'GUID: 9d9689eab72c8480c90679f4dcf18820 - Path: Packages/com.unity.multiplayer.center/Editor/MultiplayerCenterWindow/UI/Icons/Package.png' with importer (TextureImporter)
Imported 'GUID: 9d9689eab72c8480c90679f4dcf18820' -> (Import Result ID: 'a37ae5c361c6727371d4b8fec17ad938') in 0.002 seconds [static and dynamic dependencies]. Details - ImportResultOutputID=b67a7c015f4c403b00f141d24670b8a3 DependenciesID=20cd7e88540613bb9335897818c57933 StaticDependenciesID=860c65b2e619d69679919f60be7a962d 
Importing 'GUID: ad1d29f4654194951a3c8bf507914d05 - Path: Packages/com.unity.multiplayer.center/Editor/MultiplayerCenterWindow/UI/Icons/CloudCode.png' with importer (TextureImporter)
Imported 'GUID: ad1d29f4654194951a3c8bf507914d05' -> (Import Result ID: 'e0b0a8146ef9be78ef161f09a00d7438') in 0.002 seconds [static and dynamic dependencies]. Details - ImportResultOutputID=5352a6ee50703b04888b3349c2f50121 DependenciesID=1d5a0fc719589cc6be6fe3f54d009178 StaticDependenciesID=daa80e3a6e98a04002542119764a9cd1 
Importing 'GUID: dd70cd654275d47db807e918055e004f - Path: Packages/com.unity.multiplayer.center/Editor/MultiplayerCenterWindow/UI/Icons/Questionnaire.png' with importer (TextureImporter)
Imported 'GUID: dd70cd654275d47db807e918055e004f' -> (Import Result ID: 'fc1837f798ab1a85f90721dfef77e6dd') in 0.002 seconds [static and dynamic dependencies]. Details - ImportResultOutputID=ee503f4788aef1f5101ed23360490c8d DependenciesID=c553811d9b8ed90d4644d5a1319a6257 StaticDependenciesID=630c0ed723927027919e94fab4993f50 
Importing 'GUID: ed041e68439749a69d0efa0e3d896c2e - Path: Packages/com.unity.ugui/Editor Resources/Textures/btn_AlignTop_Light.psd' with importer (TextureImporter)
Imported 'GUID: ed041e68439749a69d0efa0e3d896c2e' -> (Import Result ID: 'ec8ce9d0f66ef295387e8bbde5fd259c') in 0.001 seconds [static and dynamic dependencies]. Details - ImportResultOutputID=a6782bfe4d6b189eefced0de8e93dce4 DependenciesID=20ef685396fe88bbc5928c5debb7170a StaticDependenciesID=0dcedc13fa1202021212584b9d01c6b7 
Importing 'GUID: 3ee40aa79cd242a5b53b0b0ca4f13f0f - Path: Packages/com.unity.ugui/Editor Resources/Gizmos/TMP - Input Field Icon.psd' with importer (TextureImporter)
Imported 'GUID: 3ee40aa79cd242a5b53b0b0ca4f13f0f' -> (Import Result ID: '08e9aa61f628a12fde3e029a4b67d858') in 0.001 seconds [static and dynamic dependencies]. Details - ImportResultOutputID=572fbe769b7ce10c26482e2b794576cc DependenciesID=76986c897c59083234058f64d2b44dc8 StaticDependenciesID=1c24a3c58f281d81c9ba4f92ccc3dbc9 
Importing 'GUID: ee148e281f3c41c5b4ff5f8a5afe5a6c - Path: Packages/com.unity.ugui/Editor Resources/Gizmos/TMP - Font Asset Icon.psd' with importer (TextureImporter)
Imported 'GUID: ee148e281f3c41c5b4ff5f8a5afe5a6c' -> (Import Result ID: 'aa654aefad8553e5721b692a6499943c') in 0.001 seconds [static and dynamic dependencies]. Details - ImportResultOutputID=265a250e224341f295e8f9bbc0c65c57 DependenciesID=0bca5a31b87feaa1415482e452c1a0d1 StaticDependenciesID=0ac2610afd7f46203c3fef1d822e4466 
Importing 'GUID: 2fd6421f253b4ef1a19526541f9ffc0c - Path: Packages/com.unity.ugui/Editor Resources/Gizmos/TMP - Text Component Icon.psd' with importer (TextureImporter)
Imported 'GUID: 2fd6421f253b4ef1a19526541f9ffc0c' -> (Import Result ID: 'e8bea1c653cda0ae53783df2764a94d0') in 0.001 seconds [static and dynamic dependencies]. Details - ImportResultOutputID=84fefe20f3329c00ebe86f9fde581a8d DependenciesID=93cc02fbb89fd26016524173776feb63 StaticDependenciesID=91b5d4440110bc5d09e7501d84b9b2bb 
Importing 'GUID: 3fe892784421e47f5aa40c2784a6cb3e - Path: Packages/com.unity.multiplayer.center/Editor/MultiplayerCenterWindow/UI/Icons/DedicatedServer.png' with importer (TextureImporter)
Imported 'GUID: 3fe892784421e47f5aa40c2784a6cb3e' -> (Import Result ID: 'be425d693bd6ac8710d2e51666e8c19f') in 0.002 seconds [static and dynamic dependencies]. Details - ImportResultOutputID=a1840b72bc2171f1ea45e7f6c8d42772 DependenciesID=f1510bc1b99936e50c8bd7a22a85eb04 StaticDependenciesID=e5bf9eeff5c99f9081d73e3e8ce1d711 
Importing 'GUID: 4f78a544322c742b89e63fb68557b1d2 - Path: Packages/com.unity.multiplayer.center/Editor/MultiplayerCenterWindow/UI/Icons/Check.png' with importer (TextureImporter)
Imported 'GUID: 4f78a544322c742b89e63fb68557b1d2' -> (Import Result ID: '024e9cfac77351389501c699ab2b8501') in 0.002 seconds [static and dynamic dependencies]. Details - ImportResultOutputID=32c8e40de5d629d9855006bb10b17675 DependenciesID=188c00756301b8202253025e8ae2f15e StaticDependenciesID=418c3428dd15480b88ff041c3109a9fb 
Importing 'GUID: 9c442dc870b456e48b615cd8add0e9ef - Path: Packages/com.unity.ugui/Editor Resources/Shaders/TMP_SDF Internal Editor.shader' with importer (ShaderImporter)
Launching external process: /Applications/Unity/Hub/Editor/6000.5.1f1/Unity.app/Contents/Helpers/UnityShaderCompiler
Launched and connected shader compiler UnityShaderCompiler after 0.07 seconds
Imported 'GUID: 9c442dc870b456e48b615cd8add0e9ef' -> (Import Result ID: '26f4dd20484c77acfce16d9e51d1eaea') in 0.098 seconds [static and dynamic dependencies]. Details - ImportResultOutputID=6493dbbd5887a2d861604936deedae64 DependenciesID=77650c516cc8bb2800c39092fb00a287 StaticDependenciesID=d6794af3edbd937daa1ec69a72eea80b 
Starting new worker id: 0 with log in /Users/ashupathak/Documents/Sagar/MusicPlayer/UnityGame/Logs/AssetImportWorkerHW0.log
Launching external process: /Applications/Unity/Hub/Editor/6000.5.1f1/Unity.app/Contents/Helpers/UnityShaderCompiler
Launched and connected shader compiler UnityShaderCompiler after 0.04 seconds
Launching external process: /Applications/Unity/Hub/Editor/6000.5.1f1/Unity.app/Contents/Helpers/UnityShaderCompiler

Asset Pipeline Refresh (id=00779c9e8f174437db2ee92d3e12dcfc): Total: 7.746 seconds - Initiated by InitialRefreshV2(ForceSynchronousImport)
	(Values over 0.05ms)
	Summary:
		Imports: total=66 (actual=66, local cache=0, cache server=0)
		Asset DB Process Time: managed=4 ms, native=661 ms
		Asset DB Callback time: managed=72 ms, native=31 ms
		Scripting: domain reloads=1, domain reload time=259 ms, compile time=6712 ms, other=3 ms
		Project Asset Count: scripts=204, non-scripts=125
		Asset File Changes: new=0, changed=2, moved=0, deleted=0
		Scan Filter Count: 1
	InvokeCustomDependenciesCallbacks: 0.191ms
	InvokePackagesCallback: 10.699ms
	ApplyChangesToAssetFolders: 0.173ms
	Scan: 65.214ms
	Collect global state as custom dependencies: 4.350ms
	OnSourceAssetsModified: 0.417ms
	CategorizeScriptCompilationAssets: 0.983ms
	ProcessAssetsWithTransientArtifactChanges: 6.322ms
	CategorizeAssets: 1.960ms
	CompileScripts: 6712.177ms
	ImportOutOfDateAssets: 558.358ms (274.616ms without children)
		ImportManagerImport: 280.402ms (1.156ms without children)
			UpdateCategorizedAssets: 0.214ms
		UnloadImportedAssets: 0.170ms
		EnsureUptoDateAssetsAreRegisteredWithGuidPM: 0.053ms
		ImportSchedulerStart: 3.109ms
	PostProcessAllAssets: 92.079ms
		ShaderAssetModifiedCallback 16.807ms
		VCAutoAddAssetPostprocess 1.870ms
		ComputeShaderImportPostprocess 0.104ms
		PostProcessCallbackCreateDeferredMaterials 0.104ms
		RaytracingShaderImportPostprocess 0.068ms
		SpeedTreeImporter.PostprocessAllAssets 0.051ms
		MonoPostProcessAllAssets: 71.885ms
			AssetPostprocessor.OnPostprocessAllAssets 39.798ms
			StyleCatalogPostProcessor.OnPostprocessAllAssets 8.155ms
			WindowAssetPostprocessingWatcher.OnPostprocessAllAssets 6.221ms
			BuilderAssetPostprocessor.OnPostprocessAllAssets 4.029ms
			SyncVS.PostprocessSyncProject 2.315ms
			AssetChangedListener.OnPostprocessAllAssets 1.495ms
			TextAssetPostProcessor.OnPostprocessAllAssets 1.254ms
			RetainedModeAssetPostprocessor.OnPostprocessAllAssets 0.873ms
			SpeedTree9Postprocessor.OnPostprocessAllAssets 0.529ms
			TMPro_TexturePostProcessor.OnPostprocessAllAssets 0.386ms
			ArtifactBrowserPostProcessor.OnPostprocessAllAssets 0.366ms
			ReferencedClipsPostProcessor.OnPostprocessAllAssets 0.252ms
			TerrainToolbarOverlayPostProcessor.OnPostprocessAllAssets 0.183ms
			AudioMixerPostprocessor.OnPostprocessAllAssets 0.175ms
			AssetEvents.OnPostprocessAllAssets 0.159ms
			SpeedTreePostProcessor.OnPostprocessAllAssets 0.098ms
			AssetDatabaseCallbacks.OnPostprocessAllAssets 0.096ms
			RenderPipelineGlobalSettingsPostprocessor.OnPostprocessAllAssets 0.089ms
			ConfigAssetsTracker.OnPostprocessAllAssets 0.071ms
			ScenarioDriftAssetsTracker.OnPostprocessAllAssets 0.069ms
	PostAssetChangesProfiler: 1.877ms
	UnloadStreamsBegin: 0.972ms
	PersistCurrentRevisions: 0.136ms
	GenerateScriptTypeHashes: 0.192ms
	GenerateScriptTypeSerializationHashes: 0.412ms
	Untracked: 288.219ms

Application.AssetDatabase Initial Refresh End
Launched and connected shader compiler UnityShaderCompiler after 0.05 seconds
Scanning for USB devices : 0.170ms
Initializing Unity extensions:
[MODES] ModeService[none].Initialize
[MODES] ModeService[none].LoadModes
[MODES] Loading mode Default (0) for mode-current-id-UnityGame
Curl error 7: Failed to connect to config.uca.cloud.unity3d.com port 443 after 5 ms: Error
Unloading 4 Unused Serialized files (Serialized files now loaded: 0)
Unloading 446 unused Assets / (Unknown). Loaded Objects now: 1085.
Memory consumption went from 122.5 MB to 123.9 MB.
Total: 4.900000 ms (FindLiveObjects: 0.049833 ms CreateObjectMapping: 0.054000 ms MarkObjects: 4.530292 ms  DeleteObjects: 0.265250 ms)

Curl error 7: Failed to connect to cdp.cloud.unity3d.com port 443 after 2 ms: Error
[BuildLibrary] Starting Android Library build...
UnityEngine.Debug:ExtractStackTraceNoAlloc (byte*,int,string)
UnityEngine.StackTraceUtility:ExtractStackTrace () (at /Users/bokken/build/output/unity/unity/Runtime/Export/Scripting/StackTrace.cs:35)
UnityEngine.DebugLogHandler:Internal_Log (UnityEngine.LogType,UnityEngine.LogOption,string,UnityEngine.Object)
UnityEngine.DebugLogHandler:LogFormat (UnityEngine.LogType,UnityEngine.Object,string,object[])
UnityEngine.Logger:Log (UnityEngine.LogType,object)
UnityEngine.Debug:Log (object)
BuildLibrary:BuildAndroidLibrary () (at Assets/Editor/BuildLibrary.cs:19)

(Filename: Assets/Editor/BuildLibrary.cs Line: 19)

AcceleratorClientConnectionCallback - disconnected - :0
Importing 'GUID: 00000000000000004000000000000000 - Path: ProjectSettings/ProjectSettings.asset' with importer (LibraryAssetImporter)
Imported 'GUID: 00000000000000004000000000000000' -> (Import Result ID: 'd5acb0c39133aa2011fba20486f9e9b5') in 0.001 seconds [static dependencies only]. Details - ImportResultOutputID=276a810dac73e1f29404d5e5f692e214 DependenciesID=0b4b2639f77e7c8a27b847047eb4529a StaticDependenciesID=3e8903407b5d2c040eb772a1e133aa02 
Asset Pipeline Refresh (id=b4fb4b23660ff489dbe47afed48d49c3): Total: 0.011 seconds - Initiated by StopAssetImportingV2(NoUpdateAssetOptions)
DisplayProgressbar: Checking prerequisites
Reporting tool paths:
 JDK: '/Applications/Unity/Hub/Editor/6000.5.1f1/PlaybackEngines/AndroidPlayer/OpenJDK'
 Android SDK: '/Applications/Unity/Hub/Editor/6000.5.1f1/PlaybackEngines/AndroidPlayer/SDK'
 Android NDK: '/Applications/Unity/Hub/Editor/6000.5.1f1/PlaybackEngines/AndroidPlayer/NDK'
 Gradle: '/Applications/Unity/Hub/Editor/6000.5.1f1/PlaybackEngines/AndroidPlayer/Tools/gradle' (Gradle Version: '9.1.0' Android Plugin Version: '9.0.0')
Android PostProcess task "Checking prerequisites" took 27.3905 ms
DisplayProgressbar: Detect Java Development Kit (JDK)
Worker ready: AssetImportWorkerHW0 0
Android PostProcess task "Detect Java Development Kit (JDK)" took 1117.0174 ms
DisplayProgressbar: Detecting Android SDK
AndroidSDKTools:

	root          : /Applications/Unity/Hub/Editor/6000.5.1f1/PlaybackEngines/AndroidPlayer/SDK
	cmdline-tools : /Applications/Unity/Hub/Editor/6000.5.1f1/PlaybackEngines/AndroidPlayer/SDK/cmdline-tools/16.0
	platform-tools: /Applications/Unity/Hub/Editor/6000.5.1f1/PlaybackEngines/AndroidPlayer/SDK/platform-tools
	build-tools   : /Applications/Unity/Hub/Editor/6000.5.1f1/PlaybackEngines/AndroidPlayer/SDK/build-tools/36.0.0

	adb           : /Applications/Unity/Hub/Editor/6000.5.1f1/PlaybackEngines/AndroidPlayer/SDK/platform-tools/adb

Android PostProcess task "Detecting Android SDK" took 7087.786 ms
DisplayProgressbar: Detect Android NDK
Android PostProcess task "Detect Android NDK" took 1.1914 ms
Android PostProcess task "Trying to find a suitable Android device" took 1.1076 ms
DisplayProgressbar: Check resources
Android PostProcess task "Check resources" took 0.489 ms
DisplayProgressbar: Check Android Player Settings
Android PostProcess task "Check Android Player Settings" took 6.4809 ms
info: Microsoft.AspNetCore.Hosting.Diagnostics[1]
      Request starting HTTP/2 POST http://ilpp/UnityILPP.PostProcessing/Ping - application/grpc -
info: Microsoft.AspNetCore.Routing.EndpointMiddleware[0]
      Executing endpoint 'gRPC - /UnityILPP.PostProcessing/Ping'
info: Microsoft.AspNetCore.Routing.EndpointMiddleware[1]
      Executed endpoint 'gRPC - /UnityILPP.PostProcessing/Ping'
info: Microsoft.AspNetCore.Hosting.Diagnostics[2]
      Request finished HTTP/2 POST http://ilpp/UnityILPP.PostProcessing/Ping - 200 - application/grpc 14.3219ms
Starting: /Applications/Unity/Hub/Editor/6000.5.1f1/Unity.app/Contents/Resources/BuildPipeline/bee_backend --ipc --defer-dag-verification --dagfile="Library/Bee/1300b0aESkipCompile.dag" --continue-on-failure --profile="Library/Bee/backend1.traceevents" ScriptAssembliesAndTypeDB
WorkingDir: /Users/ashupathak/Documents/Sagar/MusicPlayer/UnityGame
ExitCode: 4 Duration: 0s23ms
[             ] Require frontend run.  Library/Bee/1300b0aESkipCompile.dag couldn't be loaded
DisplayProgressbar: Compiling Scripts
Starting: /Applications/Unity/Hub/Editor/6000.5.1f1/Unity.app/Contents/Resources/Scripting/netcorerun/netcorerun "/Applications/Unity/Hub/Editor/6000.5.1f1/Unity.app/Contents/Resources/BuildPipeline/ScriptCompilationBuildProgram.exe" "Library/Bee/1300b0aESkipCompile.dag.json" "Library/Bee/1300b0aESkipCompile-inputdata.json" "Library/Bee/buildprogram0.traceevents"
WorkingDir: /Users/ashupathak/Documents/Sagar/MusicPlayer/UnityGame
ExitCode: 0 Duration: 0s407ms
Starting: /Applications/Unity/Hub/Editor/6000.5.1f1/Unity.app/Contents/Resources/BuildPipeline/bee_backend --ipc --defer-dag-verification --dagfile="Library/Bee/1300b0aESkipCompile.dag" --continue-on-failure --dagfilejson="Library/Bee/1300b0aESkipCompile.dag.json" --profile="Library/Bee/backend2.traceevents" ScriptAssembliesAndTypeDB
WorkingDir: /Users/ashupathak/Documents/Sagar/MusicPlayer/UnityGame
ExitCode: 0 Duration: 0s253ms
Finished compiling graph: 4 nodes, 5 flattened edges (5 ToBuild, 0 ToUse), maximum node priority 3
[2/3        0s] BuildPlayerDataGenerator Library/BuildPlayerData/Editor/TypeDb-All.json
*** Tundra build success (0.24 seconds), 1 items updated, 3 evaluated
Total cache size 87498532
Total cache size after purge 87498532, took 00:00:00.0502435
Asset Pipeline Refresh (id=444f3b2315f274592a9e362fcaa86de6): Total: 0.038 seconds - Initiated by RefreshV2(NoUpdateAssetOptions)
[ScriptCompilation] Requested script compilation because: Recompiling scripts for player build.
BuildPlayer: start building target 13
info: Microsoft.AspNetCore.Hosting.Diagnostics[1]
      Request starting HTTP/2 POST http://ilpp/UnityILPP.PostProcessing/Ping - application/grpc -
info: Microsoft.AspNetCore.Routing.EndpointMiddleware[0]
      Executing endpoint 'gRPC - /UnityILPP.PostProcessing/Ping'
info: Microsoft.AspNetCore.Routing.EndpointMiddleware[1]
      Executed endpoint 'gRPC - /UnityILPP.PostProcessing/Ping'
info: Microsoft.AspNetCore.Hosting.Diagnostics[2]
      Request finished HTTP/2 POST http://ilpp/UnityILPP.PostProcessing/Ping - 200 - application/grpc 6.7579ms
Starting: /Applications/Unity/Hub/Editor/6000.5.1f1/Unity.app/Contents/Resources/BuildPipeline/bee_backend --ipc --defer-dag-verification --dagfile="Library/Bee/1300b0aP.dag" --continue-on-failure --profile="Library/Bee/backend1.traceevents" ScriptAssembliesAndTypeDB
WorkingDir: /Users/ashupathak/Documents/Sagar/MusicPlayer/UnityGame
ExitCode: 4 Duration: 0s14ms
[             ] Require frontend run.  Library/Bee/1300b0aP.dag couldn't be loaded
Starting: /Applications/Unity/Hub/Editor/6000.5.1f1/Unity.app/Contents/Resources/Scripting/netcorerun/netcorerun "/Applications/Unity/Hub/Editor/6000.5.1f1/Unity.app/Contents/Resources/BuildPipeline/ScriptCompilationBuildProgram.exe" "Library/Bee/1300b0aP.dag.json" "Library/Bee/1300b0aP-inputdata.json" "Library/Bee/buildprogram0.traceevents"
WorkingDir: /Users/ashupathak/Documents/Sagar/MusicPlayer/UnityGame
ExitCode: 0 Duration: 0s404ms
Starting: /Applications/Unity/Hub/Editor/6000.5.1f1/Unity.app/Contents/Resources/BuildPipeline/bee_backend --ipc --defer-dag-verification --dagfile="Library/Bee/1300b0aP.dag" --continue-on-failure --dagfilejson="Library/Bee/1300b0aP.dag.json" --profile="Library/Bee/backend2.traceevents" ScriptAssembliesAndTypeDB
WorkingDir: /Users/ashupathak/Documents/Sagar/MusicPlayer/UnityGame
ExitCode: 0 Duration: 4s418ms
Finished compiling graph: 127 nodes, 720 flattened edges (676 ToBuild, 10 ToUse), maximum node priority 56
[  1/126    0s] MovedFromExtractor Library/Bee/artifacts/mvdfrm/UnityEngine.SubstanceModule.dll_4A9CC7984630D658.mvfrm
[  2/126    0s] MovedFromExtractor Library/Bee/artifacts/mvdfrm/UnityEngine.AndroidJNIModule.dll_4E26C7B69C6BBF72.mvfrm
[  3/126    0s] MovedFromExtractor Library/Bee/artifacts/mvdfrm/UnityEngine.AnimationModule.dll_B95CC5FEAB56210C.mvfrm
[  4/126    0s] MovedFromExtractor Library/Bee/artifacts/mvdfrm/UnityEngine.AdaptivePerformanceModule.dll_FAE4D361A76FDCF2.mvfrm
[  5/126    0s] MovedFromExtractor Library/Bee/artifacts/mvdfrm/UnityEngine.AIModule.dll_371E9E73C3911FB4.mvfrm
[  6/126    0s] MovedFromExtractor Library/Bee/artifacts/mvdfrm/UnityEngine.ARModule.dll_F091637720AE7E7D.mvfrm
[  7/126    0s] MovedFromExtractor Library/Bee/artifacts/mvdfrm/UnityEngine.AssetBundleModule.dll_312AB476FB9411BA.mvfrm
[  8/126    0s] MovedFromExtractor Library/Bee/artifacts/mvdfrm/UnityEngine.AccessibilityModule.dll_E50D5075B37FABE6.mvfrm
[  9/126    0s] MovedFromExtractor Library/Bee/artifacts/mvdfrm/UnityEngine.CrashReportingModule.dll_DE56BF0EB1748103.mvfrm
[ 10/126    0s] MovedFromExtractor Library/Bee/artifacts/mvdfrm/UnityEngine.AudioModule.dll_0A53D54B95FE5EFE.mvfrm
[ 11/126    0s] WriteText Library/Bee/artifacts/1300b0aP.dag/UnityEngine.UI.rsp2
[ 12/126    0s] MovedFromExtractor Library/Bee/artifacts/mvdfrm/UnityEngine.ClothModule.dll_713C3246701B3DE2.mvfrm
[ 13/126    0s] WriteText Library/Bee/artifacts/1300b0aP.dag/UnityEngine.UI.UnityAdditionalFile.txt
[ 14/126    0s] MovedFromExtractor Library/Bee/artifacts/mvdfrm/UnityEngine.ContentLoadModule.dll_CA410DB7CA16B9A7.mvfrm
[ 15/126    0s] MovedFromExtractor Library/Bee/artifacts/mvdfrm/UnityEngine.DSPGraphModule.dll_22B1C2EA4F5C1289.mvfrm
[ 16/126    0s] MovedFromExtractor Library/Bee/artifacts/mvdfrm/UnityEngine.CoreModule.dll_26922DB1E1D6A88B.mvfrm
[ 17/126    0s] MovedFromExtractor Library/Bee/artifacts/mvdfrm/UnityEngine.GIModule.dll_CF5AE7815F4007CE.mvfrm
[ 18/126    0s] MovedFromExtractor Library/Bee/artifacts/mvdfrm/UnityEngine.DirectorModule.dll_1D606180DCFB4168.mvfrm
[ 19/126    0s] MovedFromExtractor Library/Bee/artifacts/mvdfrm/UnityEngine.GameCenterModule.dll_787411D162ACB063.mvfrm
[ 20/126    0s] MovedFromExtractor Library/Bee/artifacts/mvdfrm/UnityEngine.XRModule.dll_B823262B4ACCF836.mvfrm
[ 21/126    0s] MovedFromExtractor Library/Bee/artifacts/mvdfrm/UnityEngine.GraphicsStateCollectionSerializerModule.dll_5C3DBBC01E139D8E.mvfrm
[ 22/126    0s] MovedFromExtractor Library/Bee/artifacts/mvdfrm/UnityEngine.dll_2481F012632E7B1A.mvfrm
[ 23/126    0s] MovedFromExtractor Library/Bee/artifacts/mvdfrm/UnityEngine.WindModule.dll_9CE108DA730D26F4.mvfrm
[ 24/126    0s] MovedFromExtractor Library/Bee/artifacts/mvdfrm/UnityEngine.VideoModule.dll_2F5D59B658907AA3.mvfrm
[ 25/126    0s] MovedFromExtractor Library/Bee/artifacts/mvdfrm/UnityEngine.VectorGraphicsModule.dll_C8B03E8FB18C82DA.mvfrm
[ 26/126    0s] MovedFromExtractor Library/Bee/artifacts/mvdfrm/UnityEngine.VehiclesModule.dll_95235B0057251103.mvfrm
[ 27/126    0s] MovedFromExtractor Library/Bee/artifacts/mvdfrm/UnityEngine.VFXModule.dll_2865268AEFBA3410.mvfrm
[ 28/126    0s] MovedFromExtractor Library/Bee/artifacts/mvdfrm/UnityEngine.UnityWebRequestModule.dll_0B1AD2CB017A8E58.mvfrm
[ 29/126    0s] MovedFromExtractor Library/Bee/artifacts/mvdfrm/UnityEngine.UnityWebRequestTextureModule.dll_DB6D2FC077FCF8F7.mvfrm
[ 30/126    0s] MovedFromExtractor Library/Bee/artifacts/mvdfrm/UnityEngine.UnityWebRequestWWWModule.dll_6D13DDCD61BC3733.mvfrm
[ 31/126    0s] MovedFromExtractor Library/Bee/artifacts/mvdfrm/UnityEngine.UnityWebRequestAssetBundleModule.dll_401DC1598ABA231E.mvfrm
[ 32/126    0s] MovedFromExtractor Library/Bee/artifacts/mvdfrm/UnityEngine.UnityWebRequestAudioModule.dll_5384BF2342BE52E2.mvfrm
[ 33/126    0s] MovedFromExtractor Library/Bee/artifacts/mvdfrm/UnityEngine.UnityCurlModule.dll_EC7967301B6A12F9.mvfrm
[ 34/126    0s] MovedFromExtractor Library/Bee/artifacts/mvdfrm/UnityEngine.UnityConsentModule.dll_CB8ADBF9B4E73311.mvfrm
[ 35/126    0s] MovedFromExtractor Library/Bee/artifacts/mvdfrm/UnityEngine.UnityAnalyticsCommonModule.dll_76C72888D63C26A8.mvfrm
[ 36/126    0s] MovedFromExtractor Library/Bee/artifacts/mvdfrm/UnityEngine.UnityAnalyticsModule.dll_51087924CBAD5E8D.mvfrm
[ 37/126    0s] MovedFromExtractor Library/Bee/artifacts/mvdfrm/UnityEngine.UmbraModule.dll_8528816423250A71.mvfrm
[ 38/126    0s] MovedFromExtractor Library/Bee/artifacts/mvdfrm/UnityEngine.UnityConnectModule.dll_F9E544CDA7DC9CC1.mvfrm
[ 39/126    0s] MovedFromExtractor Library/Bee/artifacts/mvdfrm/UnityEngine.UIModule.dll_32923CA11FD82560.mvfrm
[ 40/126    0s] MovedFromExtractor Library/Bee/artifacts/mvdfrm/UnityEngine.TilemapModule.dll_EC1F0F4D52A01F86.mvfrm
[ 41/126    0s] MovedFromExtractor Library/Bee/artifacts/mvdfrm/UnityEngine.U2DRuntimeModule.dll_9D2A3B8A22BFA3FD.mvfrm
[ 42/126    0s] MovedFromExtractor Library/Bee/artifacts/mvdfrm/UnityEngine.UIElementsModule.dll_D08C4C2B559069E7.mvfrm
[ 43/126    0s] MovedFromExtractor Library/Bee/artifacts/mvdfrm/UnityEngine.TextRenderingModule.dll_884BF9417E5EB8C7.mvfrm
[ 44/126    0s] MovedFromExtractor Library/Bee/artifacts/mvdfrm/UnityEngine.TextCoreTextEngineModule.dll_A251987171FC7AC7.mvfrm
[ 45/126    0s] MovedFromExtractor Library/Bee/artifacts/mvdfrm/UnityEngine.TextCoreFontEngineModule.dll_5A6961FFE278C1A9.mvfrm
[ 46/126    0s] MovedFromExtractor Library/Bee/artifacts/mvdfrm/UnityEngine.TerrainPhysicsModule.dll_31E3B12E38C9071E.mvfrm
[ 47/126    0s] MovedFromExtractor Library/Bee/artifacts/mvdfrm/UnityEngine.TerrainModule.dll_4D22A7CC3AE33E7D.mvfrm
[ 48/126    0s] MovedFromExtractor Library/Bee/artifacts/mvdfrm/UnityEngine.TLSModule.dll_A7868E1C194CCAA3.mvfrm
[ 49/126    0s] MovedFromExtractor Library/Bee/artifacts/mvdfrm/UnityEngine.SubsystemsModule.dll_CC4DEAC352642DF0.mvfrm
[ 50/126    0s] MovedFromExtractor Library/Bee/artifacts/mvdfrm/Unity.Scripting.dll_9F0ED98447E65921.mvfrm
[ 51/126    0s] MovedFromExtractor Library/Bee/artifacts/mvdfrm/UnityEngine.SpriteMaskModule.dll_61A08461841C45DD.mvfrm
[ 52/126    0s] MovedFromExtractor Library/Bee/artifacts/mvdfrm/UnityEngine.SharedInternalsModule.dll_7D8D09F66DB3EF29.mvfrm
[ 53/126    0s] MovedFromExtractor Library/Bee/artifacts/mvdfrm/UnityEngine.SpriteShapeModule.dll_4A8BE1D1B13649C4.mvfrm
[ 54/126    0s] MovedFromExtractor Library/Bee/artifacts/mvdfrm/UnityEngine.StreamingModule.dll_6DF1B34EFADDD84A.mvfrm
[ 55/126    0s] MovedFromExtractor Library/Bee/artifacts/mvdfrm/UnityEngine.ShaderVariantAnalyticsModule.dll_9C274D7123C93472.mvfrm
[ 56/126    0s] MovedFromExtractor Library/Bee/artifacts/mvdfrm/UnityEngine.ScriptingModule.dll_D07E1EC52ADDCFBF.mvfrm
[ 57/126    0s] MovedFromExtractor Library/Bee/artifacts/mvdfrm/UnityEngine.RuntimeInitializeOnLoadManagerInitializerModule.dll_A9BA00D92E674B6A.mvfrm
[ 58/126    0s] MovedFromExtractor Library/Bee/artifacts/mvdfrm/UnityEngine.ScreenCaptureModule.dll_5F0C8736C72738D2.mvfrm
[ 59/126    0s] MovedFromExtractor Library/Bee/artifacts/mvdfrm/UnityEngine.PropertiesModule.dll_A5AF510FD598149F.mvfrm
[ 60/126    0s] MovedFromExtractor Library/Bee/artifacts/mvdfrm/UnityEngine.RenderAs2DModule.dll_E6E71395B4F25ED6.mvfrm
[ 61/126    0s] MovedFromExtractor Library/Bee/artifacts/mvdfrm/UnityEngine.PhysicsModule.dll_32DC2C5D6524F58F.mvfrm
[ 62/126    0s] MovedFromExtractor Library/Bee/artifacts/mvdfrm/UnityEngine.PhysicsCore2DModule.dll_D2D128211224A0D0.mvfrm
[ 63/126    0s] MovedFromExtractor Library/Bee/artifacts/mvdfrm/UnityEngine.PhysicsBackendPhysXModule.dll_D4F8BAEE8A2C1FB1.mvfrm
[ 64/126    0s] MovedFromExtractor Library/Bee/artifacts/mvdfrm/UnityEngine.Physics2DModule.dll_0602B5EF4C5318A1.mvfrm
[ 65/126    0s] MovedFromExtractor Library/Bee/artifacts/mvdfrm/UnityEngine.ParticleSystemModule.dll_3169085B1F860C91.mvfrm
[ 66/126    0s] MovedFromExtractor Library/Bee/artifacts/mvdfrm/UnityEngine.PerformanceReportingModule.dll_DB886B44BC53884A.mvfrm
[ 67/126    0s] MovedFromExtractor Library/Bee/artifacts/mvdfrm/UnityEngine.MultiplayerModule.dll_B0D2D103B45B9F32.mvfrm
[ 68/126    0s] MovedFromExtractor Library/Bee/artifacts/mvdfrm/UnityEngine.MarshallingModule.dll_D993530BDFBC3F0C.mvfrm
[ 69/126    0s] MovedFromExtractor Library/Bee/artifacts/mvdfrm/UnityEngine.MathematicsModule.dll_563F6250700C08EE.mvfrm
[ 70/126    0s] MovedFromExtractor Library/Bee/artifacts/mvdfrm/UnityEngine.LocalizationModule.dll_CA6F0026F65861D5.mvfrm
[ 71/126    0s] MovedFromExtractor Library/Bee/artifacts/mvdfrm/UnityEngine.JSONSerializeModule.dll_4524D9B1B2BB0C70.mvfrm
[ 72/126    0s] MovedFromExtractor Library/Bee/artifacts/mvdfrm/UnityEngine.InsightsModule.dll_B7272A11677890E7.mvfrm
[ 73/126    0s] MovedFromExtractor Library/Bee/artifacts/mvdfrm/UnityEngine.InputLegacyModule.dll_C26FCF959385C7AB.mvfrm
[ 74/126    0s] MovedFromExtractor Library/Bee/artifacts/mvdfrm/UnityEngine.IdentifiersModule.dll_09B43C6CBE0CDFD2.mvfrm
[ 75/126    0s] WriteText Library/Bee/artifacts/1300b0aP.dag/UnityEngine.UI.dll.mvfrm.rsp
[ 76/126    0s] WriteText Library/Bee/artifacts/1300b0aP.dag/UnityEngine.UI.rsp
[ 77/126    0s] WriteText Library/Bee/artifacts/1300b0aP.dag/Unity.InternalAPIEngineBridge.004.UnityAdditionalFile.txt
[ 78/126    0s] WriteText Library/Bee/artifacts/1300b0aP.dag/Unity.InternalAPIEngineBridge.004.rsp2
[ 79/126    0s] WriteText Library/Bee/artifacts/1300b0aP.dag/Unity.InternalAPIEngineBridge.004.dll.mvfrm.rsp
[ 80/126    0s] WriteText Library/Bee/artifacts/1300b0aP.dag/Unity.InternalAPIEngineBridge.004.rsp
[ 81/126    0s] WriteText Library/Bee/artifacts/1300b0aP.dag/Unity.Multiplayer.Center.Common.UnityAdditionalFile.txt
[ 82/126    0s] WriteText Library/Bee/artifacts/1300b0aP.dag/Unity.Multiplayer.Center.Common.rsp2
[ 83/126    0s] WriteText Library/Bee/artifacts/1300b0aP.dag/Unity.TextMeshPro.UnityAdditionalFile.txt
[ 84/126    0s] WriteText Library/Bee/artifacts/1300b0aP.dag/Unity.TextMeshPro.rsp2
[ 85/126    0s] WriteText Library/Bee/artifacts/1300b0aP.dag/Unity.Multiplayer.Center.Common.dll.mvfrm.rsp
[ 86/126    0s] WriteText Library/Bee/artifacts/1300b0aP.dag/Unity.TextMeshPro.dll.mvfrm.rsp
[ 87/126    0s] WriteText Library/Bee/artifacts/1300b0aP.dag/Unity.Multiplayer.Center.Common.rsp
[ 88/126    0s] WriteText Library/Bee/artifacts/1300b0aP.dag/Unity.TextMeshPro.rsp
[ 89/126    0s] WriteText Library/Bee/artifacts/1300b0aP.dag/Assembly-CSharp.UnityAdditionalFile.txt
[ 90/126    0s] WriteText Library/Bee/artifacts/1300b0aP.dag/Assembly-CSharp.rsp2
[ 91/126    0s] WriteText Library/Bee/artifacts/1300b0aP.dag/Assembly-CSharp.dll.mvfrm.rsp
[ 92/126    0s] WriteText Library/Bee/artifacts/1300b0aP.dag/Assembly-CSharp.rsp
[ 93/126    0s] MovedFromExtractor Library/Bee/artifacts/mvdfrm/UnityEngine.InputModule.dll_70C99CFC0C3683A2.mvfrm
[ 94/126    0s] MovedFromExtractor Library/Bee/artifacts/mvdfrm/UnityEngine.HotReloadModule.dll_3AA5840486893C8E.mvfrm
[ 95/126    0s] MovedFromExtractor Library/Bee/artifacts/mvdfrm/UnityEngine.InputForUIModule.dll_7B266BEAC2CD4D1F.mvfrm
[ 96/126    0s] MovedFromExtractor Library/Bee/artifacts/mvdfrm/UnityEngine.IMGUIModule.dll_42B374B25C2FF2DF.mvfrm
[ 97/126    0s] MovedFromExtractor Library/Bee/artifacts/mvdfrm/UnityEngine.ImageConversionModule.dll_F97BCB20F685F3D9.mvfrm
[ 98/126    0s] MovedFromExtractor Library/Bee/artifacts/mvdfrm/UnityEngine.HierarchyCoreModule.dll_5C27ED50222D04DC.mvfrm
[ 99/126    0s] MovedFromExtractor Library/Bee/artifacts/mvdfrm/UnityEngine.GridModule.dll_0403499FFA2B3E82.mvfrm
[100/126    0s] MovedFromExtractor-Combine Library/Bee/artifacts/1300b0aP.dag/UnityEngine.UI.dll.mvfrm
[           0s] Csc Library/Bee/artifacts/1300b0aP.dag/UnityEngine.UI.dll (+2 others) [CacheMiss 037aae65ba0005460b8f59a477a3b16c00000000000000000000000000000006]
[101/126    0s] Csc Library/Bee/artifacts/1300b0aP.dag/UnityEngine.UI.dll (+2 others)
[           0s] Csc Library/Bee/artifacts/1300b0aP.dag/UnityEngine.UI.dll (+2 others) [CacheWrite 037aae65ba0005460b8f59a477a3b16c00000000000000000000000000000006]
[102/126    0s] CopyFiles Library/Bee/PlayerScriptAssemblies/UnityEngine.UI.pdb
[103/126    0s] CopyFiles Library/Bee/PlayerScriptAssemblies/UnityEngine.UI.dll
[104/126    0s] MovedFromExtractor Library/Bee/artifacts/mvdfrm/UnityEngine.UI.ref.dll_AFC2E85BC2EDBC0B.mvfrm
[105/126    0s] MovedFromExtractor-Combine Library/Bee/artifacts/1300b0aP.dag/Unity.InternalAPIEngineBridge.004.dll.mvfrm
[106/126    0s] MovedFromExtractor-Combine Library/Bee/artifacts/1300b0aP.dag/Unity.Multiplayer.Center.Common.dll.mvfrm
[           0s] Csc Library/Bee/artifacts/1300b0aP.dag/Unity.Multiplayer.Center.Common.dll (+2 others) [CacheMiss af28580754afbf3d17a905dc0c3a9d1900000000000000000000000000000006]
[           0s] Csc Library/Bee/artifacts/1300b0aP.dag/Unity.InternalAPIEngineBridge.004.dll (+2 others) [CacheMiss d8bfffdfd735c07487d12a8cac34c12f00000000000000000000000000000006]
[107/126    0s] Csc Library/Bee/artifacts/1300b0aP.dag/Unity.InternalAPIEngineBridge.004.dll (+2 others)
[108/126    0s] Csc Library/Bee/artifacts/1300b0aP.dag/Unity.Multiplayer.Center.Common.dll (+2 others)
[           0s] Csc Library/Bee/artifacts/1300b0aP.dag/Unity.InternalAPIEngineBridge.004.dll (+2 others) [CacheWrite d8bfffdfd735c07487d12a8cac34c12f00000000000000000000000000000006]
[           0s] Csc Library/Bee/artifacts/1300b0aP.dag/Unity.Multiplayer.Center.Common.dll (+2 others) [CacheWrite af28580754afbf3d17a905dc0c3a9d1900000000000000000000000000000006]
[109/126    0s] CopyFiles Library/Bee/PlayerScriptAssemblies/Unity.Multiplayer.Center.Common.dll
[110/126    0s] CopyFiles Library/Bee/PlayerScriptAssemblies/Unity.InternalAPIEngineBridge.004.pdb
[111/126    0s] CopyFiles Library/Bee/PlayerScriptAssemblies/Unity.Multiplayer.Center.Common.pdb
[112/126    0s] CopyFiles Library/Bee/PlayerScriptAssemblies/Unity.InternalAPIEngineBridge.004.dll
[113/126    0s] MovedFromExtractor Library/Bee/artifacts/mvdfrm/Unity.Multiplayer.Center.Common.ref.dll_A2E97B59907D8CED.mvfrm
[114/126    0s] MovedFromExtractor Library/Bee/artifacts/mvdfrm/Unity.InternalAPIEngineBridge.004.ref.dll_DE559C9CDA613EEB.mvfrm
[115/126    0s] MovedFromExtractor-Combine Library/Bee/artifacts/1300b0aP.dag/Unity.TextMeshPro.dll.mvfrm
[           0s] Csc Library/Bee/artifacts/1300b0aP.dag/Unity.TextMeshPro.dll (+2 others) [CacheMiss acd6fb6073bb6b144d94a10c87cb409d00000000000000000000000000000006]
[116/126    0s] Csc Library/Bee/artifacts/1300b0aP.dag/Unity.TextMeshPro.dll (+2 others)
[           0s] Csc Library/Bee/artifacts/1300b0aP.dag/Unity.TextMeshPro.dll (+2 others) [CacheWrite acd6fb6073bb6b144d94a10c87cb409d00000000000000000000000000000006]
[117/126    0s] CopyFiles Library/Bee/PlayerScriptAssemblies/Unity.TextMeshPro.dll
[118/126    0s] CopyFiles Library/Bee/PlayerScriptAssemblies/Unity.TextMeshPro.pdb
[119/126    0s] MovedFromExtractor Library/Bee/artifacts/mvdfrm/Unity.TextMeshPro.ref.dll_2E746244A5BDAEA0.mvfrm
[120/126    0s] MovedFromExtractor-Combine Library/Bee/artifacts/1300b0aP.dag/Assembly-CSharp.dll.mvfrm
[121/126    0s] Csc Library/Bee/artifacts/1300b0aP.dag/Assembly-CSharp.dll (+2 others)
[122/126    0s] CopyFiles Library/Bee/PlayerScriptAssemblies/Assembly-CSharp.dll
[123/126    0s] CopyFiles Library/Bee/PlayerScriptAssemblies/Assembly-CSharp.pdb
[125/126    0s] BuildPlayerDataGenerator Library/BuildPlayerData/Player/RuntimeInitializeOnLoads.json (+1 other)
*** Tundra build success (4.40 seconds), 124 items updated, 126 evaluated
Total cache size 88847880
Total cache size after purge 88847880, took 00:00:00.0324663


Mono dependencies included in the build
Dependency assembly - System.Numerics.dll
Dependency assembly - System.Security.Cryptography.Algorithms.dll
Dependency assembly - System.ComponentModel.EventBasedAsync.dll
Dependency assembly - System.Runtime.Serialization.Xml.dll
Dependency assembly - System.ServiceModel.Web.dll
Dependency assembly - System.Security.Cryptography.Pkcs.dll
Dependency assembly - System.Threading.Tasks.Extensions.dll
Dependency assembly - System.Reflection.dll
Dependency assembly - System.IO.Hashing.dll
Dependency assembly - System.Web.ApplicationServices.dll
Dependency assembly - System.Xml.XPath.XmlDocument.dll
Dependency assembly - System.Security.Cryptography.Encoding.dll
Dependency assembly - System.ComponentModel.Annotations.dll
Dependency assembly - System.Memory.dll
Dependency assembly - Unity.InternalAPIEngineBridge.004.dll
Dependency assembly - System.Runtime.Caching.dll
Dependency assembly - System.Security.Principal.dll
Dependency assembly - System.Linq.dll
Dependency assembly - System.Net.Mail.dll
Dependency assembly - System.Runtime.InteropServices.RuntimeInformation.dll
Dependency assembly - System.IO.UnmanagedMemoryStream.dll
Dependency assembly - System.Security.SecureString.dll
Dependency assembly - System.ComponentModel.TypeConverter.dll
Dependency assembly - System.IO.Compression.ZipFile.dll
Dependency assembly - System.ServiceModel.Primitives.dll
Dependency assembly - System.Net.dll
Dependency assembly - System.Security.Cryptography.Primitives.dll
Dependency assembly - System.Numerics.Vectors.dll
Dependency assembly - System.Security.Cryptography.Cng.dll
Dependency assembly - System.IO.Pipes.dll
Dependency assembly - System.Diagnostics.FileVersionInfo.dll
Dependency assembly - System.Diagnostics.Tools.dll
Dependency assembly - System.Net.ServicePoint.dll
Dependency assembly - System.Threading.Overlapped.dll
Dependency assembly - Microsoft.Extensions.Logging.Abstractions.dll
Dependency assembly - System.IO.Compression.dll
Dependency assembly - System.ComponentModel.Primitives.dll
Dependency assembly - System.Messaging.dll
Dependency assembly - System.Data.Services.dll
Dependency assembly - System.ServiceModel.Internals.dll
Dependency assembly - System.Diagnostics.TextWriterTraceListener.dll
Dependency assembly - System.Design.dll
Dependency assembly - Assembly-CSharp.dll
Dependency assembly - System.IO.FileSystem.Watcher.dll
Dependency assembly - mscorlib.dll
Dependency assembly - System.IdentityModel.dll
Dependency assembly - System.Web.dll
Dependency assembly - System.Linq.Expressions.dll
Dependency assembly - System.Text.Json.dll
Dependency assembly - System.Net.AuthenticationManager.dll
Dependency assembly - System.Security.Cryptography.RSA.dll
Dependency assembly - System.Threading.Thread.dll
Dependency assembly - System.Xml.Xsl.Primitives.dll
Dependency assembly - System.Net.Cache.dll
Dependency assembly - System.Text.Encoding.dll
Dependency assembly - System.Reflection.Emit.ILGeneration.dll
Dependency assembly - System.Data.DataSetExtensions.dll
Dependency assembly - System.Xaml.dll
Dependency assembly - System.Xml.Linq.dll
Dependency assembly - System.Security.dll
Dependency assembly - I18N.CJK.dll
Dependency assembly - I18N.Rare.dll
Dependency assembly - System.Xml.Serialization.dll
Dependency assembly - System.Reflection.DispatchProxy.dll
Dependency assembly - System.Threading.Tasks.Parallel.dll
Dependency assembly - System.ServiceModel.Routing.dll
Dependency assembly - System.Runtime.Loader.dll
Dependency assembly - System.Reflection.TypeExtensions.dll
Dependency assembly - System.Xml.ReaderWriter.dll
Dependency assembly - System.Diagnostics.TraceSource.dll
Dependency assembly - System.Xml.XmlDocument.dll
Dependency assembly - System.Resources.Writer.dll
Dependency assembly - System.Diagnostics.StackTrace.dll
Dependency assembly - System.Security.Cryptography.DeriveBytes.dll
Dependency assembly - System.Security.Cryptography.OpenSsl.dll
Dependency assembly - System.Xml.XDocument.dll
Dependency assembly - System.Configuration.dll
Dependency assembly - System.Data.Common.dll
Dependency assembly - System.Security.Cryptography.RandomNumberGenerator.dll
Dependency assembly - System.Threading.Timer.dll
Dependency assembly - I18N.West.dll
Dependency assembly - System.Collections.Specialized.dll
Dependency assembly - System.Linq.Queryable.dll
Dependency assembly - System.Threading.dll
Dependency assembly - System.Reflection.Extensions.dll
Dependency assembly - System.DirectoryServices.dll
Dependency assembly - System.ServiceModel.Discovery.dll
Dependency assembly - System.Reflection.Emit.dll
Dependency assembly - System.Diagnostics.Process.dll
Dependency assembly - System.Resources.ReaderWriter.dll
Dependency assembly - Microsoft.Win32.Registry.AccessControl.dll
Dependency assembly - System.Threading.ThreadPool.dll
Dependency assembly - System.ServiceModel.NetTcp.dll
Dependency assembly - System.ServiceProcess.ServiceController.dll
Dependency assembly - System.Security.Principal.Windows.dll
Dependency assembly - Microsoft.Win32.Primitives.dll
Dependency assembly - System.ServiceModel.Http.dll
Dependency assembly - System.Text.Encodings.Web.dll
Dependency assembly - I18N.dll
Dependency assembly - System.Security.Cryptography.X509Certificates.dll
Dependency assembly - System.Web.DynamicData.dll
Dependency assembly - System.Diagnostics.Tracing.dll
Dependency assembly - Microsoft.Win32.Registry.dll
Dependency assembly - System.Text.Encoding.CodePages.dll
Dependency assembly - System.ComponentModel.DataAnnotations.dll
Dependency assembly - System.Security.Cryptography.Hashing.dll
Dependency assembly - System.Web.Extensions.dll
Dependency assembly - System.Runtime.InteropServices.WindowsRuntime.dll
Dependency assembly - System.IO.dll
Dependency assembly - System.Net.Sockets.dll
Dependency assembly - System.Threading.AccessControl.dll
Dependency assembly - System.Net.NetworkInformation.dll
Dependency assembly - System.Diagnostics.Contracts.dll
Dependency assembly - Unity.Multiplayer.Center.Common.dll
Dependency assembly - System.Text.RegularExpressions.dll
Dependency assembly - System.IO.FileSystem.dll
Dependency assembly - System.ObjectModel.dll
Dependency assembly - System.Xml.XPath.XDocument.dll
Dependency assembly - System.Runtime.Serialization.dll
Dependency assembly - System.Net.Requests.dll
Dependency assembly - System.Runtime.dll
Dependency assembly - Mono.Data.Sqlite.dll
Dependency assembly - System.IO.Compression.FileSystem.dll
Dependency assembly - System.Data.SqlClient.dll
Dependency assembly - netstandard.dll
Dependency assembly - System.Globalization.Calendars.dll
Dependency assembly - System.IO.MemoryMappedFiles.dll
Dependency assembly - System.Net.Security.dll
Dependency assembly - System.Collections.Immutable.dll
Dependency assembly - System.Web.RegularExpressions.dll
Dependency assembly - System.Xml.XPath.dll
Dependency assembly - System.Net.Ping.dll
Dependency assembly - UnityEngine.UI.dll
Dependency assembly - System.Threading.Tasks.dll
Dependency assembly - Mono.Security.dll
Dependency assembly - System.ServiceModel.Duplex.dll
Dependency assembly - System.ComponentModel.Composition.dll
Dependency assembly - System.Net.WebSockets.dll
Dependency assembly - I18N.Other.dll
Dependency assembly - System.Runtime.Numerics.dll
Dependency assembly - System.Windows.Forms.DataVisualization.dll
Dependency assembly - Microsoft.Extensions.DependencyInjection.Abstractions.dll
Dependency assembly - System.ServiceModel.Activation.dll
Dependency assembly - System.Reflection.Metadata.dll
Dependency assembly - System.Net.WebHeaderCollection.dll
Dependency assembly - System.Web.Extensions.Design.dll
Dependency assembly - System.Security.Cryptography.Encryption.ECDiffieHellman.dll
Dependency assembly - System.Xml.XmlSerializer.dll
Dependency assembly - Unity.TextMeshPro.dll
Dependency assembly - System.ServiceModel.Security.dll
Dependency assembly - System.Runtime.CompilerServices.Unsafe.dll
Dependency assembly - System.Runtime.Serialization.Formatters.dll
Dependency assembly - System.Globalization.Extensions.dll
Dependency assembly - System.Security.Cryptography.Encryption.Aes.dll
Dependency assembly - System.Net.Primitives.dll
Dependency assembly - System.ValueTuple.dll
Dependency assembly - System.dll
Dependency assembly - System.IO.FileSystem.Primitives.dll
Dependency assembly - System.ServiceModel.dll
Dependency assembly - System.Security.Cryptography.Csp.dll
Dependency assembly - System.Runtime.CompilerServices.VisualC.dll
Dependency assembly - System.Net.NameResolution.dll
Dependency assembly - System.Data.Services.Client.dll
Dependency assembly - System.Globalization.dll
Dependency assembly - System.Net.Http.WebRequest.dll
Dependency assembly - System.Security.Cryptography.Encryption.dll
Dependency assembly - System.Runtime.Remoting.dll
Dependency assembly - System.Security.Claims.dll
Dependency assembly - System.Drawing.dll
Dependency assembly - System.Configuration.Install.dll
Dependency assembly - System.Collections.dll
Dependency assembly - System.Xml.dll
Dependency assembly - System.Diagnostics.Debug.dll
Dependency assembly - System.Net.Http.dll
Dependency assembly - System.Core.dll
Dependency assembly - System.Runtime.DurableInstancing.dll
Dependency assembly - System.Windows.Forms.dll
Dependency assembly - System.Data.Linq.dll
Dependency assembly - System.Runtime.InteropServices.dll
Dependency assembly - System.ComponentModel.dll
Dependency assembly - System.Runtime.Serialization.Json.dll
Dependency assembly - System.Runtime.Extensions.dll
Dependency assembly - Microsoft.Bcl.AsyncInterfaces.dll
Dependency assembly - System.Drawing.Design.dll
Dependency assembly - System.Runtime.Serialization.Formatters.Soap.dll
Dependency assembly - Microsoft.CSharp.dll
Dependency assembly - System.Security.AccessControl.dll
Dependency assembly - System.Linq.Parallel.dll
Dependency assembly - System.Web.Services.dll
Dependency assembly - System.IdentityModel.Selectors.dll
Dependency assembly - System.Security.Cryptography.Hashing.Algorithms.dll
Dependency assembly - System.Net.HttpListener.dll
Dependency assembly - System.Diagnostics.TraceEvent.dll
Dependency assembly - System.IO.FileSystem.DriveInfo.dll
Dependency assembly - System.Net.Utilities.dll
Dependency assembly - System.Diagnostics.DiagnosticSource.dll
Dependency assembly - System.Drawing.Primitives.dll
Dependency assembly - System.AppContext.dll
Dependency assembly - System.Resources.ResourceManager.dll
Dependency assembly - System.IO.FileSystem.AccessControl.dll
Dependency assembly - System.Data.dll
Dependency assembly - System.EnterpriseServices.dll
Dependency assembly - Accessibility.dll
Dependency assembly - System.Collections.NonGeneric.dll
Dependency assembly - System.Reflection.Context.dll
Dependency assembly - System.Runtime.Serialization.Primitives.dll
Dependency assembly - System.Management.dll
Dependency assembly - Mono.Data.Tds.dll
Dependency assembly - System.Reflection.Primitives.dll
Dependency assembly - System.Transactions.dll
Dependency assembly - I18N.MidEast.dll
Dependency assembly - System.Buffers.dll
Dependency assembly - System.Windows.dll
Dependency assembly - System.Resources.Reader.dll
Dependency assembly - System.Security.Cryptography.ProtectedData.dll
Dependency assembly - System.Console.dll
Dependency assembly - System.Text.Encoding.Extensions.dll
Dependency assembly - System.Dynamic.Runtime.dll
Dependency assembly - System.Data.Entity.dll
Dependency assembly - System.Collections.Concurrent.dll
Dependency assembly - System.IO.IsolatedStorage.dll
Dependency assembly - System.Security.Cryptography.Encryption.ECDsa.dll
Dependency assembly - System.DirectoryServices.Protocols.dll
Dependency assembly - System.Runtime.Handles.dll
Dependency assembly - System.ServiceProcess.dll
Dependency assembly - System.Data.OracleClient.dll
Dependency assembly - System.Reflection.Emit.Lightweight.dll
Dependency assembly - System.Json.dll
Dependency assembly - System.Net.WebSockets.Client.dll

DisplayProgressbar: Fetching assembly references
Opening scene 'Assets/Scenes/GameScene.unity'
Unloading 1 Unused Serialized files (Serialized files now loaded: 0)
Loaded scene 'Assets/Scenes/GameScene.unity'
	Deserialize:            16.636 ms
	Integration:            35.279 ms
	Integration of assets:  0.007 ms
	Thread Wait Time:       -0.002 ms
	Total Operation Time:   51.920 ms
Unloading 34 unused Assets / (0.9 MB). Loaded Objects now: 1152.
Memory consumption went from 136.5 MB to 135.5 MB.
Total: 8.156958 ms (FindLiveObjects: 0.451791 ms CreateObjectMapping: 0.027792 ms MarkObjects: 6.310417 ms  DeleteObjects: 1.211333 ms)

Unloading 2 Unused Serialized files (Serialized files now loaded: 0)
Unloading 28 unused Assets / (0.9 MB). Loaded Objects now: 1107.
Memory consumption went from 137.2 MB to 136.2 MB.
Total: 5.893083 ms (FindLiveObjects: 0.051833 ms CreateObjectMapping: 0.028167 ms MarkObjects: 5.453459 ms  DeleteObjects: 0.358541 ms)

Unloading 0 Unused Serialized files (Serialized files now loaded: 0)
Unloading 0 unused Assets / (0 B). Loaded Objects now: 1107.
Memory consumption went from 136.2 MB to 136.2 MB.
Total: 5.081625 ms (FindLiveObjects: 0.043000 ms CreateObjectMapping: 0.026625 ms MarkObjects: 5.006541 ms  DeleteObjects: 0.004959 ms)

Unloading 1 Unused Serialized files (Serialized files now loaded: 0)
Unloading 185 unused Assets / (147.4 MB). Loaded Objects now: 1107.
Memory consumption went from 284.6 MB to 137.2 MB.
Total: 17.533416 ms (FindLiveObjects: 0.038584 ms CreateObjectMapping: 0.035208 ms MarkObjects: 4.997917 ms  DeleteObjects: 12.461459 ms)

Compiling shader "Skybox/Procedural"
  Pass "" (vp)
    Target graphics API: gles3
    Full variant space:         3
    After settings filtering:   3
    After built-in stripping:   9
    After scriptable stripping: 9
    Processed in 0.01 seconds
    Target graphics API: vulkan
    Full variant space:         3
    After settings filtering:   3
    After built-in stripping:   9
    After scriptable stripping: 9
    Processed in 0.00 seconds
Launching external process: /Applications/Unity/Hub/Editor/6000.5.1f1/Unity.app/Contents/Helpers/UnityShaderCompiler
Launched and connected shader compiler UnityShaderCompiler after 0.07 seconds
Launching external process: /Applications/Unity/Hub/Editor/6000.5.1f1/Unity.app/Contents/Helpers/UnityShaderCompiler
Launched and connected shader compiler UnityShaderCompiler after 0.05 seconds
Launching external process: /Applications/Unity/Hub/Editor/6000.5.1f1/Unity.app/Contents/Helpers/UnityShaderCompiler
Launched and connected shader compiler UnityShaderCompiler after 0.05 seconds
Launching external process: /Applications/Unity/Hub/Editor/6000.5.1f1/Unity.app/Contents/Helpers/UnityShaderCompiler
Launched and connected shader compiler UnityShaderCompiler after 0.07 seconds
Launching external process: /Applications/Unity/Hub/Editor/6000.5.1f1/Unity.app/Contents/Helpers/UnityShaderCompiler
Launched and connected shader compiler UnityShaderCompiler after 0.07 seconds
  Pass  (vp, gles3) finished in 0.51 seconds. Local cache hits 0 (0.00s CPU time), remote cache hits 0 (0.00s CPU time), compiled 9 variants (2.20s CPU time), skipped 0 variants.
  Pass  (vp, vulkan) finished in 0.41 seconds. Local cache hits 0 (0.00s CPU time), remote cache hits 0 (0.00s CPU time), compiled 9 variants (1.36s CPU time), skipped 0 variants.
    Prepared data for serialisation in 0.00s
Serialized binary data for shader Skybox/Procedural in 0.00s
    gles3 (total internal programs: 9, unique: 3)
    vulkan (total internal programs: 9, unique: 3)
Compiling shader "Legacy Shaders/VertexLit"
  Pass "" (vp)
    Target graphics API: gles3
    Full variant space:         12
    After settings filtering:   12
    After built-in stripping:   9
    After scriptable stripping: 9
    Processed in 0.00 seconds
    Target graphics API: vulkan
    Full variant space:         12
    After settings filtering:   12
    After built-in stripping:   9
    After scriptable stripping: 9
    Processed in 0.00 seconds
  Pass "" (vp)
    Target graphics API: gles3
    Full variant space:         4
    After settings filtering:   4
    After built-in stripping:   3
    After scriptable stripping: 3
    Processed in 0.00 seconds
    Target graphics API: vulkan
    Full variant space:         4
    After settings filtering:   4
    After built-in stripping:   3
    After scriptable stripping: 3
    Processed in 0.00 seconds
  Pass "ShadowCaster" (vp)
    Target graphics API: gles3
    Full variant space:         4
    After settings filtering:   4
    After built-in stripping:   6
    After scriptable stripping: 6
    Processed in 0.00 seconds
    Target graphics API: vulkan
    Full variant space:         4
    After settings filtering:   4
    After built-in stripping:   6
    After scriptable stripping: 6
    Processed in 0.00 seconds
  Pass  (vp, gles3) finished in 0.74 seconds. Local cache hits 0 (0.00s CPU time), remote cache hits 0 (0.00s CPU time), compiled 9 variants (5.51s CPU time), skipped 0 variants.
  Pass  (vp, vulkan) finished in 0.25 seconds. Local cache hits 0 (0.00s CPU time), remote cache hits 0 (0.00s CPU time), compiled 9 variants (0.79s CPU time), skipped 0 variants.
    Prepared data for serialisation in 0.00s
  Pass  (vp, gles3) finished in 0.07 seconds. Local cache hits 0 (0.00s CPU time), remote cache hits 0 (0.00s CPU time), compiled 3 variants (0.10s CPU time), skipped 0 variants.
  Pass  (vp, vulkan) finished in 0.05 seconds. Local cache hits 0 (0.00s CPU time), remote cache hits 0 (0.00s CPU time), compiled 3 variants (0.09s CPU time), skipped 0 variants.
    Prepared data for serialisation in 0.00s
  Pass ShadowCaster (vp, gles3) finished in 0.06 seconds. Local cache hits 0 (0.00s CPU time), remote cache hits 0 (0.00s CPU time), compiled 6 variants (0.17s CPU time), skipped 0 variants.
  Pass ShadowCaster (vp, vulkan) finished in 0.04 seconds. Local cache hits 0 (0.00s CPU time), remote cache hits 0 (0.00s CPU time), compiled 6 variants (0.16s CPU time), skipped 0 variants.
    Prepared data for serialisation in 0.00s
Serialized binary data for shader Legacy Shaders/VertexLit in 0.00s
    gles3 (total internal programs: 18, unique: 6)
    vulkan (total internal programs: 18, unique: 6)
Compiling shader "Legacy Shaders/Diffuse"
  Pass "FORWARD" (vp)
    Target graphics API: gles3
    Full variant space:         664
    After settings filtering:   664
    After built-in stripping:   24
    After scriptable stripping: 24
    Processed in 0.00 seconds
    Target graphics API: vulkan
    Full variant space:         664
    After settings filtering:   664
    After built-in stripping:   24
    After scriptable stripping: 24
    Processed in 0.00 seconds
  Pass "FORWARD" (vp)
    Target graphics API: gles3
    Full variant space:         20
    After settings filtering:   20
    After built-in stripping:   15
    After scriptable stripping: 15
    Processed in 0.00 seconds
    Target graphics API: vulkan
    Full variant space:         20
    After settings filtering:   20
    After built-in stripping:   15
    After scriptable stripping: 15
    Processed in 0.00 seconds
  Pass "DEFERRED" (vp)
    Target graphics API: gles3
    Full variant space:         76
    After settings filtering:   76
    After built-in stripping:   12
    After scriptable stripping: 12
    Processed in 0.00 seconds
    Target graphics API: vulkan
    Full variant space:         76
    After settings filtering:   76
    After built-in stripping:   12
    After scriptable stripping: 12
    Processed in 0.00 seconds
  Pass FORWARD (vp, gles3) finished in 0.24 seconds. Local cache hits 0 (0.00s CPU time), remote cache hits 0 (0.00s CPU time), compiled 24 variants (1.78s CPU time), skipped 0 variants.
  Pass FORWARD (vp, vulkan) finished in 0.32 seconds. Local cache hits 0 (0.00s CPU time), remote cache hits 0 (0.00s CPU time), compiled 24 variants (2.02s CPU time), skipped 0 variants.
    Prepared data for serialisation in 0.00s
  Pass FORWARD (vp, gles3) finished in 0.19 seconds. Local cache hits 0 (0.00s CPU time), remote cache hits 0 (0.00s CPU time), compiled 15 variants (0.91s CPU time), skipped 0 variants.
  Pass FORWARD (vp, vulkan) finished in 0.16 seconds. Local cache hits 0 (0.00s CPU time), remote cache hits 0 (0.00s CPU time), compiled 15 variants (0.97s CPU time), skipped 0 variants.
    Prepared data for serialisation in 0.00s
  Pass DEFERRED (vp, gles3) finished in 0.17 seconds. Local cache hits 0 (0.00s CPU time), remote cache hits 0 (0.00s CPU time), compiled 12 variants (0.72s CPU time), skipped 0 variants.
  Pass DEFERRED (vp, vulkan) finished in 0.15 seconds. Local cache hits 0 (0.00s CPU time), remote cache hits 0 (0.00s CPU time), compiled 12 variants (0.76s CPU time), skipped 0 variants.
    Prepared data for serialisation in 0.00s
Serialized binary data for shader Legacy Shaders/Diffuse in 0.00s
    gles3 (total internal programs: 51, unique: 17)
    vulkan (total internal programs: 51, unique: 17)
Compiling shader "Hidden/Internal-StencilWrite"
  Pass "" (vp)
    Target graphics API: gles3
    Full variant space:         1
    After settings filtering:   1
    After built-in stripping:   3
    After scriptable stripping: 3
    Processed in 0.00 seconds
    Target graphics API: vulkan
    Full variant space:         1
    After settings filtering:   1
    After built-in stripping:   3
    After scriptable stripping: 3
    Processed in 0.00 seconds
  Pass  (vp, gles3) finished in 0.02 seconds. Local cache hits 0 (0.00s CPU time), remote cache hits 0 (0.00s CPU time), compiled 3 variants (0.06s CPU time), skipped 0 variants.
  Pass  (vp, vulkan) finished in 0.03 seconds. Local cache hits 0 (0.00s CPU time), remote cache hits 0 (0.00s CPU time), compiled 3 variants (0.06s CPU time), skipped 0 variants.
    Prepared data for serialisation in 0.00s
Serialized binary data for shader Hidden/Internal-StencilWrite in 0.00s
    gles3 (total internal programs: 3, unique: 1)
    vulkan (total internal programs: 3, unique: 1)
Compiling shader "Hidden/Internal-DepthNormalsTexture"
  Pass "" (vp)
    Target graphics API: gles3
    Full variant space:         1
    After settings filtering:   1
    After built-in stripping:   3
    After scriptable stripping: 3
    Processed in 0.00 seconds
    Target graphics API: vulkan
    Full variant space:         1
    After settings filtering:   1
    After built-in stripping:   3
    After scriptable stripping: 3
    Processed in 0.00 seconds
  Pass "" (vp)
    Target graphics API: gles3
    Full variant space:         1
    After settings filtering:   1
    After built-in stripping:   3
    After scriptable stripping: 3
    Processed in 0.00 seconds
    Target graphics API: vulkan
    Full variant space:         1
    After settings filtering:   1
    After built-in stripping:   3
    After scriptable stripping: 3
    Processed in 0.00 seconds
  Pass "" (vp)
    Target graphics API: gles3
    Full variant space:         1
    After settings filtering:   1
    After built-in stripping:   3
    After scriptable stripping: 3
    Processed in 0.00 seconds
    Target graphics API: vulkan
    Full variant space:         1
    After settings filtering:   1
    After built-in stripping:   3
    After scriptable stripping: 3
    Processed in 0.00 seconds
  Pass "" (vp)
    Target graphics API: gles3
    Full variant space:         1
    After settings filtering:   1
    After built-in stripping:   3
    After scriptable stripping: 3
    Processed in 0.00 seconds
    Target graphics API: vulkan
    Full variant space:         1
    After settings filtering:   1
    After built-in stripping:   3
    After scriptable stripping: 3
    Processed in 0.00 seconds
  Pass "" (vp)
    Target graphics API: gles3
    Full variant space:         1
    After settings filtering:   1
    After built-in stripping:   3
    After scriptable stripping: 3
    Processed in 0.00 seconds
    Target graphics API: vulkan
    Full variant space:         1
    After settings filtering:   1
    After built-in stripping:   3
    After scriptable stripping: 3
    Processed in 0.00 seconds
  Pass "" (vp)
    Target graphics API: gles3
    Full variant space:         1
    After settings filtering:   1
    After built-in stripping:   3
    After scriptable stripping: 3
    Processed in 0.00 seconds
    Target graphics API: vulkan
    Full variant space:         1
    After settings filtering:   1
    After built-in stripping:   3
    After scriptable stripping: 3
    Processed in 0.00 seconds
  Pass "" (vp)
    Target graphics API: gles3
    Full variant space:         1
    After settings filtering:   1
    After built-in stripping:   3
    After scriptable stripping: 3
    Processed in 0.00 seconds
    Target graphics API: vulkan
    Full variant space:         1
    After settings filtering:   1
    After built-in stripping:   3
    After scriptable stripping: 3
    Processed in 0.00 seconds
  Pass "" (vp)
    Target graphics API: gles3
    Full variant space:         1
    After settings filtering:   1
    After built-in stripping:   3
    After scriptable stripping: 3
    Processed in 0.00 seconds
    Target graphics API: vulkan
    Full variant space:         1
    After settings filtering:   1
    After built-in stripping:   3
    After scriptable stripping: 3
    Processed in 0.00 seconds
  Pass "" (vp)
    Target graphics API: gles3
    Full variant space:         1
    After settings filtering:   1
    After built-in stripping:   3
    After scriptable stripping: 3
    Processed in 0.00 seconds
    Target graphics API: vulkan
    Full variant space:         1
    After settings filtering:   1
    After built-in stripping:   3
    After scriptable stripping: 3
    Processed in 0.00 seconds
  Pass "" (vp)
    Target graphics API: gles3
    Full variant space:         1
    After settings filtering:   1
    After built-in stripping:   3
    After scriptable stripping: 3
    Processed in 0.00 seconds
    Target graphics API: vulkan
    Full variant space:         1
    After settings filtering:   1
    After built-in stripping:   3
    After scriptable stripping: 3
    Processed in 0.00 seconds
  Pass  (vp, gles3) finished in 0.04 seconds. Local cache hits 0 (0.00s CPU time), remote cache hits 0 (0.00s CPU time), compiled 3 variants (0.10s CPU time), skipped 0 variants.
  Pass  (vp, vulkan) finished in 0.05 seconds. Local cache hits 0 (0.00s CPU time), remote cache hits 0 (0.00s CPU time), compiled 3 variants (0.12s CPU time), skipped 0 variants.
    Prepared data for serialisation in 0.00s
  Pass  (vp, gles3) finished in 0.07 seconds. Local cache hits 0 (0.00s CPU time), remote cache hits 0 (0.00s CPU time), compiled 3 variants (0.11s CPU time), skipped 0 variants.
  Pass  (vp, vulkan) finished in 0.06 seconds. Local cache hits 0 (0.00s CPU time), remote cache hits 0 (0.00s CPU time), compiled 3 variants (0.14s CPU time), skipped 0 variants.
    Prepared data for serialisation in 0.00s
  Pass  (vp, gles3) finished in 0.11 seconds. Local cache hits 0 (0.00s CPU time), remote cache hits 0 (0.00s CPU time), compiled 3 variants (0.22s CPU time), skipped 0 variants.
  Pass  (vp, vulkan) finished in 0.10 seconds. Local cache hits 0 (0.00s CPU time), remote cache hits 0 (0.00s CPU time), compiled 3 variants (0.24s CPU time), skipped 0 variants.
    Prepared data for serialisation in 0.00s
  Pass  (vp, gles3) finished in 0.13 seconds. Local cache hits 0 (0.00s CPU time), remote cache hits 0 (0.00s CPU time), compiled 3 variants (0.30s CPU time), skipped 0 variants.
  Pass  (vp, vulkan) finished in 0.12 seconds. Local cache hits 0 (0.00s CPU time), remote cache hits 0 (0.00s CPU time), compiled 3 variants (0.31s CPU time), skipped 0 variants.
    Prepared data for serialisation in 0.00s
  Pass  (vp, gles3) finished in 0.09 seconds. Local cache hits 0 (0.00s CPU time), remote cache hits 0 (0.00s CPU time), compiled 3 variants (0.13s CPU time), skipped 0 variants.
  Pass  (vp, vulkan) finished in 0.05 seconds. Local cache hits 0 (0.00s CPU time), remote cache hits 0 (0.00s CPU time), compiled 3 variants (0.14s CPU time), skipped 0 variants.
    Prepared data for serialisation in 0.00s
  Pass  (vp, gles3) finished in 0.08 seconds. Local cache hits 0 (0.00s CPU time), remote cache hits 0 (0.00s CPU time), compiled 3 variants (0.16s CPU time), skipped 0 variants.
  Pass  (vp, vulkan) finished in 0.08 seconds. Local cache hits 0 (0.00s CPU time), remote cache hits 0 (0.00s CPU time), compiled 3 variants (0.16s CPU time), skipped 0 variants.
    Prepared data for serialisation in 0.00s
  Pass  (vp, gles3) finished in 0.08 seconds. Local cache hits 0 (0.00s CPU time), remote cache hits 0 (0.00s CPU time), compiled 3 variants (0.15s CPU time), skipped 0 variants.
  Pass  (vp, vulkan) finished in 0.07 seconds. Local cache hits 0 (0.00s CPU time), remote cache hits 0 (0.00s CPU time), compiled 3 variants (0.14s CPU time), skipped 0 variants.
    Prepared data for serialisation in 0.00s
  Pass  (vp, gles3) finished in 0.07 seconds. Local cache hits 0 (0.00s CPU time), remote cache hits 0 (0.00s CPU time), compiled 3 variants (0.13s CPU time), skipped 0 variants.
  Pass  (vp, vulkan) finished in 0.06 seconds. Local cache hits 0 (0.00s CPU time), remote cache hits 0 (0.00s CPU time), compiled 3 variants (0.14s CPU time), skipped 0 variants.
    Prepared data for serialisation in 0.00s
  Pass  (vp, gles3) finished in 0.10 seconds. Local cache hits 0 (0.00s CPU time), remote cache hits 0 (0.00s CPU time), compiled 3 variants (0.21s CPU time), skipped 0 variants.
  Pass  (vp, vulkan) finished in 0.09 seconds. Local cache hits 0 (0.00s CPU time), remote cache hits 0 (0.00s CPU time), compiled 3 variants (0.22s CPU time), skipped 0 variants.
    Prepared data for serialisation in 0.00s
  Pass  (vp, gles3) finished in 0.10 seconds. Local cache hits 0 (0.00s CPU time), remote cache hits 0 (0.00s CPU time), compiled 3 variants (0.22s CPU time), skipped 0 variants.
  Pass  (vp, vulkan) finished in 0.07 seconds. Local cache hits 0 (0.00s CPU time), remote cache hits 0 (0.00s CPU time), compiled 3 variants (0.19s CPU time), skipped 0 variants.
    Prepared data for serialisation in 0.00s
Serialized binary data for shader Hidden/Internal-DepthNormalsTexture in 0.00s
    gles3 (total internal programs: 30, unique: 10)
    vulkan (total internal programs: 30, unique: 10)
Compiling shader "Hidden/Internal-ScreenSpaceShadows"
  Pass "" (vp)
    Target graphics API: gles3
    Full variant space:         4
    After settings filtering:   4
    After built-in stripping:   12
    After scriptable stripping: 12
    Processed in 0.00 seconds
    Target graphics API: vulkan
    Full variant space:         4
    After settings filtering:   4
    After built-in stripping:   12
    After scriptable stripping: 12
    Processed in 0.00 seconds
  Pass "" (vp)
    Target graphics API: gles3
    Full variant space:         4
    After settings filtering:   4
    After built-in stripping:   12
    After scriptable stripping: 12
    Processed in 0.00 seconds
    Target graphics API: vulkan
    Full variant space:         4
    After settings filtering:   4
    After built-in stripping:   12
    After scriptable stripping: 12
    Processed in 0.00 seconds
  Pass "" (vp)
    Target graphics API: gles3
    Full variant space:         4
    After settings filtering:   4
    After built-in stripping:   12
    After scriptable stripping: 12
    Processed in 0.00 seconds
    Target graphics API: vulkan
    Full variant space:         4
    After settings filtering:   4
    After built-in stripping:   12
    After scriptable stripping: 12
    Processed in 0.00 seconds
  Pass "" (vp)
    Target graphics API: gles3
    Full variant space:         4
    After settings filtering:   4
    After built-in stripping:   12
    After scriptable stripping: 12
    Processed in 0.00 seconds
    Target graphics API: vulkan
    Full variant space:         4
    After settings filtering:   4
    After built-in stripping:   12
    After scriptable stripping: 12
    Processed in 0.00 seconds
  Pass  (vp, gles3) finished in 0.15 seconds. Local cache hits 0 (0.00s CPU time), remote cache hits 0 (0.00s CPU time), compiled 12 variants (0.95s CPU time), skipped 0 variants.
  Pass  (vp, vulkan) finished in 0.20 seconds. Local cache hits 0 (0.00s CPU time), remote cache hits 0 (0.00s CPU time), compiled 12 variants (0.99s CPU time), skipped 0 variants.
    Prepared data for serialisation in 0.00s
  Pass  (vp, gles3) finished in 0.18 seconds. Local cache hits 0 (0.00s CPU time), remote cache hits 0 (0.00s CPU time), compiled 12 variants (0.99s CPU time), skipped 0 variants.
  Pass  (vp, vulkan) finished in 0.18 seconds. Local cache hits 0 (0.00s CPU time), remote cache hits 0 (0.00s CPU time), compiled 12 variants (1.06s CPU time), skipped 0 variants.
    Prepared data for serialisation in 0.00s
  Pass  (vp, gles3) finished in 0.24 seconds. Local cache hits 0 (0.00s CPU time), remote cache hits 0 (0.00s CPU time), compiled 12 variants (1.29s CPU time), skipped 0 variants.
  Pass  (vp, vulkan) finished in 0.28 seconds. Local cache hits 0 (0.00s CPU time), remote cache hits 0 (0.00s CPU time), compiled 12 variants (1.43s CPU time), skipped 0 variants.
    Prepared data for serialisation in 0.00s
  Pass  (vp, gles3) finished in 0.26 seconds. Local cache hits 0 (0.00s CPU time), remote cache hits 0 (0.00s CPU time), compiled 12 variants (1.30s CPU time), skipped 0 variants.
  Pass  (vp, vulkan) finished in 0.23 seconds. Local cache hits 0 (0.00s CPU time), remote cache hits 0 (0.00s CPU time), compiled 12 variants (1.28s CPU time), skipped 0 variants.
    Prepared data for serialisation in 0.00s
Serialized binary data for shader Hidden/Internal-ScreenSpaceShadows in 0.00s
    gles3 (total internal programs: 48, unique: 16)
    vulkan (total internal programs: 48, unique: 16)
Compiling shader "Hidden/Internal-CombineDepthNormals"
  Pass "" (vp)
    Target graphics API: gles3
    Full variant space:         1
    After settings filtering:   1
    After built-in stripping:   3
    After scriptable stripping: 3
    Processed in 0.00 seconds
    Target graphics API: vulkan
    Full variant space:         1
    After settings filtering:   1
    After built-in stripping:   3
    After scriptable stripping: 3
    Processed in 0.00 seconds
  Pass  (vp, gles3) finished in 0.03 seconds. Local cache hits 0 (0.00s CPU time), remote cache hits 0 (0.00s CPU time), compiled 3 variants (0.09s CPU time), skipped 0 variants.
  Pass  (vp, vulkan) finished in 0.05 seconds. Local cache hits 0 (0.00s CPU time), remote cache hits 0 (0.00s CPU time), compiled 3 variants (0.12s CPU time), skipped 0 variants.
    Prepared data for serialisation in 0.00s
Serialized binary data for shader Hidden/Internal-CombineDepthNormals in 0.00s
    gles3 (total internal programs: 3, unique: 1)
    vulkan (total internal programs: 3, unique: 1)
Compiling shader "Hidden/BlitCopy"
  Pass "" (vp)
    Target graphics API: gles3
    Full variant space:         1
    After settings filtering:   1
    After built-in stripping:   3
    After scriptable stripping: 3
    Processed in 0.00 seconds
    Target graphics API: vulkan
    Full variant space:         1
    After settings filtering:   1
    After built-in stripping:   3
    After scriptable stripping: 3
    Processed in 0.00 seconds
  Pass  (vp, gles3) finished in 0.03 seconds. Local cache hits 0 (0.00s CPU time), remote cache hits 0 (0.00s CPU time), compiled 3 variants (0.08s CPU time), skipped 0 variants.
  Pass  (vp, vulkan) finished in 0.03 seconds. Local cache hits 0 (0.00s CPU time), remote cache hits 0 (0.00s CPU time), compiled 3 variants (0.08s CPU time), skipped 0 variants.
    Prepared data for serialisation in 0.00s
Serialized binary data for shader Hidden/BlitCopy in 0.00s
    gles3 (total internal programs: 3, unique: 1)
    vulkan (total internal programs: 3, unique: 1)
Compiling shader "Hidden/BlitCopyDepth"
  Pass "" (vp)
    Target graphics API: gles3
    Full variant space:         1
    After settings filtering:   1
    After built-in stripping:   3
    After scriptable stripping: 3
    Processed in 0.00 seconds
    Target graphics API: vulkan
    Full variant space:         1
    After settings filtering:   1
    After built-in stripping:   3
    After scriptable stripping: 3
    Processed in 0.00 seconds
  Pass  (vp, gles3) finished in 0.02 seconds. Local cache hits 0 (0.00s CPU time), remote cache hits 0 (0.00s CPU time), compiled 3 variants (0.07s CPU time), skipped 0 variants.
  Pass  (vp, vulkan) finished in 0.02 seconds. Local cache hits 0 (0.00s CPU time), remote cache hits 0 (0.00s CPU time), compiled 3 variants (0.07s CPU time), skipped 0 variants.
    Prepared data for serialisation in 0.00s
Serialized binary data for shader Hidden/BlitCopyDepth in 0.00s
    gles3 (total internal programs: 3, unique: 1)
    vulkan (total internal programs: 3, unique: 1)
Compiling shader "Hidden/ConvertTexture"
  Pass "" (vp)
    Target graphics API: gles3
    Full variant space:         1
    After settings filtering:   1
    After built-in stripping:   3
    After scriptable stripping: 3
    Processed in 0.00 seconds
    Target graphics API: vulkan
    Full variant space:         1
    After settings filtering:   1
    After built-in stripping:   3
    After scriptable stripping: 3
    Processed in 0.00 seconds
  Pass  (vp, gles3) finished in 0.03 seconds. Local cache hits 0 (0.00s CPU time), remote cache hits 0 (0.00s CPU time), compiled 3 variants (0.09s CPU time), skipped 0 variants.
  Pass  (vp, vulkan) finished in 0.03 seconds. Local cache hits 0 (0.00s CPU time), remote cache hits 0 (0.00s CPU time), compiled 3 variants (0.09s CPU time), skipped 0 variants.
    Prepared data for serialisation in 0.00s
Serialized binary data for shader Hidden/ConvertTexture in 0.00s
    gles3 (total internal programs: 3, unique: 1)
    vulkan (total internal programs: 3, unique: 1)
Compiling shader "Hidden/Internal-DeferredShading"
  Pass "" (vp)
    Target graphics API: gles3
    Full variant space:         94
    After settings filtering:   94
    After built-in stripping:   78
    After scriptable stripping: 78
    Processed in 0.00 seconds
    Target graphics API: vulkan
    Full variant space:         94
    After settings filtering:   94
    After built-in stripping:   78
    After scriptable stripping: 78
    Processed in 0.00 seconds
  Pass "" (vp)
    Target graphics API: gles3
    Full variant space:         1
    After settings filtering:   1
    After built-in stripping:   3
    After scriptable stripping: 3
    Processed in 0.00 seconds
    Target graphics API: vulkan
    Full variant space:         1
    After settings filtering:   1
    After built-in stripping:   3
    After scriptable stripping: 3
    Processed in 0.00 seconds
  Pass  (vp, gles3) finished in 0.89 seconds. Local cache hits 0 (0.00s CPU time), remote cache hits 0 (0.00s CPU time), compiled 78 variants (6.82s CPU time), skipped 0 variants.
  Pass  (vp, vulkan) finished in 0.99 seconds. Local cache hits 0 (0.00s CPU time), remote cache hits 0 (0.00s CPU time), compiled 78 variants (7.26s CPU time), skipped 0 variants.
    Prepared data for serialisation in 0.00s
  Pass  (vp, gles3) finished in 0.07 seconds. Local cache hits 0 (0.00s CPU time), remote cache hits 0 (0.00s CPU time), compiled 3 variants (0.07s CPU time), skipped 0 variants.
  Pass  (vp, vulkan) finished in 0.04 seconds. Local cache hits 0 (0.00s CPU time), remote cache hits 0 (0.00s CPU time), compiled 3 variants (0.08s CPU time), skipped 0 variants.
    Prepared data for serialisation in 0.00s
Serialized binary data for shader Hidden/Internal-DeferredShading in 0.00s
    gles3 (total internal programs: 81, unique: 53)
    vulkan (total internal programs: 81, unique: 53)
Compiling shader "Hidden/Internal-DeferredReflections"
  Pass "" (vp)
    Target graphics API: gles3
    Full variant space:         1
    After settings filtering:   1
    After built-in stripping:   3
    After scriptable stripping: 3
    Processed in 0.00 seconds
    Target graphics API: vulkan
    Full variant space:         1
    After settings filtering:   1
    After built-in stripping:   3
    After scriptable stripping: 3
    Processed in 0.00 seconds
  Pass "" (vp)
    Target graphics API: gles3
    Full variant space:         2
    After settings filtering:   2
    After built-in stripping:   6
    After scriptable stripping: 6
    Processed in 0.00 seconds
    Target graphics API: vulkan
    Full variant space:         2
    After settings filtering:   2
    After built-in stripping:   6
    After scriptable stripping: 6
    Processed in 0.00 seconds
  Pass  (vp, gles3) finished in 0.09 seconds. Local cache hits 0 (0.00s CPU time), remote cache hits 0 (0.00s CPU time), compiled 3 variants (0.22s CPU time), skipped 0 variants.
  Pass  (vp, vulkan) finished in 0.09 seconds. Local cache hits 0 (0.00s CPU time), remote cache hits 0 (0.00s CPU time), compiled 3 variants (0.23s CPU time), skipped 0 variants.
    Prepared data for serialisation in 0.00s
  Pass  (vp, gles3) finished in 0.11 seconds. Local cache hits 0 (0.00s CPU time), remote cache hits 0 (0.00s CPU time), compiled 6 variants (0.18s CPU time), skipped 0 variants.
  Pass  (vp, vulkan) finished in 0.04 seconds. Local cache hits 0 (0.00s CPU time), remote cache hits 0 (0.00s CPU time), compiled 6 variants (0.14s CPU time), skipped 0 variants.
    Prepared data for serialisation in 0.00s
Serialized binary data for shader Hidden/Internal-DeferredReflections in 0.00s
    gles3 (total internal programs: 9, unique: 4)
    vulkan (total internal programs: 9, unique: 4)
Compiling shader "Hidden/Internal-MotionVectors"
  Pass "" (vp)
    Target graphics API: gles3
    Full variant space:         1
    After settings filtering:   1
    After built-in stripping:   3
    After scriptable stripping: 3
    Processed in 0.00 seconds
    Target graphics API: vulkan
    Full variant space:         1
    After settings filtering:   1
    After built-in stripping:   3
    After scriptable stripping: 3
    Processed in 0.00 seconds
  Pass "" (vp)
    Target graphics API: gles3
    Full variant space:         1
    After settings filtering:   1
    After built-in stripping:   3
    After scriptable stripping: 3
    Processed in 0.00 seconds
    Target graphics API: vulkan
    Full variant space:         1
    After settings filtering:   1
    After built-in stripping:   3
    After scriptable stripping: 3
    Processed in 0.00 seconds
  Pass "" (vp)
    Target graphics API: gles3
    Full variant space:         1
    After settings filtering:   1
    After built-in stripping:   3
    After scriptable stripping: 3
    Processed in 0.00 seconds
    Target graphics API: vulkan
    Full variant space:         1
    After settings filtering:   1
    After built-in stripping:   3
    After scriptable stripping: 3
    Processed in 0.00 seconds
  Pass  (vp, gles3) finished in 0.07 seconds. Local cache hits 0 (0.00s CPU time), remote cache hits 0 (0.00s CPU time), compiled 3 variants (0.14s CPU time), skipped 0 variants.
  Pass  (vp, vulkan) finished in 0.07 seconds. Local cache hits 0 (0.00s CPU time), remote cache hits 0 (0.00s CPU time), compiled 3 variants (0.15s CPU time), skipped 0 variants.
    Prepared data for serialisation in 0.00s
  Pass  (vp, gles3) finished in 0.08 seconds. Local cache hits 0 (0.00s CPU time), remote cache hits 0 (0.00s CPU time), compiled 3 variants (0.16s CPU time), skipped 0 variants.
  Pass  (vp, vulkan) finished in 0.07 seconds. Local cache hits 0 (0.00s CPU time), remote cache hits 0 (0.00s CPU time), compiled 3 variants (0.15s CPU time), skipped 0 variants.
    Prepared data for serialisation in 0.00s
  Pass  (vp, gles3) finished in 0.06 seconds. Local cache hits 0 (0.00s CPU time), remote cache hits 0 (0.00s CPU time), compiled 3 variants (0.14s CPU time), skipped 0 variants.
  Pass  (vp, vulkan) finished in 0.05 seconds. Local cache hits 0 (0.00s CPU time), remote cache hits 0 (0.00s CPU time), compiled 3 variants (0.11s CPU time), skipped 0 variants.
    Prepared data for serialisation in 0.00s
Serialized binary data for shader Hidden/Internal-MotionVectors in 0.00s
    gles3 (total internal programs: 9, unique: 3)
    vulkan (total internal programs: 9, unique: 3)
Compiling shader "Hidden/Internal-Flare"
  Pass "" (vp)
    Target graphics API: gles3
    Full variant space:         1
    After settings filtering:   1
    After built-in stripping:   3
    After scriptable stripping: 3
    Processed in 0.00 seconds
    Target graphics API: vulkan
    Full variant space:         1
    After settings filtering:   1
    After built-in stripping:   3
    After scriptable stripping: 3
    Processed in 0.00 seconds
  Pass  (vp, gles3) finished in 0.02 seconds. Local cache hits 0 (0.00s CPU time), remote cache hits 0 (0.00s CPU time), compiled 3 variants (0.06s CPU time), skipped 0 variants.
  Pass  (vp, vulkan) finished in 0.03 seconds. Local cache hits 0 (0.00s CPU time), remote cache hits 0 (0.00s CPU time), compiled 3 variants (0.06s CPU time), skipped 0 variants.
    Prepared data for serialisation in 0.00s
Serialized binary data for shader Hidden/Internal-Flare in 0.00s
    gles3 (total internal programs: 3, unique: 1)
    vulkan (total internal programs: 3, unique: 1)
Compiling shader "Hidden/Internal-Halo"
  Pass "" (vp)
    Target graphics API: gles3
    Full variant space:         4
    After settings filtering:   4
    After built-in stripping:   3
    After scriptable stripping: 3
    Processed in 0.00 seconds
    Target graphics API: vulkan
    Full variant space:         4
    After settings filtering:   4
    After built-in stripping:   3
    After scriptable stripping: 3
    Processed in 0.00 seconds
  Pass  (vp, gles3) finished in 0.03 seconds. Local cache hits 0 (0.00s CPU time), remote cache hits 0 (0.00s CPU time), compiled 3 variants (0.07s CPU time), skipped 0 variants.
  Pass  (vp, vulkan) finished in 0.03 seconds. Local cache hits 0 (0.00s CPU time), remote cache hits 0 (0.00s CPU time), compiled 3 variants (0.06s CPU time), skipped 0 variants.
    Prepared data for serialisation in 0.00s
Serialized binary data for shader Hidden/Internal-Halo in 0.00s
    gles3 (total internal programs: 3, unique: 1)
    vulkan (total internal programs: 3, unique: 1)
Compiling shader "Hidden/BlitCopyWithDepth"
  Pass "" (vp)
    Target graphics API: gles3
    Full variant space:         1
    After settings filtering:   1
    After built-in stripping:   3
    After scriptable stripping: 3
    Processed in 0.00 seconds
    Target graphics API: vulkan
    Full variant space:         1
    After settings filtering:   1
    After built-in stripping:   3
    After scriptable stripping: 3
    Processed in 0.00 seconds
  Pass  (vp, gles3) finished in 0.03 seconds. Local cache hits 0 (0.00s CPU time), remote cache hits 0 (0.00s CPU time), compiled 3 variants (0.06s CPU time), skipped 0 variants.
  Pass  (vp, vulkan) finished in 0.03 seconds. Local cache hits 0 (0.00s CPU time), remote cache hits 0 (0.00s CPU time), compiled 3 variants (0.08s CPU time), skipped 0 variants.
    Prepared data for serialisation in 0.00s
Serialized binary data for shader Hidden/BlitCopyWithDepth in 0.00s
    gles3 (total internal programs: 3, unique: 1)
    vulkan (total internal programs: 3, unique: 1)
Compiling shader "Hidden/BlitToDepth"
  Pass "" (vp)
    Target graphics API: gles3
    Full variant space:         1
    After settings filtering:   1
    After built-in stripping:   3
    After scriptable stripping: 3
    Processed in 0.00 seconds
    Target graphics API: vulkan
    Full variant space:         1
    After settings filtering:   1
    After built-in stripping:   3
    After scriptable stripping: 3
    Processed in 0.00 seconds
  Pass  (vp, gles3) finished in 0.02 seconds. Local cache hits 0 (0.00s CPU time), remote cache hits 0 (0.00s CPU time), compiled 3 variants (0.06s CPU time), skipped 0 variants.
  Pass  (vp, vulkan) finished in 0.02 seconds. Local cache hits 0 (0.00s CPU time), remote cache hits 0 (0.00s CPU time), compiled 3 variants (0.06s CPU time), skipped 0 variants.
    Prepared data for serialisation in 0.00s
Serialized binary data for shader Hidden/BlitToDepth in 0.00s
    gles3 (total internal programs: 3, unique: 1)
    vulkan (total internal programs: 3, unique: 1)
Compiling shader "Hidden/BlitToDepth_MSAA"
  Pass "" (vp)
    Target graphics API: gles3
    Full variant space:         1
    After settings filtering:   1
    After built-in stripping:   3
    After scriptable stripping: 3
    Processed in 0.00 seconds
    Target graphics API: vulkan
    Full variant space:         1
    After settings filtering:   1
    After built-in stripping:   3
    After scriptable stripping: 3
    Processed in 0.00 seconds
  Pass  (vp, gles3) finished in 0.02 seconds. Local cache hits 0 (0.00s CPU time), remote cache hits 0 (0.00s CPU time), compiled 3 variants (0.06s CPU time), skipped 0 variants.
  Pass  (vp, vulkan) finished in 0.03 seconds. Local cache hits 0 (0.00s CPU time), remote cache hits 0 (0.00s CPU time), compiled 3 variants (0.06s CPU time), skipped 0 variants.
    Prepared data for serialisation in 0.00s
Serialized binary data for shader Hidden/BlitToDepth_MSAA in 0.00s
    gles3 (total internal programs: 3, unique: 1)
    vulkan (total internal programs: 3, unique: 1)
Compiling shader "Hidden/BlitCopyHDRTonemap"
  Pass "" (vp)
    Target graphics API: gles3
    Full variant space:         1
    After settings filtering:   1
    After built-in stripping:   3
    After scriptable stripping: 3
    Processed in 0.00 seconds
    Target graphics API: vulkan
    Full variant space:         1
    After settings filtering:   1
    After built-in stripping:   3
    After scriptable stripping: 3
    Processed in 0.00 seconds
  Pass  (vp, gles3) finished in 0.04 seconds. Local cache hits 0 (0.00s CPU time), remote cache hits 0 (0.00s CPU time), compiled 3 variants (0.12s CPU time), skipped 0 variants.
  Pass  (vp, vulkan) finished in 0.04 seconds. Local cache hits 0 (0.00s CPU time), remote cache hits 0 (0.00s CPU time), compiled 3 variants (0.11s CPU time), skipped 0 variants.
    Prepared data for serialisation in 0.00s
Serialized binary data for shader Hidden/BlitCopyHDRTonemap in 0.00s
    gles3 (total internal programs: 3, unique: 1)
    vulkan (total internal programs: 3, unique: 1)
Compiling shader "Hidden/Internal-DebugPattern"
  Pass "Target Color and DepthStencil" (vp)
    Target graphics API: gles3
    Full variant space:         1
    After settings filtering:   1
    After built-in stripping:   3
    After scriptable stripping: 3
    Processed in 0.00 seconds
    Target graphics API: vulkan
    Full variant space:         1
    After settings filtering:   1
    After built-in stripping:   3
    After scriptable stripping: 3
    Processed in 0.00 seconds
  Pass "Target only Color" (vp)
    Target graphics API: gles3
    Full variant space:         1
    After settings filtering:   1
    After built-in stripping:   3
    After scriptable stripping: 3
    Processed in 0.00 seconds
    Target graphics API: vulkan
    Full variant space:         1
    After settings filtering:   1
    After built-in stripping:   3
    After scriptable stripping: 3
    Processed in 0.00 seconds
  Pass "Target only DepthStencil" (vp)
    Target graphics API: gles3
    Full variant space:         1
    After settings filtering:   1
    After built-in stripping:   3
    After scriptable stripping: 3
    Processed in 0.00 seconds
    Target graphics API: vulkan
    Full variant space:         1
    After settings filtering:   1
    After built-in stripping:   3
    After scriptable stripping: 3
    Processed in 0.00 seconds
  Pass Target Color and DepthStencil (vp, gles3) finished in 0.03 seconds. Local cache hits 0 (0.00s CPU time), remote cache hits 0 (0.00s CPU time), compiled 3 variants (0.07s CPU time), skipped 0 variants.
  Pass Target Color and DepthStencil (vp, vulkan) finished in 0.04 seconds. Local cache hits 0 (0.00s CPU time), remote cache hits 0 (0.00s CPU time), compiled 3 variants (0.09s CPU time), skipped 0 variants.
    Prepared data for serialisation in 0.00s
  Pass Target only Color (vp, gles3) finished in 0.05 seconds. Local cache hits 0 (0.00s CPU time), remote cache hits 0 (0.00s CPU time), compiled 3 variants (0.08s CPU time), skipped 0 variants.
  Pass Target only Color (vp, vulkan) finished in 0.03 seconds. Local cache hits 0 (0.00s CPU time), remote cache hits 0 (0.00s CPU time), compiled 3 variants (0.06s CPU time), skipped 0 variants.
    Prepared data for serialisation in 0.00s
  Pass Target only DepthStencil (vp, gles3) finished in 0.03 seconds. Local cache hits 0 (0.00s CPU time), remote cache hits 0 (0.00s CPU time), compiled 3 variants (0.07s CPU time), skipped 0 variants.
  Pass Target only DepthStencil (vp, vulkan) finished in 0.02 seconds. Local cache hits 0 (0.00s CPU time), remote cache hits 0 (0.00s CPU time), compiled 3 variants (0.06s CPU time), skipped 0 variants.
    Prepared data for serialisation in 0.00s
Serialized binary data for shader Hidden/Internal-DebugPattern in 0.00s
    gles3 (total internal programs: 9, unique: 3)
    vulkan (total internal programs: 9, unique: 3)
Compiling shader "Hidden/Internal-GUITextureClip"
  Pass "" (vp)
    Target graphics API: gles3
    Full variant space:         1
    After settings filtering:   1
    After built-in stripping:   3
    After scriptable stripping: 3
    Processed in 0.00 seconds
    Target graphics API: vulkan
    Full variant space:         1
    After settings filtering:   1
    After built-in stripping:   3
    After scriptable stripping: 3
    Processed in 0.00 seconds
  Pass "" (vp)
    Target graphics API: gles3
    Full variant space:         1
    After settings filtering:   1
    After built-in stripping:   3
    After scriptable stripping: 3
    Processed in 0.00 seconds
    Target graphics API: vulkan
    Full variant space:         1
    After settings filtering:   1
    After built-in stripping:   3
    After scriptable stripping: 3
    Processed in 0.00 seconds
  Pass  (vp, gles3) finished in 0.04 seconds. Local cache hits 0 (0.00s CPU time), remote cache hits 0 (0.00s CPU time), compiled 3 variants (0.10s CPU time), skipped 0 variants.
  Pass  (vp, vulkan) finished in 0.04 seconds. Local cache hits 0 (0.00s CPU time), remote cache hits 0 (0.00s CPU time), compiled 3 variants (0.11s CPU time), skipped 0 variants.
    Prepared data for serialisation in 0.00s
  Pass  (vp, gles3) finished in 0.07 seconds. Local cache hits 0 (0.00s CPU time), remote cache hits 0 (0.00s CPU time), compiled 3 variants (0.09s CPU time), skipped 0 variants.
  Pass  (vp, vulkan) finished in 0.04 seconds. Local cache hits 0 (0.00s CPU time), remote cache hits 0 (0.00s CPU time), compiled 3 variants (0.09s CPU time), skipped 0 variants.
    Prepared data for serialisation in 0.00s
Serialized binary data for shader Hidden/Internal-GUITextureClip in 0.00s
    gles3 (total internal programs: 6, unique: 1)
    vulkan (total internal programs: 6, unique: 1)
Compiling shader "Hidden/Internal-GUITextureClipText"
  Pass "" (vp)
    Target graphics API: gles3
    Full variant space:         1
    After settings filtering:   1
    After built-in stripping:   3
    After scriptable stripping: 3
    Processed in 0.00 seconds
    Target graphics API: vulkan
    Full variant space:         1
    After settings filtering:   1
    After built-in stripping:   3
    After scriptable stripping: 3
    Processed in 0.00 seconds
  Pass "" (vp)
    Target graphics API: gles3
    Full variant space:         1
    After settings filtering:   1
    After built-in stripping:   3
    After scriptable stripping: 3
    Processed in 0.00 seconds
    Target graphics API: vulkan
    Full variant space:         1
    After settings filtering:   1
    After built-in stripping:   3
    After scriptable stripping: 3
    Processed in 0.00 seconds
  Pass  (vp, gles3) finished in 0.03 seconds. Local cache hits 0 (0.00s CPU time), remote cache hits 0 (0.00s CPU time), compiled 3 variants (0.08s CPU time), skipped 0 variants.
  Pass  (vp, vulkan) finished in 0.03 seconds. Local cache hits 0 (0.00s CPU time), remote cache hits 0 (0.00s CPU time), compiled 3 variants (0.08s CPU time), skipped 0 variants.
    Prepared data for serialisation in 0.00s
  Pass  (vp, gles3) finished in 0.05 seconds. Local cache hits 0 (0.00s CPU time), remote cache hits 0 (0.00s CPU time), compiled 3 variants (0.08s CPU time), skipped 0 variants.
  Pass  (vp, vulkan) finished in 0.03 seconds. Local cache hits 0 (0.00s CPU time), remote cache hits 0 (0.00s CPU time), compiled 3 variants (0.07s CPU time), skipped 0 variants.
    Prepared data for serialisation in 0.00s
Serialized binary data for shader Hidden/Internal-GUITextureClipText in 0.00s
    gles3 (total internal programs: 6, unique: 1)
    vulkan (total internal programs: 6, unique: 1)
Compiling shader "Hidden/Internal-GUITexture"
  Pass "" (vp)
    Target graphics API: gles3
    Full variant space:         1
    After settings filtering:   1
    After built-in stripping:   3
    After scriptable stripping: 3
    Processed in 0.00 seconds
    Target graphics API: vulkan
    Full variant space:         1
    After settings filtering:   1
    After built-in stripping:   3
    After scriptable stripping: 3
    Processed in 0.00 seconds
  Pass "" (vp)
    Target graphics API: gles3
    Full variant space:         1
    After settings filtering:   1
    After built-in stripping:   3
    After scriptable stripping: 3
    Processed in 0.00 seconds
    Target graphics API: vulkan
    Full variant space:         1
    After settings filtering:   1
    After built-in stripping:   3
    After scriptable stripping: 3
    Processed in 0.00 seconds
  Pass  (vp, gles3) finished in 0.02 seconds. Local cache hits 0 (0.00s CPU time), remote cache hits 0 (0.00s CPU time), compiled 3 variants (0.07s CPU time), skipped 0 variants.
  Pass  (vp, vulkan) finished in 0.03 seconds. Local cache hits 0 (0.00s CPU time), remote cache hits 0 (0.00s CPU time), compiled 3 variants (0.08s CPU time), skipped 0 variants.
    Prepared data for serialisation in 0.00s
  Pass  (vp, gles3) finished in 0.04 seconds. Local cache hits 0 (0.00s CPU time), remote cache hits 0 (0.00s CPU time), compiled 3 variants (0.07s CPU time), skipped 0 variants.
  Pass  (vp, vulkan) finished in 0.02 seconds. Local cache hits 0 (0.00s CPU time), remote cache hits 0 (0.00s CPU time), compiled 3 variants (0.06s CPU time), skipped 0 variants.
    Prepared data for serialisation in 0.00s
Serialized binary data for shader Hidden/Internal-GUITexture in 0.00s
    gles3 (total internal programs: 6, unique: 1)
    vulkan (total internal programs: 6, unique: 1)
Compiling shader "Hidden/Internal-GUITextureBlit"
  Pass "" (vp)
    Target graphics API: gles3
    Full variant space:         1
    After settings filtering:   1
    After built-in stripping:   3
    After scriptable stripping: 3
    Processed in 0.00 seconds
    Target graphics API: vulkan
    Full variant space:         1
    After settings filtering:   1
    After built-in stripping:   3
    After scriptable stripping: 3
    Processed in 0.00 seconds
  Pass "" (vp)
    Target graphics API: gles3
    Full variant space:         1
    After settings filtering:   1
    After built-in stripping:   3
    After scriptable stripping: 3
    Processed in 0.00 seconds
    Target graphics API: vulkan
    Full variant space:         1
    After settings filtering:   1
    After built-in stripping:   3
    After scriptable stripping: 3
    Processed in 0.00 seconds
  Pass  (vp, gles3) finished in 0.03 seconds. Local cache hits 0 (0.00s CPU time), remote cache hits 0 (0.00s CPU time), compiled 3 variants (0.09s CPU time), skipped 0 variants.
  Pass  (vp, vulkan) finished in 0.05 seconds. Local cache hits 0 (0.00s CPU time), remote cache hits 0 (0.00s CPU time), compiled 3 variants (0.14s CPU time), skipped 0 variants.
    Prepared data for serialisation in 0.00s
  Pass  (vp, gles3) finished in 0.06 seconds. Local cache hits 0 (0.00s CPU time), remote cache hits 0 (0.00s CPU time), compiled 3 variants (0.10s CPU time), skipped 0 variants.
  Pass  (vp, vulkan) finished in 0.04 seconds. Local cache hits 0 (0.00s CPU time), remote cache hits 0 (0.00s CPU time), compiled 3 variants (0.09s CPU time), skipped 0 variants.
    Prepared data for serialisation in 0.00s
Serialized binary data for shader Hidden/Internal-GUITextureBlit in 0.00s
    gles3 (total internal programs: 6, unique: 1)
    vulkan (total internal programs: 6, unique: 1)
Compiling shader "Hidden/Internal-GUIRoundedRect"
  Pass "" (vp)
    Target graphics API: gles3
    Full variant space:         1
    After settings filtering:   1
    After built-in stripping:   3
    After scriptable stripping: 3
    Processed in 0.00 seconds
    Target graphics API: vulkan
    Full variant space:         1
    After settings filtering:   1
    After built-in stripping:   3
    After scriptable stripping: 3
    Processed in 0.00 seconds
  Pass "" (vp)
    Target graphics API: gles3
    Full variant space:         1
    After settings filtering:   1
    After built-in stripping:   3
    After scriptable stripping: 3
    Processed in 0.00 seconds
    Target graphics API: vulkan
    Full variant space:         1
    After settings filtering:   1
    After built-in stripping:   3
    After scriptable stripping: 3
    Processed in 0.00 seconds
  Pass  (vp, gles3) finished in 0.06 seconds. Local cache hits 0 (0.00s CPU time), remote cache hits 0 (0.00s CPU time), compiled 3 variants (0.17s CPU time), skipped 0 variants.
  Pass  (vp, vulkan) finished in 0.06 seconds. Local cache hits 0 (0.00s CPU time), remote cache hits 0 (0.00s CPU time), compiled 3 variants (0.16s CPU time), skipped 0 variants.
    Prepared data for serialisation in 0.00s
  Pass  (vp, gles3) finished in 0.09 seconds. Local cache hits 0 (0.00s CPU time), remote cache hits 0 (0.00s CPU time), compiled 3 variants (0.13s CPU time), skipped 0 variants.
  Pass  (vp, vulkan) finished in 0.06 seconds. Local cache hits 0 (0.00s CPU time), remote cache hits 0 (0.00s CPU time), compiled 3 variants (0.14s CPU time), skipped 0 variants.
    Prepared data for serialisation in 0.00s
Serialized binary data for shader Hidden/Internal-GUIRoundedRect in 0.00s
    gles3 (total internal programs: 6, unique: 1)
    vulkan (total internal programs: 6, unique: 1)
Compiling shader "Hidden/Internal-GUIRoundedRectWithColorPerBorder"
  Pass "" (vp)
    Target graphics API: gles3
    Full variant space:         1
    After settings filtering:   1
    After built-in stripping:   3
    After scriptable stripping: 3
    Processed in 0.00 seconds
    Target graphics API: vulkan
    Full variant space:         1
    After settings filtering:   1
    After built-in stripping:   3
    After scriptable stripping: 3
    Processed in 0.00 seconds
  Pass "" (vp)
    Target graphics API: gles3
    Full variant space:         1
    After settings filtering:   1
    After built-in stripping:   3
    After scriptable stripping: 3
    Processed in 0.00 seconds
    Target graphics API: vulkan
    Full variant space:         1
    After settings filtering:   1
    After built-in stripping:   3
    After scriptable stripping: 3
    Processed in 0.00 seconds
  Pass  (vp, gles3) finished in 0.08 seconds. Local cache hits 0 (0.00s CPU time), remote cache hits 0 (0.00s CPU time), compiled 3 variants (0.22s CPU time), skipped 0 variants.
  Pass  (vp, vulkan) finished in 0.09 seconds. Local cache hits 0 (0.00s CPU time), remote cache hits 0 (0.00s CPU time), compiled 3 variants (0.23s CPU time), skipped 0 variants.
    Prepared data for serialisation in 0.00s
  Pass  (vp, gles3) finished in 0.13 seconds. Local cache hits 0 (0.00s CPU time), remote cache hits 0 (0.00s CPU time), compiled 3 variants (0.18s CPU time), skipped 0 variants.
  Pass  (vp, vulkan) finished in 0.07 seconds. Local cache hits 0 (0.00s CPU time), remote cache hits 0 (0.00s CPU time), compiled 3 variants (0.19s CPU time), skipped 0 variants.
    Prepared data for serialisation in 0.00s
Serialized binary data for shader Hidden/Internal-GUIRoundedRectWithColorPerBorder in 0.00s
    gles3 (total internal programs: 6, unique: 1)
    vulkan (total internal programs: 6, unique: 1)
Compiling shader "Hidden/Internal-UIRDefault"
  Pass "" (vp)
    Target graphics API: gles3
    Full variant space:         40
    After settings filtering:   40
    After built-in stripping:   120
    After scriptable stripping: 120
    Processed in 0.00 seconds
    Target graphics API: vulkan
    Full variant space:         40
    After settings filtering:   40
    After built-in stripping:   120
    After scriptable stripping: 120
    Processed in 0.00 seconds
  Pass  (vp, gles3) finished in 1.96 seconds. Local cache hits 0 (0.00s CPU time), remote cache hits 0 (0.00s CPU time), compiled 120 variants (15.21s CPU time), skipped 0 variants.
  Pass  (vp, vulkan) finished in 2.13 seconds. Local cache hits 0 (0.00s CPU time), remote cache hits 0 (0.00s CPU time), compiled 120 variants (16.11s CPU time), skipped 0 variants.
    Prepared data for serialisation in 0.00s
Serialized binary data for shader Hidden/Internal-UIRDefault in 0.00s
    gles3 (total internal programs: 120, unique: 40)
    vulkan (total internal programs: 120, unique: 40)
Compiling shader "Hidden/Internal-UIRAtlasBlitCopy"
  Pass "" (vp)
    Target graphics API: gles3
    Full variant space:         1
    After settings filtering:   1
    After built-in stripping:   3
    After scriptable stripping: 3
    Processed in 0.00 seconds
    Target graphics API: vulkan
    Full variant space:         1
    After settings filtering:   1
    After built-in stripping:   3
    After scriptable stripping: 3
    Processed in 0.00 seconds
  Pass  (vp, gles3) finished in 0.03 seconds. Local cache hits 0 (0.00s CPU time), remote cache hits 0 (0.00s CPU time), compiled 3 variants (0.08s CPU time), skipped 0 variants.
  Pass  (vp, vulkan) finished in 0.04 seconds. Local cache hits 0 (0.00s CPU time), remote cache hits 0 (0.00s CPU time), compiled 3 variants (0.10s CPU time), skipped 0 variants.
    Prepared data for serialisation in 0.00s
Serialized binary data for shader Hidden/Internal-UIRAtlasBlitCopy in 0.00s
    gles3 (total internal programs: 3, unique: 1)
    vulkan (total internal programs: 3, unique: 1)
Compiling shader "Sprites/Default"
  Pass "" (vp)
    Target graphics API: gles3
    Full variant space:         8
    After settings filtering:   8
    After built-in stripping:   12
    After scriptable stripping: 12
    Processed in 0.00 seconds
    Target graphics API: vulkan
    Full variant space:         8
    After settings filtering:   8
    After built-in stripping:   12
    After scriptable stripping: 12
    Processed in 0.00 seconds
  Pass  (vp, gles3) finished in 0.06 seconds. Local cache hits 0 (0.00s CPU time), remote cache hits 0 (0.00s CPU time), compiled 12 variants (0.35s CPU time), skipped 0 variants.
  Pass  (vp, vulkan) finished in 0.07 seconds. Local cache hits 0 (0.00s CPU time), remote cache hits 0 (0.00s CPU time), compiled 12 variants (0.32s CPU time), skipped 0 variants.
    Prepared data for serialisation in 0.00s
Serialized binary data for shader Sprites/Default in 0.00s
    gles3 (total internal programs: 12, unique: 4)
    vulkan (total internal programs: 12, unique: 4)
Compiling shader "Sprites/Mask"
  Pass "" (vp)
    Target graphics API: gles3
    Full variant space:         4
    After settings filtering:   4
    After built-in stripping:   12
    After scriptable stripping: 12
    Processed in 0.00 seconds
    Target graphics API: vulkan
    Full variant space:         4
    After settings filtering:   4
    After built-in stripping:   12
    After scriptable stripping: 12
    Processed in 0.00 seconds
  Pass  (vp, gles3) finished in 0.07 seconds. Local cache hits 0 (0.00s CPU time), remote cache hits 0 (0.00s CPU time), compiled 12 variants (0.41s CPU time), skipped 0 variants.
  Pass  (vp, vulkan) finished in 0.08 seconds. Local cache hits 0 (0.00s CPU time), remote cache hits 0 (0.00s CPU time), compiled 12 variants (0.41s CPU time), skipped 0 variants.
    Prepared data for serialisation in 0.00s
Serialized binary data for shader Sprites/Mask in 0.00s
    gles3 (total internal programs: 12, unique: 4)
    vulkan (total internal programs: 12, unique: 4)
Compiling shader "UI/Default"
  Pass "Default" (vp)
    Target graphics API: gles3
    Full variant space:         4
    After settings filtering:   4
    After built-in stripping:   12
    After scriptable stripping: 12
    Processed in 0.00 seconds
    Target graphics API: vulkan
    Full variant space:         4
    After settings filtering:   4
    After built-in stripping:   12
    After scriptable stripping: 12
    Processed in 0.00 seconds
  Pass "XRMotionVectors" (vp)
    Target graphics API: gles3
    Full variant space:         4
    After settings filtering:   4
    After built-in stripping:   12
    After scriptable stripping: 12
    Processed in 0.00 seconds
    Target graphics API: vulkan
    Full variant space:         4
    After settings filtering:   4
    After built-in stripping:   12
    After scriptable stripping: 12
    Processed in 0.00 seconds
  Pass Default (vp, gles3) finished in 0.09 seconds. Local cache hits 0 (0.00s CPU time), remote cache hits 0 (0.00s CPU time), compiled 12 variants (0.52s CPU time), skipped 0 variants.
  Pass Default (vp, vulkan) finished in 0.11 seconds. Local cache hits 0 (0.00s CPU time), remote cache hits 0 (0.00s CPU time), compiled 12 variants (0.55s CPU time), skipped 0 variants.
    Prepared data for serialisation in 0.00s
  Pass XRMotionVectors (vp, gles3) finished in 0.15 seconds. Local cache hits 0 (0.00s CPU time), remote cache hits 0 (0.00s CPU time), compiled 12 variants (0.80s CPU time), skipped 0 variants.
  Pass XRMotionVectors (vp, vulkan) finished in 0.16 seconds. Local cache hits 0 (0.00s CPU time), remote cache hits 0 (0.00s CPU time), compiled 12 variants (0.80s CPU time), skipped 0 variants.
    Prepared data for serialisation in 0.00s
Serialized binary data for shader UI/Default in 0.00s
    gles3 (total internal programs: 24, unique: 8)
    vulkan (total internal programs: 24, unique: 8)
Compiling shader "UI/DefaultETC1"
  Pass "Default" (vp)
    Target graphics API: gles3
    Full variant space:         4
    After settings filtering:   4
    After built-in stripping:   12
    After scriptable stripping: 12
    Processed in 0.00 seconds
    Target graphics API: vulkan
    Full variant space:         4
    After settings filtering:   4
    After built-in stripping:   12
    After scriptable stripping: 12
    Processed in 0.00 seconds
  Pass "XRMotionVectors" (vp)
    Target graphics API: gles3
    Full variant space:         4
    After settings filtering:   4
    After built-in stripping:   12
    After scriptable stripping: 12
    Processed in 0.00 seconds
    Target graphics API: vulkan
    Full variant space:         4
    After settings filtering:   4
    After built-in stripping:   12
    After scriptable stripping: 12
    Processed in 0.00 seconds
  Pass Default (vp, gles3) finished in 0.10 seconds. Local cache hits 0 (0.00s CPU time), remote cache hits 0 (0.00s CPU time), compiled 12 variants (0.58s CPU time), skipped 0 variants.
  Pass Default (vp, vulkan) finished in 0.12 seconds. Local cache hits 0 (0.00s CPU time), remote cache hits 0 (0.00s CPU time), compiled 12 variants (0.57s CPU time), skipped 0 variants.
    Prepared data for serialisation in 0.00s
  Pass XRMotionVectors (vp, gles3) finished in 0.15 seconds. Local cache hits 0 (0.00s CPU time), remote cache hits 0 (0.00s CPU time), compiled 12 variants (0.81s CPU time), skipped 0 variants.
  Pass XRMotionVectors (vp, vulkan) finished in 0.16 seconds. Local cache hits 0 (0.00s CPU time), remote cache hits 0 (0.00s CPU time), compiled 12 variants (0.81s CPU time), skipped 0 variants.
    Prepared data for serialisation in 0.00s
Serialized binary data for shader UI/DefaultETC1 in 0.00s
    gles3 (total internal programs: 24, unique: 8)
    vulkan (total internal programs: 24, unique: 8)
Compiling shader "Hidden/CubeBlur"
  Pass "" (vp)
    Target graphics API: gles3
    Full variant space:         1
    After settings filtering:   1
    After built-in stripping:   3
    After scriptable stripping: 3
    Processed in 0.00 seconds
    Target graphics API: vulkan
    Full variant space:         1
    After settings filtering:   1
    After built-in stripping:   3
    After scriptable stripping: 3
    Processed in 0.00 seconds
  Pass "" (vp)
    Target graphics API: gles3
    Full variant space:         1
    After settings filtering:   1
    After built-in stripping:   3
    After scriptable stripping: 3
    Processed in 0.00 seconds
    Target graphics API: vulkan
    Full variant space:         1
    After settings filtering:   1
    After built-in stripping:   3
    After scriptable stripping: 3
    Processed in 0.00 seconds
  Pass  (vp, gles3) finished in 0.09 seconds. Local cache hits 0 (0.00s CPU time), remote cache hits 0 (0.00s CPU time), compiled 3 variants (0.27s CPU time), skipped 0 variants.
  Pass  (vp, vulkan) finished in 0.10 seconds. Local cache hits 0 (0.00s CPU time), remote cache hits 0 (0.00s CPU time), compiled 3 variants (0.30s CPU time), skipped 0 variants.
    Prepared data for serialisation in 0.00s
  Pass  (vp, gles3) finished in 0.10 seconds. Local cache hits 0 (0.00s CPU time), remote cache hits 0 (0.00s CPU time), compiled 3 variants (0.09s CPU time), skipped 0 variants.
  Pass  (vp, vulkan) finished in 0.03 seconds. Local cache hits 0 (0.00s CPU time), remote cache hits 0 (0.00s CPU time), compiled 3 variants (0.08s CPU time), skipped 0 variants.
    Prepared data for serialisation in 0.00s
Serialized binary data for shader Hidden/CubeBlur in 0.00s
    gles3 (total internal programs: 6, unique: 2)
    vulkan (total internal programs: 6, unique: 2)
Compiling shader "Hidden/CubeCopy"
  Pass "" (vp)
    Target graphics API: gles3
    Full variant space:         1
    After settings filtering:   1
    After built-in stripping:   3
    After scriptable stripping: 3
    Processed in 0.00 seconds
    Target graphics API: vulkan
    Full variant space:         1
    After settings filtering:   1
    After built-in stripping:   3
    After scriptable stripping: 3
    Processed in 0.00 seconds
  Pass "" (vp)
    Target graphics API: gles3
    Full variant space:         1
    After settings filtering:   1
    After built-in stripping:   3
    After scriptable stripping: 3
    Processed in 0.00 seconds
    Target graphics API: vulkan
    Full variant space:         1
    After settings filtering:   1
    After built-in stripping:   3
    After scriptable stripping: 3
    Processed in 0.00 seconds
  Pass  (vp, gles3) finished in 0.03 seconds. Local cache hits 0 (0.00s CPU time), remote cache hits 0 (0.00s CPU time), compiled 3 variants (0.08s CPU time), skipped 0 variants.
  Pass  (vp, vulkan) finished in 0.03 seconds. Local cache hits 0 (0.00s CPU time), remote cache hits 0 (0.00s CPU time), compiled 3 variants (0.09s CPU time), skipped 0 variants.
    Prepared data for serialisation in 0.00s
  Pass  (vp, gles3) finished in 0.04 seconds. Local cache hits 0 (0.00s CPU time), remote cache hits 0 (0.00s CPU time), compiled 3 variants (0.08s CPU time), skipped 0 variants.
  Pass  (vp, vulkan) finished in 0.02 seconds. Local cache hits 0 (0.00s CPU time), remote cache hits 0 (0.00s CPU time), compiled 3 variants (0.07s CPU time), skipped 0 variants.
    Prepared data for serialisation in 0.00s
Serialized binary data for shader Hidden/CubeCopy in 0.00s
    gles3 (total internal programs: 6, unique: 1)
    vulkan (total internal programs: 6, unique: 1)
Compiling shader "Hidden/CubeBlend"
  Pass "" (vp)
    Target graphics API: gles3
    Full variant space:         1
    After settings filtering:   1
    After built-in stripping:   3
    After scriptable stripping: 3
    Processed in 0.00 seconds
    Target graphics API: vulkan
    Full variant space:         1
    After settings filtering:   1
    After built-in stripping:   3
    After scriptable stripping: 3
    Processed in 0.00 seconds
  Pass "" (vp)
    Target graphics API: gles3
    Full variant space:         1
    After settings filtering:   1
    After built-in stripping:   3
    After scriptable stripping: 3
    Processed in 0.00 seconds
    Target graphics API: vulkan
    Full variant space:         1
    After settings filtering:   1
    After built-in stripping:   3
    After scriptable stripping: 3
    Processed in 0.00 seconds
  Pass  (vp, gles3) finished in 0.05 seconds. Local cache hits 0 (0.00s CPU time), remote cache hits 0 (0.00s CPU time), compiled 3 variants (0.10s CPU time), skipped 0 variants.
  Pass  (vp, vulkan) finished in 0.05 seconds. Local cache hits 0 (0.00s CPU time), remote cache hits 0 (0.00s CPU time), compiled 3 variants (0.13s CPU time), skipped 0 variants.
    Prepared data for serialisation in 0.00s
  Pass  (vp, gles3) finished in 0.06 seconds. Local cache hits 0 (0.00s CPU time), remote cache hits 0 (0.00s CPU time), compiled 3 variants (0.09s CPU time), skipped 0 variants.
  Pass  (vp, vulkan) finished in 0.04 seconds. Local cache hits 0 (0.00s CPU time), remote cache hits 0 (0.00s CPU time), compiled 3 variants (0.08s CPU time), skipped 0 variants.
    Prepared data for serialisation in 0.00s
Serialized binary data for shader Hidden/CubeBlend in 0.00s
    gles3 (total internal programs: 6, unique: 1)
    vulkan (total internal programs: 6, unique: 1)
Compiling shader "Hidden/VR/BlitTexArraySlice"
  Pass "" (vp)
    Target graphics API: gles3
    Full variant space:         1
    After settings filtering:   1
    After built-in stripping:   3
    After scriptable stripping: 3
    Processed in 0.00 seconds
    Target graphics API: vulkan
    Full variant space:         1
    After settings filtering:   1
    After built-in stripping:   3
    After scriptable stripping: 3
    Processed in 0.00 seconds
  Pass  (vp, gles3) finished in 0.03 seconds. Local cache hits 0 (0.00s CPU time), remote cache hits 0 (0.00s CPU time), compiled 3 variants (0.06s CPU time), skipped 0 variants.
  Pass  (vp, vulkan) finished in 0.03 seconds. Local cache hits 0 (0.00s CPU time), remote cache hits 0 (0.00s CPU time), compiled 3 variants (0.08s CPU time), skipped 0 variants.
    Prepared data for serialisation in 0.00s
Serialized binary data for shader Hidden/VR/BlitTexArraySlice in 0.00s
    gles3 (total internal programs: 3, unique: 1)
    vulkan (total internal programs: 3, unique: 1)
Compiling shader "Hidden/Internal-ODSWorldTexture"
  Pass "" (vp)
    Target graphics API: gles3
    Full variant space:         1
    After settings filtering:   1
    After built-in stripping:   3
    After scriptable stripping: 3
    Processed in 0.00 seconds
    Target graphics API: vulkan
    Full variant space:         1
    After settings filtering:   1
    After built-in stripping:   3
    After scriptable stripping: 3
    Processed in 0.00 seconds
  Pass "" (vp)
    Target graphics API: gles3
    Full variant space:         1
    After settings filtering:   1
    After built-in stripping:   3
    After scriptable stripping: 3
    Processed in 0.00 seconds
    Target graphics API: vulkan
    Full variant space:         1
    After settings filtering:   1
    After built-in stripping:   3
    After scriptable stripping: 3
    Processed in 0.00 seconds
  Pass "" (vp)
    Target graphics API: gles3
    Full variant space:         1
    After settings filtering:   1
    After built-in stripping:   3
    After scriptable stripping: 3
    Processed in 0.00 seconds
    Target graphics API: vulkan
    Full variant space:         1
    After settings filtering:   1
    After built-in stripping:   3
    After scriptable stripping: 3
    Processed in 0.00 seconds
  Pass "" (vp)
    Target graphics API: gles3
    Full variant space:         1
    After settings filtering:   1
    After built-in stripping:   3
    After scriptable stripping: 3
    Processed in 0.00 seconds
    Target graphics API: vulkan
    Full variant space:         1
    After settings filtering:   1
    After built-in stripping:   3
    After scriptable stripping: 3
    Processed in 0.00 seconds
  Pass "" (vp)
    Target graphics API: gles3
    Full variant space:         1
    After settings filtering:   1
    After built-in stripping:   3
    After scriptable stripping: 3
    Processed in 0.00 seconds
    Target graphics API: vulkan
    Full variant space:         1
    After settings filtering:   1
    After built-in stripping:   3
    After scriptable stripping: 3
    Processed in 0.00 seconds
  Pass "" (vp)
    Target graphics API: gles3
    Full variant space:         1
    After settings filtering:   1
    After built-in stripping:   3
    After scriptable stripping: 3
    Processed in 0.00 seconds
    Target graphics API: vulkan
    Full variant space:         1
    After settings filtering:   1
    After built-in stripping:   3
    After scriptable stripping: 3
    Processed in 0.00 seconds
  Pass "" (vp)
    Target graphics API: gles3
    Full variant space:         1
    After settings filtering:   1
    After built-in stripping:   3
    After scriptable stripping: 3
    Processed in 0.00 seconds
    Target graphics API: vulkan
    Full variant space:         1
    After settings filtering:   1
    After built-in stripping:   3
    After scriptable stripping: 3
    Processed in 0.00 seconds
  Pass "" (vp)
    Target graphics API: gles3
    Full variant space:         1
    After settings filtering:   1
    After built-in stripping:   3
    After scriptable stripping: 3
    Processed in 0.00 seconds
    Target graphics API: vulkan
    Full variant space:         1
    After settings filtering:   1
    After built-in stripping:   3
    After scriptable stripping: 3
    Processed in 0.00 seconds
  Pass "" (vp)
    Target graphics API: gles3
    Full variant space:         1
    After settings filtering:   1
    After built-in stripping:   3
    After scriptable stripping: 3
    Processed in 0.00 seconds
    Target graphics API: vulkan
    Full variant space:         1
    After settings filtering:   1
    After built-in stripping:   3
    After scriptable stripping: 3
    Processed in 0.00 seconds
  Pass "" (vp)
    Target graphics API: gles3
    Full variant space:         1
    After settings filtering:   1
    After built-in stripping:   3
    After scriptable stripping: 3
    Processed in 0.00 seconds
    Target graphics API: vulkan
    Full variant space:         1
    After settings filtering:   1
    After built-in stripping:   3
    After scriptable stripping: 3
    Processed in 0.00 seconds
  Pass  (vp, gles3) finished in 0.03 seconds. Local cache hits 0 (0.00s CPU time), remote cache hits 0 (0.00s CPU time), compiled 3 variants (0.08s CPU time), skipped 0 variants.
  Pass  (vp, vulkan) finished in 0.03 seconds. Local cache hits 0 (0.00s CPU time), remote cache hits 0 (0.00s CPU time), compiled 3 variants (0.08s CPU time), skipped 0 variants.
    Prepared data for serialisation in 0.00s
  Pass  (vp, gles3) finished in 0.05 seconds. Local cache hits 0 (0.00s CPU time), remote cache hits 0 (0.00s CPU time), compiled 3 variants (0.09s CPU time), skipped 0 variants.
  Pass  (vp, vulkan) finished in 0.04 seconds. Local cache hits 0 (0.00s CPU time), remote cache hits 0 (0.00s CPU time), compiled 3 variants (0.10s CPU time), skipped 0 variants.
    Prepared data for serialisation in 0.00s
  Pass  (vp, gles3) finished in 0.08 seconds. Local cache hits 0 (0.00s CPU time), remote cache hits 0 (0.00s CPU time), compiled 3 variants (0.17s CPU time), skipped 0 variants.
  Pass  (vp, vulkan) finished in 0.06 seconds. Local cache hits 0 (0.00s CPU time), remote cache hits 0 (0.00s CPU time), compiled 3 variants (0.17s CPU time), skipped 0 variants.
    Prepared data for serialisation in 0.00s
  Pass  (vp, gles3) finished in 0.11 seconds. Local cache hits 0 (0.00s CPU time), remote cache hits 0 (0.00s CPU time), compiled 3 variants (0.25s CPU time), skipped 0 variants.
  Pass  (vp, vulkan) finished in 0.09 seconds. Local cache hits 0 (0.00s CPU time), remote cache hits 0 (0.00s CPU time), compiled 3 variants (0.25s CPU time), skipped 0 variants.
    Prepared data for serialisation in 0.00s
  Pass  (vp, gles3) finished in 0.08 seconds. Local cache hits 0 (0.00s CPU time), remote cache hits 0 (0.00s CPU time), compiled 3 variants (0.08s CPU time), skipped 0 variants.
  Pass  (vp, vulkan) finished in 0.04 seconds. Local cache hits 0 (0.00s CPU time), remote cache hits 0 (0.00s CPU time), compiled 3 variants (0.11s CPU time), skipped 0 variants.
    Prepared data for serialisation in 0.00s
  Pass  (vp, gles3) finished in 0.06 seconds. Local cache hits 0 (0.00s CPU time), remote cache hits 0 (0.00s CPU time), compiled 3 variants (0.11s CPU time), skipped 0 variants.
  Pass  (vp, vulkan) finished in 0.05 seconds. Local cache hits 0 (0.00s CPU time), remote cache hits 0 (0.00s CPU time), compiled 3 variants (0.12s CPU time), skipped 0 variants.
    Prepared data for serialisation in 0.00s
  Pass  (vp, gles3) finished in 0.07 seconds. Local cache hits 0 (0.00s CPU time), remote cache hits 0 (0.00s CPU time), compiled 3 variants (0.12s CPU time), skipped 0 variants.
  Pass  (vp, vulkan) finished in 0.04 seconds. Local cache hits 0 (0.00s CPU time), remote cache hits 0 (0.00s CPU time), compiled 3 variants (0.12s CPU time), skipped 0 variants.
    Prepared data for serialisation in 0.00s
  Pass  (vp, gles3) finished in 0.05 seconds. Local cache hits 0 (0.00s CPU time), remote cache hits 0 (0.00s CPU time), compiled 3 variants (0.12s CPU time), skipped 0 variants.
  Pass  (vp, vulkan) finished in 0.04 seconds. Local cache hits 0 (0.00s CPU time), remote cache hits 0 (0.00s CPU time), compiled 3 variants (0.11s CPU time), skipped 0 variants.
    Prepared data for serialisation in 0.00s
  Pass  (vp, gles3) finished in 0.08 seconds. Local cache hits 0 (0.00s CPU time), remote cache hits 0 (0.00s CPU time), compiled 3 variants (0.19s CPU time), skipped 0 variants.
  Pass  (vp, vulkan) finished in 0.07 seconds. Local cache hits 0 (0.00s CPU time), remote cache hits 0 (0.00s CPU time), compiled 3 variants (0.17s CPU time), skipped 0 variants.
    Prepared data for serialisation in 0.00s
  Pass  (vp, gles3) finished in 0.09 seconds. Local cache hits 0 (0.00s CPU time), remote cache hits 0 (0.00s CPU time), compiled 3 variants (0.16s CPU time), skipped 0 variants.
  Pass  (vp, vulkan) finished in 0.06 seconds. Local cache hits 0 (0.00s CPU time), remote cache hits 0 (0.00s CPU time), compiled 3 variants (0.14s CPU time), skipped 0 variants.
    Prepared data for serialisation in 0.00s
Serialized binary data for shader Hidden/Internal-ODSWorldTexture in 0.00s
    gles3 (total internal programs: 30, unique: 9)
    vulkan (total internal programs: 30, unique: 9)
Compiling shader "Hidden/Internal-CubemapToEquirect"
  Pass "" (vp)
    Target graphics API: gles3
    Full variant space:         1
    After settings filtering:   1
    After built-in stripping:   3
    After scriptable stripping: 3
    Processed in 0.00 seconds
    Target graphics API: vulkan
    Full variant space:         1
    After settings filtering:   1
    After built-in stripping:   3
    After scriptable stripping: 3
    Processed in 0.00 seconds
  Pass  (vp, gles3) finished in 0.03 seconds. Local cache hits 0 (0.00s CPU time), remote cache hits 0 (0.00s CPU time), compiled 3 variants (0.07s CPU time), skipped 0 variants.
  Pass  (vp, vulkan) finished in 0.03 seconds. Local cache hits 0 (0.00s CPU time), remote cache hits 0 (0.00s CPU time), compiled 3 variants (0.06s CPU time), skipped 0 variants.
    Prepared data for serialisation in 0.00s
Serialized binary data for shader Hidden/Internal-CubemapToEquirect in 0.00s
    gles3 (total internal programs: 3, unique: 1)
    vulkan (total internal programs: 3, unique: 1)
Compiling shader "Hidden/VR/BlitFromTex2DToTexArraySlice"
  Pass "" (vp)
    Target graphics API: gles3
    Full variant space:         1
    After settings filtering:   1
    After built-in stripping:   3
    After scriptable stripping: 3
    Processed in 0.00 seconds
  Pass "" (vp)
    Target graphics API: gles3
    Full variant space:         1
    After settings filtering:   1
    After built-in stripping:   3
    After scriptable stripping: 3
    Processed in 0.00 seconds
    Target graphics API: vulkan
    Full variant space:         1
    After settings filtering:   1
    After built-in stripping:   3
    After scriptable stripping: 3
    Processed in 0.00 seconds
  Pass  (vp, gles3) finished in 0.03 seconds. Local cache hits 0 (0.00s CPU time), remote cache hits 0 (0.00s CPU time), compiled 3 variants (0.07s CPU time), skipped 0 variants.
    Prepared data for serialisation in 0.00s
  Pass  (vp, gles3) finished in 0.04 seconds. Local cache hits 0 (0.00s CPU time), remote cache hits 0 (0.00s CPU time), compiled 3 variants (0.10s CPU time), skipped 0 variants.
  Pass  (vp, vulkan) finished in 0.05 seconds. Local cache hits 0 (0.00s CPU time), remote cache hits 0 (0.00s CPU time), compiled 3 variants (0.09s CPU time), skipped 0 variants.
    Prepared data for serialisation in 0.00s
Serialized binary data for shader Hidden/VR/BlitFromTex2DToTexArraySlice in 0.00s
    gles3 (total internal programs: 6, unique: 2)
    vulkan (total internal programs: 3, unique: 1)
Compiling shader "Hidden/VideoComposite"
  Pass "Default" (vp)
    Target graphics API: gles3
    Full variant space:         1
    After settings filtering:   1
    After built-in stripping:   3
    After scriptable stripping: 3
    Processed in 0.00 seconds
    Target graphics API: vulkan
    Full variant space:         1
    After settings filtering:   1
    After built-in stripping:   3
    After scriptable stripping: 3
    Processed in 0.00 seconds
  Pass Default (vp, gles3) finished in 0.03 seconds. Local cache hits 0 (0.00s CPU time), remote cache hits 0 (0.00s CPU time), compiled 3 variants (0.07s CPU time), skipped 0 variants.
  Pass Default (vp, vulkan) finished in 0.03 seconds. Local cache hits 0 (0.00s CPU time), remote cache hits 0 (0.00s CPU time), compiled 3 variants (0.08s CPU time), skipped 0 variants.
    Prepared data for serialisation in 0.00s
Serialized binary data for shader Hidden/VideoComposite in 0.00s
    gles3 (total internal programs: 3, unique: 1)
    vulkan (total internal programs: 3, unique: 1)
Compiling shader "Hidden/VideoDecode"
  Pass "YCbCr_To_RGB1" (vp)
    Target graphics API: gles3
    Full variant space:         2
    After settings filtering:   2
    After built-in stripping:   6
    After scriptable stripping: 6
    Processed in 0.00 seconds
    Target graphics API: vulkan
    Full variant space:         2
    After settings filtering:   2
    After built-in stripping:   6
    After scriptable stripping: 6
    Processed in 0.00 seconds
  Pass "YCbCrA_To_RGBAFull" (vp)
    Target graphics API: gles3
    Full variant space:         2
    After settings filtering:   2
    After built-in stripping:   6
    After scriptable stripping: 6
    Processed in 0.00 seconds
    Target graphics API: vulkan
    Full variant space:         2
    After settings filtering:   2
    After built-in stripping:   6
    After scriptable stripping: 6
    Processed in 0.00 seconds
  Pass "YCbCrA_To_RGBA" (vp)
    Target graphics API: gles3
    Full variant space:         2
    After settings filtering:   2
    After built-in stripping:   6
    After scriptable stripping: 6
    Processed in 0.00 seconds
    Target graphics API: vulkan
    Full variant space:         2
    After settings filtering:   2
    After built-in stripping:   6
    After scriptable stripping: 6
    Processed in 0.00 seconds
  Pass "Flip_RGBA_To_RGBA" (vp)
    Target graphics API: gles3
    Full variant space:         2
    After settings filtering:   2
    After built-in stripping:   6
    After scriptable stripping: 6
    Processed in 0.00 seconds
    Target graphics API: vulkan
    Full variant space:         2
    After settings filtering:   2
    After built-in stripping:   6
    After scriptable stripping: 6
    Processed in 0.00 seconds
  Pass "Flip_RGBASplit_To_RGBA" (vp)
    Target graphics API: gles3
    Full variant space:         2
    After settings filtering:   2
    After built-in stripping:   6
    After scriptable stripping: 6
    Processed in 0.00 seconds
    Target graphics API: vulkan
    Full variant space:         2
    After settings filtering:   2
    After built-in stripping:   6
    After scriptable stripping: 6
    Processed in 0.00 seconds
  Pass "Flip_NV12_To_RGB1" (vp)
    Target graphics API: gles3
    Full variant space:         2
    After settings filtering:   2
    After built-in stripping:   6
    After scriptable stripping: 6
    Processed in 0.00 seconds
    Target graphics API: vulkan
    Full variant space:         2
    After settings filtering:   2
    After built-in stripping:   6
    After scriptable stripping: 6
    Processed in 0.00 seconds
  Pass "Flip_NV12_To_RGBA" (vp)
    Target graphics API: gles3
    Full variant space:         2
    After settings filtering:   2
    After built-in stripping:   6
    After scriptable stripping: 6
    Processed in 0.00 seconds
    Target graphics API: vulkan
    Full variant space:         2
    After settings filtering:   2
    After built-in stripping:   6
    After scriptable stripping: 6
    Processed in 0.00 seconds
  Pass "Flip_P010_To_RGB1" (vp)
    Target graphics API: gles3
    Full variant space:         1
    After settings filtering:   1
    After built-in stripping:   3
    After scriptable stripping: 3
    Processed in 0.00 seconds
    Target graphics API: vulkan
    Full variant space:         1
    After settings filtering:   1
    After built-in stripping:   3
    After scriptable stripping: 3
    Processed in 0.00 seconds
  Pass YCbCr_To_RGB1 (vp, gles3) finished in 0.04 seconds. Local cache hits 0 (0.00s CPU time), remote cache hits 0 (0.00s CPU time), compiled 6 variants (0.18s CPU time), skipped 0 variants.
  Pass YCbCr_To_RGB1 (vp, vulkan) finished in 0.06 seconds. Local cache hits 0 (0.00s CPU time), remote cache hits 0 (0.00s CPU time), compiled 6 variants (0.19s CPU time), skipped 0 variants.
    Prepared data for serialisation in 0.00s
  Pass YCbCrA_To_RGBAFull (vp, gles3) finished in 0.06 seconds. Local cache hits 0 (0.00s CPU time), remote cache hits 0 (0.00s CPU time), compiled 6 variants (0.18s CPU time), skipped 0 variants.
  Pass YCbCrA_To_RGBAFull (vp, vulkan) finished in 0.05 seconds. Local cache hits 0 (0.00s CPU time), remote cache hits 0 (0.00s CPU time), compiled 6 variants (0.19s CPU time), skipped 0 variants.
    Prepared data for serialisation in 0.00s
  Pass YCbCrA_To_RGBA (vp, gles3) finished in 0.06 seconds. Local cache hits 0 (0.00s CPU time), remote cache hits 0 (0.00s CPU time), compiled 6 variants (0.19s CPU time), skipped 0 variants.
  Pass YCbCrA_To_RGBA (vp, vulkan) finished in 0.05 seconds. Local cache hits 0 (0.00s CPU time), remote cache hits 0 (0.00s CPU time), compiled 6 variants (0.20s CPU time), skipped 0 variants.
    Prepared data for serialisation in 0.00s
  Pass Flip_RGBA_To_RGBA (vp, gles3) finished in 0.05 seconds. Local cache hits 0 (0.00s CPU time), remote cache hits 0 (0.00s CPU time), compiled 6 variants (0.16s CPU time), skipped 0 variants.
  Pass Flip_RGBA_To_RGBA (vp, vulkan) finished in 0.06 seconds. Local cache hits 0 (0.00s CPU time), remote cache hits 0 (0.00s CPU time), compiled 6 variants (0.18s CPU time), skipped 0 variants.
    Prepared data for serialisation in 0.00s
  Pass Flip_RGBASplit_To_RGBA (vp, gles3) finished in 0.05 seconds. Local cache hits 0 (0.00s CPU time), remote cache hits 0 (0.00s CPU time), compiled 6 variants (0.16s CPU time), skipped 0 variants.
  Pass Flip_RGBASplit_To_RGBA (vp, vulkan) finished in 0.07 seconds. Local cache hits 0 (0.00s CPU time), remote cache hits 0 (0.00s CPU time), compiled 6 variants (0.20s CPU time), skipped 0 variants.
    Prepared data for serialisation in 0.00s
  Pass Flip_NV12_To_RGB1 (vp, gles3) finished in 0.06 seconds. Local cache hits 0 (0.00s CPU time), remote cache hits 0 (0.00s CPU time), compiled 6 variants (0.21s CPU time), skipped 0 variants.
  Pass Flip_NV12_To_RGB1 (vp, vulkan) finished in 0.05 seconds. Local cache hits 0 (0.00s CPU time), remote cache hits 0 (0.00s CPU time), compiled 6 variants (0.20s CPU time), skipped 0 variants.
    Prepared data for serialisation in 0.00s
  Pass Flip_NV12_To_RGBA (vp, gles3) finished in 0.06 seconds. Local cache hits 0 (0.00s CPU time), remote cache hits 0 (0.00s CPU time), compiled 6 variants (0.20s CPU time), skipped 0 variants.
  Pass Flip_NV12_To_RGBA (vp, vulkan) finished in 0.07 seconds. Local cache hits 0 (0.00s CPU time), remote cache hits 0 (0.00s CPU time), compiled 6 variants (0.24s CPU time), skipped 0 variants.
    Prepared data for serialisation in 0.00s
  Pass Flip_P010_To_RGB1 (vp, gles3) finished in 0.04 seconds. Local cache hits 0 (0.00s CPU time), remote cache hits 0 (0.00s CPU time), compiled 3 variants (0.10s CPU time), skipped 0 variants.
  Pass Flip_P010_To_RGB1 (vp, vulkan) finished in 0.03 seconds. Local cache hits 0 (0.00s CPU time), remote cache hits 0 (0.00s CPU time), compiled 3 variants (0.08s CPU time), skipped 0 variants.
    Prepared data for serialisation in 0.00s
Serialized binary data for shader Hidden/VideoDecode in 0.00s
    gles3 (total internal programs: 45, unique: 15)
    vulkan (total internal programs: 45, unique: 15)
Compiling shader "Hidden/VideoDecodeAndroid"
  Pass "RGBAExternal_To_RGBA" (vp)
    Target graphics API: gles3
    Full variant space:         2
    After settings filtering:   2
    After built-in stripping:   6
    After scriptable stripping: 6
    Processed in 0.00 seconds
  Pass "RGBASplitExternal_To_RGBA" (vp)
    Target graphics API: gles3
    Full variant space:         2
    After settings filtering:   2
    After built-in stripping:   6
    After scriptable stripping: 6
    Processed in 0.00 seconds
  Pass RGBAExternal_To_RGBA (vp, gles3) finished in 0.00 seconds. Local cache hits 0 (0.00s CPU time), remote cache hits 0 (0.00s CPU time), compiled 6 variants (0.02s CPU time), skipped 0 variants.
    Prepared data for serialisation in 0.00s
  Pass RGBASplitExternal_To_RGBA (vp, gles3) finished in 0.01 seconds. Local cache hits 0 (0.00s CPU time), remote cache hits 0 (0.00s CPU time), compiled 6 variants (0.01s CPU time), skipped 0 variants.
    Prepared data for serialisation in 0.00s
Serialized binary data for shader Hidden/VideoDecodeAndroid in 0.00s
    gles3 (total internal programs: 12, unique: 12)
    vulkan (total internal programs: 0, unique: 0)
Compiling shader "Hidden/TextCore/Distance Field SSD"
  Pass "" (vp)
    Target graphics API: gles3
    Full variant space:         1
    After settings filtering:   1
    After built-in stripping:   3
    After scriptable stripping: 3
    Processed in 0.00 seconds
    Target graphics API: vulkan
    Full variant space:         1
    After settings filtering:   1
    After built-in stripping:   3
    After scriptable stripping: 3
    Processed in 0.00 seconds
  Pass  (vp, gles3) finished in 0.04 seconds. Local cache hits 0 (0.00s CPU time), remote cache hits 0 (0.00s CPU time), compiled 3 variants (0.11s CPU time), skipped 0 variants.
  Pass  (vp, vulkan) finished in 0.05 seconds. Local cache hits 0 (0.00s CPU time), remote cache hits 0 (0.00s CPU time), compiled 3 variants (0.14s CPU time), skipped 0 variants.
    Prepared data for serialisation in 0.00s
Serialized binary data for shader Hidden/TextCore/Distance Field SSD in 0.00s
    gles3 (total internal programs: 3, unique: 1)
    vulkan (total internal programs: 3, unique: 1)
Compiling shader "Hidden/Physics2D/SDF_CircleGeometry"
  Pass "" (vp)
    Target graphics API: gles3
    Full variant space:         2
    After settings filtering:   2
    After built-in stripping:   3
    After scriptable stripping: 3
    Processed in 0.00 seconds
    Target graphics API: vulkan
    Full variant space:         2
    After settings filtering:   2
    After built-in stripping:   3
    After scriptable stripping: 3
    Processed in 0.00 seconds
  Pass  (vp, gles3) finished in 0.05 seconds. Local cache hits 0 (0.00s CPU time), remote cache hits 0 (0.00s CPU time), compiled 3 variants (0.16s CPU time), skipped 0 variants.
  Pass  (vp, vulkan) finished in 0.06 seconds. Local cache hits 0 (0.00s CPU time), remote cache hits 0 (0.00s CPU time), compiled 3 variants (0.16s CPU time), skipped 0 variants.
    Prepared data for serialisation in 0.00s
Serialized binary data for shader Hidden/Physics2D/SDF_CircleGeometry in 0.00s
    gles3 (total internal programs: 3, unique: 1)
    vulkan (total internal programs: 3, unique: 1)
Compiling shader "Hidden/Physics2D/SDF_CapsuleGeometry"
  Pass "" (vp)
    Target graphics API: gles3
    Full variant space:         2
    After settings filtering:   2
    After built-in stripping:   3
    After scriptable stripping: 3
    Processed in 0.00 seconds
    Target graphics API: vulkan
    Full variant space:         2
    After settings filtering:   2
    After built-in stripping:   3
    After scriptable stripping: 3
    Processed in 0.00 seconds
  Pass  (vp, gles3) finished in 0.07 seconds. Local cache hits 0 (0.00s CPU time), remote cache hits 0 (0.00s CPU time), compiled 3 variants (0.16s CPU time), skipped 0 variants.
  Pass  (vp, vulkan) finished in 0.07 seconds. Local cache hits 0 (0.00s CPU time), remote cache hits 0 (0.00s CPU time), compiled 3 variants (0.18s CPU time), skipped 0 variants.
    Prepared data for serialisation in 0.00s
Serialized binary data for shader Hidden/Physics2D/SDF_CapsuleGeometry in 0.00s
    gles3 (total internal programs: 3, unique: 1)
    vulkan (total internal programs: 3, unique: 1)
Compiling shader "Hidden/Physics2D/SDF_PolygonGeometry"
  Pass "" (vp)
    Target graphics API: gles3
    Full variant space:         2
    After settings filtering:   2
    After built-in stripping:   3
    After scriptable stripping: 3
    Processed in 0.00 seconds
    Target graphics API: vulkan
    Full variant space:         2
    After settings filtering:   2
    After built-in stripping:   3
    After scriptable stripping: 3
    Processed in 0.00 seconds
  Pass  (vp, gles3) finished in 0.18 seconds. Local cache hits 0 (0.00s CPU time), remote cache hits 0 (0.00s CPU time), compiled 3 variants (0.51s CPU time), skipped 0 variants.
  Pass  (vp, vulkan) finished in 0.19 seconds. Local cache hits 0 (0.00s CPU time), remote cache hits 0 (0.00s CPU time), compiled 3 variants (0.56s CPU time), skipped 0 variants.
    Prepared data for serialisation in 0.00s
Serialized binary data for shader Hidden/Physics2D/SDF_PolygonGeometry in 0.00s
    gles3 (total internal programs: 3, unique: 1)
    vulkan (total internal programs: 3, unique: 1)
Compiling shader "Hidden/Physics2D/SDF_Line"
  Pass "" (vp)
    Target graphics API: gles3
    Full variant space:         2
    After settings filtering:   2
    After built-in stripping:   3
    After scriptable stripping: 3
    Processed in 0.00 seconds
    Target graphics API: vulkan
    Full variant space:         2
    After settings filtering:   2
    After built-in stripping:   3
    After scriptable stripping: 3
    Processed in 0.00 seconds
  Pass  (vp, gles3) finished in 0.06 seconds. Local cache hits 0 (0.00s CPU time), remote cache hits 0 (0.00s CPU time), compiled 3 variants (0.17s CPU time), skipped 0 variants.
  Pass  (vp, vulkan) finished in 0.06 seconds. Local cache hits 0 (0.00s CPU time), remote cache hits 0 (0.00s CPU time), compiled 3 variants (0.16s CPU time), skipped 0 variants.
    Prepared data for serialisation in 0.00s
Serialized binary data for shader Hidden/Physics2D/SDF_Line in 0.00s
    gles3 (total internal programs: 3, unique: 1)
    vulkan (total internal programs: 3, unique: 1)
Compiling shader "Hidden/Physics2D/SDF_Point"
  Pass "" (vp)
    Target graphics API: gles3
    Full variant space:         2
    After settings filtering:   2
    After built-in stripping:   3
    After scriptable stripping: 3
    Processed in 0.00 seconds
    Target graphics API: vulkan
    Full variant space:         2
    After settings filtering:   2
    After built-in stripping:   3
    After scriptable stripping: 3
    Processed in 0.00 seconds
  Pass  (vp, gles3) finished in 0.06 seconds. Local cache hits 0 (0.00s CPU time), remote cache hits 0 (0.00s CPU time), compiled 3 variants (0.18s CPU time), skipped 0 variants.
  Pass  (vp, vulkan) finished in 0.07 seconds. Local cache hits 0 (0.00s CPU time), remote cache hits 0 (0.00s CPU time), compiled 3 variants (0.21s CPU time), skipped 0 variants.
    Prepared data for serialisation in 0.00s
Serialized binary data for shader Hidden/Physics2D/SDF_Point in 0.00s
    gles3 (total internal programs: 3, unique: 1)
    vulkan (total internal programs: 3, unique: 1)
DisplayProgressbar: Initializing
Android PostProcess task "Initializing" took 1.7327 ms
DisplayProgressbar: Check gradle project collisions
Android PostProcess task "Check gradle project collisions" took 0.5217 ms
DisplayProgressbar: Preparing banner
Android PostProcess task "Preparing banner" took 0.2535 ms
info: Microsoft.AspNetCore.Hosting.Diagnostics[1]
      Request starting HTTP/2 POST http://ilpp/UnityILPP.PostProcessing/Ping - application/grpc -
info: Microsoft.AspNetCore.Routing.EndpointMiddleware[0]
      Executing endpoint 'gRPC - /UnityILPP.PostProcessing/Ping'
info: Microsoft.AspNetCore.Routing.EndpointMiddleware[1]
      Executed endpoint 'gRPC - /UnityILPP.PostProcessing/Ping'
info: Microsoft.AspNetCore.Hosting.Diagnostics[2]
      Request finished HTTP/2 POST http://ilpp/UnityILPP.PostProcessing/Ping - 200 - application/grpc 1.2816ms
Starting: /Applications/Unity/Hub/Editor/6000.5.1f1/Unity.app/Contents/Resources/BuildPipeline/bee_backend --ipc --dagfile="Library/Bee/Player731bf136.dag" --profile="Library/Bee/backend1.traceevents" Player
WorkingDir: /Users/ashupathak/Documents/Sagar/MusicPlayer/UnityGame
[             ] Require frontend run.  Library/Bee/Player731bf136.dag couldn't be loaded
Starting: /Applications/Unity/Hub/Editor/6000.5.1f1/Unity.app/Contents/Resources/Scripting/netcorerun/netcorerun "/Applications/Unity/Hub/Editor/6000.5.1f1/PlaybackEngines/AndroidPlayer/AndroidPlayerBuildProgram.exe" "/Applications/Unity/Hub/Editor/6000.5.1f1/PlaybackEngines/AndroidPlayer/Bee:/Applications/Unity/Hub/Editor/6000.5.1f1/Unity.app/Contents/Resources/BuildPipeline" "Library/Bee/Player731bf136.dag.json" "Library/Bee/Player731bf136-inputdata.json" "Library/Bee/buildprogram0.traceevents"
WorkingDir: /Users/ashupathak/Documents/Sagar/MusicPlayer/UnityGame
ExitCode: 4 Duration: 0s109ms
DisplayProgressbar: Incremental Player Build
ExitCode: 0 Duration: 0s687ms
Starting: /Applications/Unity/Hub/Editor/6000.5.1f1/Unity.app/Contents/Resources/BuildPipeline/bee_backend --ipc --dagfile="Library/Bee/Player731bf136.dag" --dagfilejson="Library/Bee/Player731bf136.dag.json" --profile="Library/Bee/backend2.traceevents" Player
WorkingDir: /Users/ashupathak/Documents/Sagar/MusicPlayer/UnityGame
Finished compiling graph: 2445 nodes, 4908 flattened edges (4908 ToBuild, 0 ToUse), maximum node priority 22
[   1/2443  0s] WriteText Library/Bee/artifacts/csharpactions/dummy-FeaturesChecked.txt_emel.info
[   2/2443  0s] WriteText Library/Bee/artifacts/csharpactions/IntermediateFiles.txt_ri9j.info
[   3/2443  0s] WriteText Library/Bee/artifacts/csharpactions/IntermediateLauncherManifestDiag.txt_4oyd.info
[   4/2443  0s] WriteText Library/Bee/artifacts/csharpactions/globalgamemanagers.assets_wxz5.info
[   5/2443  0s] WriteText Library/Bee/artifacts/csharpactions/UnityClassRegistration.cpp_6zpc.info
[   6/2443  0s] WriteText Library/Bee/artifacts/csharpactions/boot.config_x4e9.info
[   7/2443  0s] CopyFiles Build/unityLibrary/libs/unity-classes.jar
[   8/2443  0s] WriteText Library/Bee/artifacts/csharpactions/level0_isf5.info
[   9/2443  0s] WriteText Library/Bee/artifacts/csharpactions/unity_app_guid_ncg7.info
[  10/2443  0s] WriteText Library/Bee/artifacts/csharpactions/sharedassets0.assets_v4ez.info
[  11/2443  0s] CopyFiles Build/unityLibrary/src/main/java/com/unity3d/player/UnityPlayerGameActivity.java
[  12/2443  0s] CopyFiles Build/unityLibrary/src/main/jniLibs/arm64-v8a/libmain.so
[  13/2443  0s] CopyFiles Build/unityLibrary/src/main/jniLibs/armeabi-v7a/libmain.so
[  14/2443  0s] WriteText Build/unityLibrary/src/main/res/values/colors.xml
[  15/2443  0s] WriteText Build/unityLibrary/src/main/res/values/styles.xml
[  16/2443  0s] WriteText Build/unityLibrary/src/main/res/values-v31/styles.xml
[  17/2443  0s] WriteText Build/unityLibrary/src/main/res/values-v21/styles.xml
[  18/2443  0s] WriteText Build/launcher/src/main/res/values/strings.xml
[  19/2443  0s] CopyFiles Build/unityLibrary/src/main/res/values/ids.xml
[  20/2443  0s] CopyFiles Build/unityLibrary/src/main/res/values/strings.xml
[  21/2443  0s] CopyFiles Build/unityLibrary/src/main/res/values-v30/freeformwindow.xml
[  22/2443  0s] CopyFiles Build/unityLibrary/src/main/res/values/freeformwindow.xml
[  23/2443  0s] CopyFiles Build/unityLibrary/src/main/assets/bin/Data/Resources/unity default resources
[  24/2443  0s] CopyFiles Build/unityLibrary/src/main/Il2CppOutputProject/IL2CPP/il2cpp_root
[  25/2443  0s] CopyFiles Build/unityLibrary/src/main/Il2CppOutputProject/IL2CPP/libmono/config/il2cpp-config-mono.h
[  26/2443  0s] CopyFiles Build/unityLibrary/src/main/Il2CppOutputProject/IL2CPP/libmono/config/il2cpp-config-mono-win.h
[  27/2443  0s] CopyFiles Build/unityLibrary/src/main/Il2CppOutputProject/IL2CPP/libmono/config/il2cpp-config-mono-web.h
[  28/2443  0s] CopyFiles Build/unityLibrary/src/main/Il2CppOutputProject/IL2CPP/libmono/config/il2cpp-config-mono-osx.h
[  29/2443  0s] CopyFiles Build/unityLibrary/src/main/Il2CppOutputProject/IL2CPP/libmono/config/il2cpp-config-mono-linux.h
[  30/2443  0s] CopyFiles Build/unityLibrary/src/main/Il2CppOutputProject/IL2CPP/libmono/config/il2cpp-config-mono-ios.h
[  31/2443  0s] CopyFiles Build/unityLibrary/src/main/Il2CppOutputProject/IL2CPP/libmono/config/eglib-config.hw
[  32/2443  0s] CopyFiles Build/unityLibrary/src/main/Il2CppOutputProject/IL2CPP/libmono/config/il2cpp-config-mono-android.h
[  33/2443  0s] CopyFiles Build/unityLibrary/src/main/Il2CppOutputProject/IL2CPP/libmono/config/eglib-config.h
[  34/2443  0s] CopyFiles Build/unityLibrary/src/main/Il2CppOutputProject/IL2CPP/libmono/config/config.h
[  35/2443  0s] CopyFiles Build/unityLibrary/src/main/Il2CppOutputProject/IL2CPP/libil2cpp/vm/WindowsRuntime.cpp
[  36/2443  0s] CopyFiles Build/unityLibrary/src/main/Il2CppOutputProject/IL2CPP/libil2cpp/vm/WindowsRuntime.h
[  37/2443  0s] CopyFiles Build/unityLibrary/src/main/Il2CppOutputProject/IL2CPP/libil2cpp/vm/WeakReference.h
[  38/2443  0s] CopyFiles Build/unityLibrary/src/main/Il2CppOutputProject/IL2CPP/libil2cpp/vm/WeakReference.cpp
[  39/2443  0s] CopyFiles Build/unityLibrary/src/main/Il2CppOutputProject/IL2CPP/libil2cpp/vm/WaitHandle.h
[  40/2443  0s] CopyFiles Build/unityLibrary/src/main/Il2CppOutputProject/IL2CPP/libil2cpp/vm/WaitHandle.cpp
[  41/2443  0s] CopyFiles Build/unityLibrary/src/main/Il2CppOutputProject/IL2CPP/libil2cpp/vm/VisualizerHelpers.cpp
[  42/2443  0s] CopyFiles Build/unityLibrary/src/main/Il2CppOutputProject/IL2CPP/libil2cpp/vm/Type.h
[  43/2443  0s] CopyFiles Build/unityLibrary/src/main/Il2CppOutputProject/IL2CPP/libil2cpp/vm/ThreadPoolMs.h
[  44/2443  0s] CopyFiles Build/unityLibrary/src/main/Il2CppOutputProject/IL2CPP/libil2cpp/vm/Type.cpp
[  45/2443  0s] CopyFiles Build/unityLibrary/src/main/Il2CppOutputProject/IL2CPP/libil2cpp/vm/ThreadPoolMs.cpp
[  46/2443  0s] CopyFiles Build/unityLibrary/src/main/Il2CppOutputProject/IL2CPP/libil2cpp/vm/Thread.h
[  47/2443  0s] CopyFiles Build/unityLibrary/src/main/Il2CppOutputProject/IL2CPP/libil2cpp/vm/Thread.cpp
[  48/2443  0s] CopyFiles Build/unityLibrary/src/main/Il2CppOutputProject/IL2CPP/libil2cpp/vm/Thread-mono-net8.h
[  49/2443  0s] CopyFiles Build/unityLibrary/src/main/Il2CppOutputProject/IL2CPP/libil2cpp/vm/Thread-mono-net8.cpp
[  50/2443  0s] CopyFiles Build/unityLibrary/src/main/Il2CppOutputProject/IL2CPP/libil2cpp/vm/String.h
[  51/2443  0s] CopyFiles Build/unityLibrary/src/main/Il2CppOutputProject/IL2CPP/libil2cpp/vm/String.cpp
[  52/2443  0s] CopyFiles Build/unityLibrary/src/main/Il2CppOutputProject/IL2CPP/libil2cpp/vm/StackTrace.h
[  53/2443  0s] CopyFiles Build/unityLibrary/src/main/Il2CppOutputProject/IL2CPP/libil2cpp/vm/StackTrace.cpp
[  54/2443  0s] CopyFiles Build/unityLibrary/src/main/Il2CppOutputProject/IL2CPP/libil2cpp/vm/ScopedThreadAttacher.h
[  55/2443  0s] CopyFiles Build/unityLibrary/src/main/Il2CppOutputProject/IL2CPP/libil2cpp/vm/ScopedThreadAttacher.cpp
[  56/2443  0s] CopyFiles Build/unityLibrary/src/main/Il2CppOutputProject/IL2CPP/libil2cpp/vm/Runtime.h
[  57/2443  0s] CopyFiles Build/unityLibrary/src/main/Il2CppOutputProject/IL2CPP/libil2cpp/vm/Reflection.h
[  58/2443  0s] CopyFiles Build/unityLibrary/src/main/Il2CppOutputProject/IL2CPP/libil2cpp/vm/Runtime.cpp
[  59/2443  0s] CopyFiles Build/unityLibrary/src/main/Il2CppOutputProject/IL2CPP/libil2cpp/vm/Reflection.cpp
[  60/2443  0s] CopyFiles Build/unityLibrary/src/main/Il2CppOutputProject/IL2CPP/libil2cpp/vm/RCW.h
[  61/2443  0s] CopyFiles Build/unityLibrary/src/main/Il2CppOutputProject/IL2CPP/libil2cpp/vm/Random.h
[  62/2443  0s] CopyFiles Build/unityLibrary/src/main/Il2CppOutputProject/IL2CPP/libil2cpp/vm/RCW.cpp
[  63/2443  0s] CopyFiles Build/unityLibrary/src/main/Il2CppOutputProject/IL2CPP/libil2cpp/vm/Random.cpp
[  64/2443  0s] CopyFiles Build/unityLibrary/src/main/Il2CppOutputProject/IL2CPP/libil2cpp/vm/Property.h
[  65/2443  0s] CopyFiles Build/unityLibrary/src/main/Il2CppOutputProject/IL2CPP/libil2cpp/vm/Property.cpp
[  66/2443  0s] CopyFiles Build/unityLibrary/src/main/Il2CppOutputProject/IL2CPP/libil2cpp/vm/Profiler.h
[  67/2443  0s] CopyFiles Build/unityLibrary/src/main/Il2CppOutputProject/IL2CPP/libil2cpp/vm/Profiler.cpp
[  68/2443  0s] CopyFiles Build/unityLibrary/src/main/Il2CppOutputProject/IL2CPP/libil2cpp/vm/PlatformInvoke.h
[  69/2443  0s] CopyFiles Build/unityLibrary/src/main/Il2CppOutputProject/IL2CPP/libil2cpp/vm/Path.h
[  70/2443  0s] CopyFiles Build/unityLibrary/src/main/Il2CppOutputProject/IL2CPP/libil2cpp/vm/PlatformInvoke.cpp
[  71/2443  0s] CopyFiles Build/unityLibrary/src/main/Il2CppOutputProject/IL2CPP/libil2cpp/vm/Parameter.h
[  72/2443  0s] CopyFiles Build/unityLibrary/src/main/Il2CppOutputProject/IL2CPP/libil2cpp/vm/Path.cpp
[  73/2443  0s] CopyFiles Build/unityLibrary/src/main/Il2CppOutputProject/IL2CPP/libil2cpp/vm/ObjectInlines.h
[  74/2443  0s] CopyFiles Build/unityLibrary/src/main/Il2CppOutputProject/IL2CPP/libil2cpp/vm/Object.h
[  75/2443  0s] CopyFiles Build/unityLibrary/src/main/Il2CppOutputProject/IL2CPP/libil2cpp/vm/Parameter.cpp
[  76/2443  0s] CopyFiles Build/unityLibrary/src/main/Il2CppOutputProject/IL2CPP/libil2cpp/vm/Object.cpp
[  77/2443  0s] CopyFiles Build/unityLibrary/src/main/Il2CppOutputProject/IL2CPP/libil2cpp/vm/NonCachedCCWBase.h
[  78/2443  0s] CopyFiles Build/unityLibrary/src/main/Il2CppOutputProject/IL2CPP/libil2cpp/vm/Monitor.h
[  79/2443  0s] CopyFiles Build/unityLibrary/src/main/Il2CppOutputProject/IL2CPP/libil2cpp/vm/Monitor.cpp
[  80/2443  0s] CopyFiles Build/unityLibrary/src/main/Il2CppOutputProject/IL2CPP/libil2cpp/vm/Module.h
[  81/2443  0s] CopyFiles Build/unityLibrary/src/main/Il2CppOutputProject/IL2CPP/libil2cpp/vm/Module.cpp
[  82/2443  0s] CopyFiles Build/unityLibrary/src/main/Il2CppOutputProject/IL2CPP/libil2cpp/vm/Method.cpp
[  83/2443  0s] CopyFiles Build/unityLibrary/src/main/Il2CppOutputProject/IL2CPP/libil2cpp/vm/MetadataLock.h
[  84/2443  0s] CopyFiles Build/unityLibrary/src/main/Il2CppOutputProject/IL2CPP/libil2cpp/vm/Method.h
[  85/2443  0s] CopyFiles Build/unityLibrary/src/main/Il2CppOutputProject/IL2CPP/libil2cpp/vm/MetadataLoader.h
[  86/2443  0s] CopyFiles Build/unityLibrary/src/main/Il2CppOutputProject/IL2CPP/libil2cpp/vm/MetadataLoader.cpp
[  87/2443  0s] CopyFiles Build/unityLibrary/src/main/Il2CppOutputProject/IL2CPP/libil2cpp/vm/MetadataDeserialization.h
[  88/2443  0s] CopyFiles Build/unityLibrary/src/main/Il2CppOutputProject/IL2CPP/libil2cpp/vm/MetadataDeserialization.cpp
[  89/2443  0s] CopyFiles Build/unityLibrary/src/main/Il2CppOutputProject/IL2CPP/libil2cpp/vm/MetadataCache.h
[  90/2443  0s] CopyFiles Build/unityLibrary/src/main/Il2CppOutputProject/IL2CPP/libil2cpp/vm/MetadataAlloc.h
[  91/2443  0s] CopyFiles Build/unityLibrary/src/main/Il2CppOutputProject/IL2CPP/libil2cpp/vm/MetadataCache.cpp
[  92/2443  0s] CopyFiles Build/unityLibrary/src/main/Il2CppOutputProject/IL2CPP/libil2cpp/vm/MetadataAlloc.cpp
[  93/2443  0s] CopyFiles Build/unityLibrary/src/main/Il2CppOutputProject/IL2CPP/libil2cpp/vm/MemoryInformation.h
[  94/2443  0s] CopyFiles Build/unityLibrary/src/main/Il2CppOutputProject/IL2CPP/libil2cpp/vm/MemoryInformation.cpp
[  95/2443  0s] CopyFiles Build/unityLibrary/src/main/Il2CppOutputProject/IL2CPP/libil2cpp/vm/MarshalAlloc.cpp
[  96/2443  0s] CopyFiles Build/unityLibrary/src/main/Il2CppOutputProject/IL2CPP/libil2cpp/vm/MarshalAlloc.h
[  97/2443  0s] CopyFiles Build/unityLibrary/src/main/Il2CppOutputProject/IL2CPP/libil2cpp/vm/Liveness.h
[  98/2443  0s] CopyFiles Build/unityLibrary/src/main/Il2CppOutputProject/IL2CPP/libil2cpp/vm/Liveness.cpp
[  99/2443  0s] CopyFiles Build/unityLibrary/src/main/Il2CppOutputProject/IL2CPP/libil2cpp/vm/LastError.h
[ 100/2443  0s] CopyFiles Build/unityLibrary/src/main/Il2CppOutputProject/IL2CPP/libil2cpp/vm/InternalCalls.h
[ 101/2443  0s] CopyFiles Build/unityLibrary/src/main/Il2CppOutputProject/IL2CPP/libil2cpp/vm/LastError.cpp
[ 102/2443  0s] CopyFiles Build/unityLibrary/src/main/Il2CppOutputProject/IL2CPP/libil2cpp/vm/Image.h
[ 103/2443  0s] CopyFiles Build/unityLibrary/src/main/Il2CppOutputProject/IL2CPP/libil2cpp/vm/InternalCalls.cpp
[ 104/2443  0s] CopyFiles Build/unityLibrary/src/main/Il2CppOutputProject/IL2CPP/libil2cpp/vm/Il2CppHStringReference.h
[ 105/2443  0s] CopyFiles Build/unityLibrary/src/main/Il2CppOutputProject/IL2CPP/libil2cpp/vm/Image.cpp
[ 106/2443  0s] CopyFiles Build/unityLibrary/src/main/Il2CppOutputProject/IL2CPP/libil2cpp/vm/Il2CppHStringReference.cpp
[ 107/2443  0s] CopyFiles Build/unityLibrary/src/main/Il2CppOutputProject/IL2CPP/libil2cpp/vm/IcuData.h
[ 108/2443  0s] CopyFiles Build/unityLibrary/src/main/Il2CppOutputProject/IL2CPP/libil2cpp/vm/GlobalMetadataFileInternals.h
[ 109/2443  0s] CopyFiles Build/unityLibrary/src/main/Il2CppOutputProject/IL2CPP/libil2cpp/vm/IcuData.cpp
[ 110/2443  0s] CopyFiles Build/unityLibrary/src/main/Il2CppOutputProject/IL2CPP/libil2cpp/vm/GlobalMetadata.h
[ 111/2443  0s] CopyFiles Build/unityLibrary/src/main/Il2CppOutputProject/IL2CPP/libil2cpp/vm/GenericContainer.h
[ 112/2443  0s] CopyFiles Build/unityLibrary/src/main/Il2CppOutputProject/IL2CPP/libil2cpp/vm/GenericContainer.cpp
[ 113/2443  0s] CopyFiles Build/unityLibrary/src/main/Il2CppOutputProject/IL2CPP/libil2cpp/vm/GlobalMetadata.cpp
[ 114/2443  0s] CopyFiles Build/unityLibrary/src/main/Il2CppOutputProject/IL2CPP/libil2cpp/vm/GenericClass.cpp
[ 115/2443  0s] CopyFiles Build/unityLibrary/src/main/Il2CppOutputProject/IL2CPP/libil2cpp/vm/GenericClass.h
[ 116/2443  0s] CopyFiles Build/unityLibrary/src/main/Il2CppOutputProject/IL2CPP/libil2cpp/vm/Field.h
[ 117/2443  0s] CopyFiles Build/unityLibrary/src/main/Il2CppOutputProject/IL2CPP/libil2cpp/vm/Field.cpp
[ 118/2443  0s] CopyFiles Build/unityLibrary/src/main/Il2CppOutputProject/IL2CPP/libil2cpp/vm/Exception.h
[ 119/2443  0s] CopyFiles Build/unityLibrary/src/main/Il2CppOutputProject/IL2CPP/libil2cpp/vm/Exception.cpp
[ 120/2443  0s] CopyFiles Build/unityLibrary/src/main/Il2CppOutputProject/IL2CPP/libil2cpp/vm/Event.h
[ 121/2443  0s] CopyFiles Build/unityLibrary/src/main/Il2CppOutputProject/IL2CPP/libil2cpp/vm/Enum.h
[ 122/2443  0s] CopyFiles Build/unityLibrary/src/main/Il2CppOutputProject/IL2CPP/libil2cpp/vm/Event.cpp
[ 123/2443  0s] CopyFiles Build/unityLibrary/src/main/Il2CppOutputProject/IL2CPP/libil2cpp/vm/Domain.h
[ 124/2443  0s] CopyFiles Build/unityLibrary/src/main/Il2CppOutputProject/IL2CPP/libil2cpp/vm/Enum.cpp
[ 125/2443  0s] CopyFiles Build/unityLibrary/src/main/Il2CppOutputProject/IL2CPP/libil2cpp/vm/ComObjectBase.h
[ 126/2443  0s] CopyFiles Build/unityLibrary/src/main/Il2CppOutputProject/IL2CPP/libil2cpp/vm/Domain.cpp
[ 127/2443  0s] CopyFiles Build/unityLibrary/src/main/Il2CppOutputProject/IL2CPP/libil2cpp/vm/COMEntryPoints.h
[ 128/2443  0s] CopyFiles Build/unityLibrary/src/main/Il2CppOutputProject/IL2CPP/libil2cpp/vm/ComObjectBase.cpp
[ 129/2443  0s] CopyFiles Build/unityLibrary/src/main/Il2CppOutputProject/IL2CPP/libil2cpp/vm/COMEntryPoints.cpp
[ 130/2443  0s] CopyFiles Build/unityLibrary/src/main/Il2CppOutputProject/IL2CPP/libil2cpp/vm/COM.h
[ 131/2443  0s] CopyFiles Build/unityLibrary/src/main/Il2CppOutputProject/IL2CPP/libil2cpp/vm/COM.cpp
[ 132/2443  0s] CopyFiles Build/unityLibrary/src/main/Il2CppOutputProject/IL2CPP/libil2cpp/vm/ClassLibraryPAL.h
[ 133/2443  0s] CopyFiles Build/unityLibrary/src/main/Il2CppOutputProject/IL2CPP/libil2cpp/vm/ClassInlines.h
[ 134/2443  0s] CopyFiles Build/unityLibrary/src/main/Il2CppOutputProject/IL2CPP/libil2cpp/vm/ClassLibraryPAL.cpp
[ 135/2443  0s] CopyFiles Build/unityLibrary/src/main/Il2CppOutputProject/IL2CPP/libil2cpp/vm/ClassInlines.cpp
[ 136/2443  0s] CopyFiles Build/unityLibrary/src/main/Il2CppOutputProject/IL2CPP/libil2cpp/vm/Class.h
[ 137/2443  0s] CopyFiles Build/unityLibrary/src/main/Il2CppOutputProject/IL2CPP/libil2cpp/vm/CCWBase.h
[ 138/2443  0s] CopyFiles Build/unityLibrary/src/main/Il2CppOutputProject/IL2CPP/libil2cpp/vm/Class.cpp
[ 139/2443  0s] CopyFiles Build/unityLibrary/src/main/Il2CppOutputProject/IL2CPP/libil2cpp/vm/CCW.h
[ 140/2443  0s] CopyFiles Build/unityLibrary/src/main/Il2CppOutputProject/IL2CPP/libil2cpp/vm/CCWBase.cpp
[ 141/2443  0s] CopyFiles Build/unityLibrary/src/main/Il2CppOutputProject/IL2CPP/libil2cpp/vm/CachedCCWBase.h
[ 142/2443  0s] CopyFiles Build/unityLibrary/src/main/Il2CppOutputProject/IL2CPP/libil2cpp/vm/CCW.cpp
[ 143/2443  0s] CopyFiles Build/unityLibrary/src/main/Il2CppOutputProject/IL2CPP/libil2cpp/vm/AssemblyName.h
[ 144/2443  0s] CopyFiles Build/unityLibrary/src/main/Il2CppOutputProject/IL2CPP/libil2cpp/vm/AssemblyName.cpp
[ 145/2443  0s] CopyFiles Build/unityLibrary/src/main/Il2CppOutputProject/IL2CPP/libil2cpp/vm/Assembly.h
[ 146/2443  0s] CopyFiles Build/unityLibrary/src/main/Il2CppOutputProject/IL2CPP/libil2cpp/vm/Assembly.cpp
[ 147/2443  0s] CopyFiles Build/unityLibrary/src/main/Il2CppOutputProject/IL2CPP/libil2cpp/vm/Array.h
[ 148/2443  0s] CopyFiles Build/unityLibrary/src/main/Il2CppOutputProject/IL2CPP/libil2cpp/vm/Array.cpp
[ 149/2443  0s] CopyFiles Build/unityLibrary/src/main/Il2CppOutputProject/IL2CPP/libil2cpp/vm/AppContext.h
[ 150/2443  0s] CopyFiles Build/unityLibrary/src/main/Il2CppOutputProject/IL2CPP/libil2cpp/vm/AppContext.cpp
[ 151/2443  0s] CopyFiles Build/unityLibrary/src/main/Il2CppOutputProject/IL2CPP/libil2cpp/vm/AndroidRuntime.h
[ 152/2443  0s] CopyFiles Build/unityLibrary/src/main/Il2CppOutputProject/IL2CPP/libil2cpp/vm/AndroidRuntime.cpp
[ 153/2443  0s] CopyFiles Build/unityLibrary/src/main/Il2CppOutputProject/IL2CPP/libil2cpp/vm/ActivationFactoryBase.h
[ 154/2443  0s] CopyFiles Build/unityLibrary/src/main/Il2CppOutputProject/IL2CPP/libil2cpp/vm-utils/VmThreadUtils.cpp
[ 155/2443  0s] CopyFiles Build/unityLibrary/src/main/Il2CppOutputProject/IL2CPP/libil2cpp/vm-utils/VmThreadUtils.h
[ 156/2443  0s] CopyFiles Build/unityLibrary/src/main/Il2CppOutputProject/IL2CPP/libil2cpp/vm-utils/VmStringUtils.h
[ 157/2443  0s] CopyFiles Build/unityLibrary/src/main/Il2CppOutputProject/IL2CPP/libil2cpp/vm-utils/VmStringUtils.cpp
[ 158/2443  0s] CopyFiles Build/unityLibrary/src/main/Il2CppOutputProject/IL2CPP/libil2cpp/vm-utils/VmMethod.h
[ 159/2443  0s] CopyFiles Build/unityLibrary/src/main/Il2CppOutputProject/IL2CPP/libil2cpp/vm-utils/NativeSymbol.h
[ 160/2443  0s] CopyFiles Build/unityLibrary/src/main/Il2CppOutputProject/IL2CPP/libil2cpp/vm-utils/MethodDefinitionKey.h
[ 161/2443  0s] CopyFiles Build/unityLibrary/src/main/Il2CppOutputProject/IL2CPP/libil2cpp/vm-utils/NativeSymbol.cpp
[ 162/2443  0s] CopyFiles Build/unityLibrary/src/main/Il2CppOutputProject/IL2CPP/libil2cpp/vm-utils/ImageStackCrawlMark.h
[ 163/2443  0s] CopyFiles Build/unityLibrary/src/main/Il2CppOutputProject/IL2CPP/libil2cpp/vm-utils/Finally.h
[ 164/2443  0s] CopyFiles Build/unityLibrary/src/main/Il2CppOutputProject/IL2CPP/libil2cpp/vm-utils/DebugSymbolReader.h
[ 165/2443  0s] CopyFiles Build/unityLibrary/src/main/Il2CppOutputProject/IL2CPP/libil2cpp/vm-utils/Finally.cpp
[ 166/2443  0s] CopyFiles Build/unityLibrary/src/main/Il2CppOutputProject/IL2CPP/libil2cpp/vm-utils/DebugSymbolReader.cpp
[ 167/2443  0s] CopyFiles Build/unityLibrary/src/main/Il2CppOutputProject/IL2CPP/libil2cpp/vm-utils/Debugger.h
[ 168/2443  0s] CopyFiles Build/unityLibrary/src/main/Il2CppOutputProject/IL2CPP/libil2cpp/vm-utils/BlobReader.h
[ 169/2443  0s] CopyFiles Build/unityLibrary/src/main/Il2CppOutputProject/IL2CPP/libil2cpp/vm-utils/Debugger.cpp
[ 170/2443  0s] CopyFiles Build/unityLibrary/src/main/Il2CppOutputProject/IL2CPP/libil2cpp/vm-utils/BlobReader.cpp
[ 171/2443  0s] CopyFiles Build/unityLibrary/src/main/Il2CppOutputProject/IL2CPP/libil2cpp/utils/TemplateUtils.h
[ 172/2443  0s] CopyFiles Build/unityLibrary/src/main/Il2CppOutputProject/IL2CPP/libil2cpp/utils/ThreadSafeFreeList.h
[ 173/2443  0s] CopyFiles Build/unityLibrary/src/main/Il2CppOutputProject/IL2CPP/libil2cpp/utils/StringView.h
[ 174/2443  0s] CopyFiles Build/unityLibrary/src/main/Il2CppOutputProject/IL2CPP/libil2cpp/utils/StringViewUtils.h
[ 175/2443  0s] CopyFiles Build/unityLibrary/src/main/Il2CppOutputProject/IL2CPP/libil2cpp/utils/StringUtils.h
[ 176/2443  0s] CopyFiles Build/unityLibrary/src/main/Il2CppOutputProject/IL2CPP/libil2cpp/utils/StringUtils.cpp
[ 177/2443  0s] CopyFiles Build/unityLibrary/src/main/Il2CppOutputProject/IL2CPP/libil2cpp/utils/sha1.h
[ 178/2443  0s] CopyFiles Build/unityLibrary/src/main/Il2CppOutputProject/IL2CPP/libil2cpp/utils/sha1.cpp
[ 179/2443  0s] CopyFiles Build/unityLibrary/src/main/Il2CppOutputProject/IL2CPP/libil2cpp/utils/Runtime.h
[ 180/2443  0s] CopyFiles Build/unityLibrary/src/main/Il2CppOutputProject/IL2CPP/libil2cpp/utils/Runtime.cpp
[ 181/2443  0s] CopyFiles Build/unityLibrary/src/main/Il2CppOutputProject/IL2CPP/libil2cpp/utils/PathUtils.h
[ 182/2443  0s] CopyFiles Build/unityLibrary/src/main/Il2CppOutputProject/IL2CPP/libil2cpp/utils/PathUtils.cpp
[ 183/2443  0s] CopyFiles Build/unityLibrary/src/main/Il2CppOutputProject/IL2CPP/libil2cpp/utils/Output.h
[ 184/2443  0s] CopyFiles Build/unityLibrary/src/main/Il2CppOutputProject/IL2CPP/libil2cpp/utils/Output.cpp
[ 185/2443  0s] CopyFiles Build/unityLibrary/src/main/Il2CppOutputProject/IL2CPP/libil2cpp/utils/NonCopyable.h
[ 186/2443  0s] CopyFiles Build/unityLibrary/src/main/Il2CppOutputProject/IL2CPP/libil2cpp/utils/New.h
[ 187/2443  0s] CopyFiles Build/unityLibrary/src/main/Il2CppOutputProject/IL2CPP/libil2cpp/utils/mono-structs.cpp
[ 188/2443  0s] CopyFiles Build/unityLibrary/src/main/Il2CppOutputProject/IL2CPP/libil2cpp/utils/MemoryRead.h
[ 189/2443  0s] CopyFiles Build/unityLibrary/src/main/Il2CppOutputProject/IL2CPP/libil2cpp/utils/MemoryUtils.h
[ 190/2443  0s] CopyFiles Build/unityLibrary/src/main/Il2CppOutputProject/IL2CPP/libil2cpp/utils/MemoryPoolAddressSanitizer.h
[ 191/2443  0s] CopyFiles Build/unityLibrary/src/main/Il2CppOutputProject/IL2CPP/libil2cpp/utils/MemoryRead.cpp
[ 192/2443  0s] CopyFiles Build/unityLibrary/src/main/Il2CppOutputProject/IL2CPP/libil2cpp/utils/MemoryPoolAddressSanitizer.cpp
[ 193/2443  0s] CopyFiles Build/unityLibrary/src/main/Il2CppOutputProject/IL2CPP/libil2cpp/utils/MemoryPool.h
[ 194/2443  0s] CopyFiles Build/unityLibrary/src/main/Il2CppOutputProject/IL2CPP/libil2cpp/utils/MemoryPool.cpp
[ 195/2443  0s] CopyFiles Build/unityLibrary/src/main/Il2CppOutputProject/IL2CPP/libil2cpp/utils/MemoryMappedFile.cpp
[ 196/2443  0s] CopyFiles Build/unityLibrary/src/main/Il2CppOutputProject/IL2CPP/libil2cpp/utils/MemoryMappedFile.h
[ 197/2443  0s] CopyFiles Build/unityLibrary/src/main/Il2CppOutputProject/IL2CPP/libil2cpp/utils/Memory.h
[ 198/2443  0s] CopyFiles Build/unityLibrary/src/main/Il2CppOutputProject/IL2CPP/libil2cpp/utils/Memory.cpp
[ 199/2443  0s] CopyFiles Build/unityLibrary/src/main/Il2CppOutputProject/IL2CPP/libil2cpp/utils/MarshalingUtils.h
[ 200/2443  0s] CopyFiles Build/unityLibrary/src/main/Il2CppOutputProject/IL2CPP/libil2cpp/utils/MarshalingUtils.cpp
[ 201/2443  0s] CopyFiles Build/unityLibrary/src/main/Il2CppOutputProject/IL2CPP/libil2cpp/utils/Logging.h
[ 202/2443  0s] CopyFiles Build/unityLibrary/src/main/Il2CppOutputProject/IL2CPP/libil2cpp/utils/Logging.cpp
[ 203/2443  0s] CopyFiles Build/unityLibrary/src/main/Il2CppOutputProject/IL2CPP/libil2cpp/utils/KeyWrapper.h
[ 204/2443  0s] CopyFiles Build/unityLibrary/src/main/Il2CppOutputProject/IL2CPP/libil2cpp/utils/InitOnce.h
[ 205/2443  0s] CopyFiles Build/unityLibrary/src/main/Il2CppOutputProject/IL2CPP/libil2cpp/utils/Il2CppHashSet.h
[ 206/2443  0s] CopyFiles Build/unityLibrary/src/main/Il2CppOutputProject/IL2CPP/libil2cpp/utils/Il2CppHashMap.h
[ 207/2443  0s] CopyFiles Build/unityLibrary/src/main/Il2CppOutputProject/IL2CPP/libil2cpp/utils/Il2CppError.h
[ 208/2443  0s] CopyFiles Build/unityLibrary/src/main/Il2CppOutputProject/IL2CPP/libil2cpp/utils/Il2CppError.cpp
[ 209/2443  0s] CopyFiles Build/unityLibrary/src/main/Il2CppOutputProject/IL2CPP/libil2cpp/utils/Functional.h
[ 210/2443  0s] CopyFiles Build/unityLibrary/src/main/Il2CppOutputProject/IL2CPP/libil2cpp/utils/HashUtils.h
[ 211/2443  0s] SplitFile Library/Bee/artifacts/Android/Split/level0
[ 212/2443  0s] CopyFiles Build/unityLibrary/src/main/Il2CppOutputProject/IL2CPP/libil2cpp/utils/Expected.h
[ 213/2443  0s] CopyFiles Build/unityLibrary/src/main/Il2CppOutputProject/IL2CPP/libil2cpp/utils/ExceptionSupportStack.h
[ 214/2443  0s] CopyFiles Build/unityLibrary/src/main/Il2CppOutputProject/IL2CPP/libil2cpp/utils/Exception.h
[ 215/2443  0s] CopyFiles Build/unityLibrary/src/main/Il2CppOutputProject/IL2CPP/libil2cpp/utils/ExtendedAtomicTypes.h
[ 216/2443  0s] CopyFiles Build/unityLibrary/src/main/Il2CppOutputProject/IL2CPP/libil2cpp/utils/Environment.h
[ 217/2443  0s] CopyFiles Build/unityLibrary/src/main/Il2CppOutputProject/IL2CPP/libil2cpp/utils/Exception.cpp
[ 218/2443  0s] CopyFiles Build/unityLibrary/src/main/Il2CppOutputProject/IL2CPP/libil2cpp/utils/dynamic_array.h
[ 219/2443  0s] CopyFiles Build/unityLibrary/src/main/Il2CppOutputProject/IL2CPP/libil2cpp/utils/Environment.cpp
[ 220/2443  0s] SplitFile Library/Bee/artifacts/Android/Split/globalgamemanagers.assets
[ 221/2443  0s] CopyFiles Build/unityLibrary/src/main/Il2CppOutputProject/IL2CPP/libil2cpp/utils/DirectoryUtils.h
[ 222/2443  0s] CopyFiles Build/unityLibrary/src/main/Il2CppOutputProject/IL2CPP/libil2cpp/utils/DirectoryUtils.cpp
[ 223/2443  0s] CopyFiles Build/unityLibrary/src/main/Il2CppOutputProject/IL2CPP/libil2cpp/utils/CallOnce.h
[ 224/2443  0s] SplitFile Library/Bee/artifacts/Android/Split/sharedassets0.assets
[ 225/2443  0s] CopyFiles Build/unityLibrary/src/main/Il2CppOutputProject/IL2CPP/libil2cpp/utils/BaselibHandleUtils.h
[ 226/2443  0s] CopyFiles Build/unityLibrary/src/main/Il2CppOutputProject/IL2CPP/libil2cpp/UnityAdsStubs.cpp
[ 227/2443  0s] CopyFiles Build/unityLibrary/src/main/Il2CppOutputProject/IL2CPP/libil2cpp/utils/Collections.h
[ 228/2443  0s] CopyFiles Build/unityLibrary/src/main/Il2CppOutputProject/IL2CPP/libil2cpp/pch/pch-cpp.hpp
[ 229/2443  0s] CopyFiles Build/unityLibrary/src/main/Il2CppOutputProject/IL2CPP/libil2cpp/pch/pch-c.h
[ 230/2443  0s] CopyFiles Build/unityLibrary/src/main/Il2CppOutputProject/IL2CPP/libil2cpp/pch/pch-cpp.cpp
[ 231/2443  0s] CopyFiles Build/unityLibrary/src/main/Il2CppOutputProject/IL2CPP/libil2cpp/os/WinRT/Win32ApiWinRTEmulation.h
[ 232/2443  0s] CopyFiles Build/unityLibrary/src/main/Il2CppOutputProject/IL2CPP/libil2cpp/pch/pch-c.c
[ 233/2443  0s] CopyFiles Build/unityLibrary/src/main/Il2CppOutputProject/IL2CPP/libil2cpp/os/WinRT/WinRTVector.h
[ 234/2443  0s] CopyFiles Build/unityLibrary/src/main/Il2CppOutputProject/IL2CPP/libil2cpp/os/WinRT/Win32ApiWinRTEmulation.cpp
[ 235/2443  0s] CopyFiles Build/unityLibrary/src/main/Il2CppOutputProject/IL2CPP/libil2cpp/os/WinRT/Win32ApiSharedEmulation.h
[ 236/2443  0s] CopyFiles Build/unityLibrary/src/main/Il2CppOutputProject/IL2CPP/libil2cpp/os/WinRT/ReferenceCounter.h
[ 237/2443  0s] CopyFiles Build/unityLibrary/src/main/Il2CppOutputProject/IL2CPP/libil2cpp/os/WinRT/Win32ApiSharedEmulation.cpp
[ 238/2443  0s] CopyFiles Build/unityLibrary/src/main/Il2CppOutputProject/IL2CPP/libil2cpp/os/WinRT/SynchronousOperation.h
[ 239/2443  0s] CopyFiles Build/unityLibrary/src/main/Il2CppOutputProject/IL2CPP/libil2cpp/os/WinRT/Locale.cpp
[ 240/2443  0s] CopyFiles Build/unityLibrary/src/main/Il2CppOutputProject/IL2CPP/libil2cpp/os/WinRT/Process.cpp
[ 241/2443  0s] CopyFiles Build/unityLibrary/src/main/Il2CppOutputProject/IL2CPP/libil2cpp/os/WinRT/Initialize.cpp
[ 242/2443  0s] CopyFiles Build/unityLibrary/src/main/Il2CppOutputProject/IL2CPP/libil2cpp/os/WinRT/File.cpp
[ 243/2443  0s] CopyFiles Build/unityLibrary/src/main/Il2CppOutputProject/IL2CPP/libil2cpp/os/WinRT/Environment.cpp
[ 244/2443  0s] CopyFiles Build/unityLibrary/src/main/Il2CppOutputProject/IL2CPP/libil2cpp/os/WindowsGames/Win32ApiWindowsGamesEmulation.h
[ 245/2443  0s] CopyFiles Build/unityLibrary/src/main/Il2CppOutputProject/IL2CPP/libil2cpp/os/WindowsRuntime.h
[ 246/2443  0s] CopyFiles Build/unityLibrary/src/main/Il2CppOutputProject/IL2CPP/libil2cpp/os/WindowsGames/Win32ApiWindowsGamesEmulation.cpp
[ 247/2443  0s] CopyFiles Build/unityLibrary/src/main/Il2CppOutputProject/IL2CPP/libil2cpp/os/Win32/WindowsRuntime.cpp
[ 248/2443  0s] CopyFiles Build/unityLibrary/src/main/Il2CppOutputProject/IL2CPP/libil2cpp/os/Win32/WindowsHelpers.cpp
[ 249/2443  0s] CopyFiles Build/unityLibrary/src/main/Il2CppOutputProject/IL2CPP/libil2cpp/os/Win32/WindowsHelpers.h
[ 250/2443  0s] CopyFiles Build/unityLibrary/src/main/Il2CppOutputProject/IL2CPP/libil2cpp/os/WinRT/BrokeredFileSystem.cpp
[ 251/2443  0s] CopyFiles Build/unityLibrary/src/main/Il2CppOutputProject/IL2CPP/libil2cpp/os/Win32/ThreadLocalValueImpl.h
[ 252/2443  0s] CopyFiles Build/unityLibrary/src/main/Il2CppOutputProject/IL2CPP/libil2cpp/os/Win32/WindowsHeaders.h
[ 253/2443  0s] CopyFiles Build/unityLibrary/src/main/Il2CppOutputProject/IL2CPP/libil2cpp/os/Win32/TimeZone.cpp
[ 254/2443  0s] CopyFiles Build/unityLibrary/src/main/Il2CppOutputProject/IL2CPP/libil2cpp/os/Win32/Time.cpp
[ 255/2443  0s] CopyFiles Build/unityLibrary/src/main/Il2CppOutputProject/IL2CPP/libil2cpp/os/Win32/ThreadImpl.h
[ 256/2443  0s] CopyFiles Build/unityLibrary/src/main/Il2CppOutputProject/IL2CPP/libil2cpp/os/Win32/ThreadImpl.cpp
[ 257/2443  0s] CopyFiles Build/unityLibrary/src/main/Il2CppOutputProject/IL2CPP/libil2cpp/os/Win32/Thread.cpp
[ 258/2443  0s] CopyFiles Build/unityLibrary/src/main/Il2CppOutputProject/IL2CPP/libil2cpp/os/Win32/SystemCertificates.cpp
[ 259/2443  0s] CopyFiles Build/unityLibrary/src/main/Il2CppOutputProject/IL2CPP/libil2cpp/os/Win32/SynchronizationContext.cpp
[ 260/2443  0s] CopyFiles Build/unityLibrary/src/main/Il2CppOutputProject/IL2CPP/libil2cpp/os/Win32/StackTrace.cpp
[ 261/2443  0s] CopyFiles Build/unityLibrary/src/main/Il2CppOutputProject/IL2CPP/libil2cpp/os/Win32/ReaderWriterLockImpl.h
[ 262/2443  0s] CopyFiles Build/unityLibrary/src/main/Il2CppOutputProject/IL2CPP/libil2cpp/os/Win32/NativeMethods.cpp
[ 263/2443  0s] CopyFiles Build/unityLibrary/src/main/Il2CppOutputProject/IL2CPP/libil2cpp/os/Win32/Path.cpp
[ 264/2443  0s] CopyFiles Build/unityLibrary/src/main/Il2CppOutputProject/IL2CPP/libil2cpp/os/Win32/Process.cpp
[ 265/2443  0s] CopyFiles Build/unityLibrary/src/main/Il2CppOutputProject/IL2CPP/libil2cpp/os/Win32/SocketImpl.h
[ 266/2443  0s] CopyFiles Build/unityLibrary/src/main/Il2CppOutputProject/IL2CPP/libil2cpp/os/Win32/SocketImpl.cpp
[ 267/2443  0s] CopyFiles Build/unityLibrary/src/main/Il2CppOutputProject/IL2CPP/libil2cpp/os/Win32/MutexImpl.h
[ 268/2443  0s] CopyFiles Build/unityLibrary/src/main/Il2CppOutputProject/IL2CPP/libil2cpp/os/Win32/MemoryMappedFile.cpp
[ 269/2443  0s] CopyFiles Build/unityLibrary/src/main/Il2CppOutputProject/IL2CPP/libil2cpp/os/Win32/MarshalStringAlloc.cpp
[ 270/2443  0s] CopyFiles Build/unityLibrary/src/main/Il2CppOutputProject/IL2CPP/libil2cpp/os/Win32/Memory.cpp
[ 271/2443  0s] CopyFiles Build/unityLibrary/src/main/Il2CppOutputProject/IL2CPP/libil2cpp/os/Win32/Locale.cpp
[ 272/2443  0s] CopyFiles Build/unityLibrary/src/main/Il2CppOutputProject/IL2CPP/libil2cpp/os/Win32/MarshalAlloc.cpp
[ 273/2443  0s] CopyFiles Build/unityLibrary/src/main/Il2CppOutputProject/IL2CPP/libil2cpp/os/Win32/LastError.cpp
[ 274/2443  0s] CopyFiles Build/unityLibrary/src/main/Il2CppOutputProject/IL2CPP/libil2cpp/os/Win32/Initialize.cpp
[ 275/2443  0s] CopyFiles Build/unityLibrary/src/main/Il2CppOutputProject/IL2CPP/libil2cpp/os/Win32/Image.cpp
[ 276/2443  0s] CopyFiles Build/unityLibrary/src/main/Il2CppOutputProject/IL2CPP/libil2cpp/os/Win32/File.cpp
[ 277/2443  0s] CopyFiles Build/unityLibrary/src/main/Il2CppOutputProject/IL2CPP/libil2cpp/os/Win32/FileSystemWatcher.cpp
[ 278/2443  0s] CopyFiles Build/unityLibrary/src/main/Il2CppOutputProject/IL2CPP/libil2cpp/os/Win32/FastReaderReaderWriterLockImpl.h
[ 279/2443  0s] CopyFiles Build/unityLibrary/src/main/Il2CppOutputProject/IL2CPP/libil2cpp/os/Win32/LibraryLoader.cpp
[ 280/2443  0s] CopyFiles Build/unityLibrary/src/main/Il2CppOutputProject/IL2CPP/libil2cpp/os/Win32/Encoding.cpp
[ 281/2443  0s] CopyFiles Build/unityLibrary/src/main/Il2CppOutputProject/IL2CPP/libil2cpp/os/Win32/Environment.cpp
[ 282/2443  0s] CopyFiles Build/unityLibrary/src/main/Il2CppOutputProject/IL2CPP/libil2cpp/os/Win32/DllMain.h
[ 283/2443  0s] CopyFiles Build/unityLibrary/src/main/Il2CppOutputProject/IL2CPP/libil2cpp/os/Win32/DllMain.cpp
[ 284/2443  0s] CopyFiles Build/unityLibrary/src/main/Il2CppOutputProject/IL2CPP/libil2cpp/os/Win32/CrashHelpers.cpp
[ 285/2443  0s] CopyFiles Build/unityLibrary/src/main/Il2CppOutputProject/IL2CPP/libil2cpp/os/Win32/Cryptography.cpp
[ 286/2443  0s] CopyFiles Build/unityLibrary/src/main/Il2CppOutputProject/IL2CPP/libil2cpp/os/Win32/Directory.cpp
[ 287/2443  0s] CopyFiles Build/unityLibrary/src/main/Il2CppOutputProject/IL2CPP/libil2cpp/os/Win32/Debug.cpp
[ 288/2443  0s] CopyFiles Build/unityLibrary/src/main/Il2CppOutputProject/IL2CPP/libil2cpp/os/Win32/CpuInfo.cpp
[ 289/2443  0s] CopyFiles Build/unityLibrary/src/main/Il2CppOutputProject/IL2CPP/libil2cpp/os/Win32/ConditionVariableImpl.h
[ 290/2443  0s] CopyFiles Build/unityLibrary/src/main/Il2CppOutputProject/IL2CPP/libil2cpp/os/Win32/Assert.cpp
[ 291/2443  0s] CopyFiles Build/unityLibrary/src/main/Il2CppOutputProject/IL2CPP/libil2cpp/os/Win32/Console.cpp
[ 292/2443  0s] CopyFiles Build/unityLibrary/src/main/Il2CppOutputProject/IL2CPP/libil2cpp/os/Win32/ConditionVariableImpl.cpp
[ 293/2443  0s] CopyFiles Build/unityLibrary/src/main/Il2CppOutputProject/IL2CPP/libil2cpp/os/Win32/COM.cpp
[ 294/2443  0s] CopyFiles Build/unityLibrary/src/main/Il2CppOutputProject/IL2CPP/libil2cpp/os/WaitStatus.h
[ 295/2443  0s] CopyFiles Build/unityLibrary/src/main/Il2CppOutputProject/IL2CPP/libil2cpp/os/TimeZone.h
[ 296/2443  0s] CopyFiles Build/unityLibrary/src/main/Il2CppOutputProject/IL2CPP/libil2cpp/os/Time.h
[ 297/2443  0s] CopyFiles Build/unityLibrary/src/main/Il2CppOutputProject/IL2CPP/libil2cpp/os/Thread.h
[ 298/2443  0s] CopyFiles Build/unityLibrary/src/main/Il2CppOutputProject/IL2CPP/libil2cpp/os/ThreadLocalValue.h
[ 299/2443  0s] CopyFiles Build/unityLibrary/src/main/Il2CppOutputProject/IL2CPP/libil2cpp/os/SynchronizationContext.h
[ 300/2443  0s] CopyFiles Build/unityLibrary/src/main/Il2CppOutputProject/IL2CPP/libil2cpp/os/Thread.cpp
[ 301/2443  0s] CopyFiles Build/unityLibrary/src/main/Il2CppOutputProject/IL2CPP/libil2cpp/os/SystemCertificates.h
[ 302/2443  0s] CopyFiles Build/unityLibrary/src/main/Il2CppOutputProject/IL2CPP/libil2cpp/os/Std/ThreadImpl.h
[ 303/2443  0s] CopyFiles Build/unityLibrary/src/main/Il2CppOutputProject/IL2CPP/libil2cpp/os/Std/ThreadImpl.cpp
[ 304/2443  0s] CopyFiles Build/unityLibrary/src/main/Il2CppOutputProject/IL2CPP/libil2cpp/os/StackTrace.cpp
[ 305/2443  0s] CopyFiles Build/unityLibrary/src/main/Il2CppOutputProject/IL2CPP/libil2cpp/os/SocketBridge.h
[ 306/2443  0s] CopyFiles Build/unityLibrary/src/main/Il2CppOutputProject/IL2CPP/libil2cpp/os/Socket.cpp
[ 307/2443  0s] CopyFiles Build/unityLibrary/src/main/Il2CppOutputProject/IL2CPP/libil2cpp/os/StackTrace.h
[ 308/2443  0s] CopyFiles Build/unityLibrary/src/main/Il2CppOutputProject/IL2CPP/libil2cpp/os/Semaphore.cpp
[ 309/2443  0s] CopyFiles Build/unityLibrary/src/main/Il2CppOutputProject/IL2CPP/libil2cpp/os/ReaderWriterLockImpl.h
[ 310/2443  0s] CopyFiles Build/unityLibrary/src/main/Il2CppOutputProject/IL2CPP/libil2cpp/os/Semaphore.h
[ 311/2443  0s] CopyFiles Build/unityLibrary/src/main/Il2CppOutputProject/IL2CPP/libil2cpp/os/Socket.h
[ 312/2443  0s] CopyFiles Build/unityLibrary/src/main/Il2CppOutputProject/IL2CPP/libil2cpp/os/ReaderWriterLock.h
[ 313/2443  0s] CopyFiles Build/unityLibrary/src/main/Il2CppOutputProject/IL2CPP/libil2cpp/os/Posix/Time.cpp
[ 314/2443  0s] CopyFiles Build/unityLibrary/src/main/Il2CppOutputProject/IL2CPP/libil2cpp/os/Process.h
[ 315/2443  0s] CopyFiles Build/unityLibrary/src/main/Il2CppOutputProject/IL2CPP/libil2cpp/os/Posix/ThreadLocalValueImpl.h
[ 316/2443  0s] CopyFiles Build/unityLibrary/src/main/Il2CppOutputProject/IL2CPP/libil2cpp/os/Posix/TimeZone.cpp
[ 317/2443  0s] CopyFiles Build/unityLibrary/src/main/Il2CppOutputProject/IL2CPP/libil2cpp/os/ReaderWriterLock.cpp
[ 318/2443  0s] CopyFiles Build/unityLibrary/src/main/Il2CppOutputProject/IL2CPP/libil2cpp/os/Posix/ThreadImpl.h
[ 319/2443  0s] CopyFiles Build/unityLibrary/src/main/Il2CppOutputProject/IL2CPP/libil2cpp/os/Posix/ThreadImpl.cpp
[ 320/2443  0s] CopyFiles Build/unityLibrary/src/main/Il2CppOutputProject/IL2CPP/libil2cpp/os/Posix/SystemCertificates.cpp
[ 321/2443  0s] CopyFiles Build/unityLibrary/src/main/Il2CppOutputProject/IL2CPP/libil2cpp/os/Posix/StackTrace.cpp
[ 322/2443  0s] CopyFiles Build/unityLibrary/src/main/Il2CppOutputProject/IL2CPP/libil2cpp/os/Posix/Thread.cpp
[ 323/2443  0s] CopyFiles Build/unityLibrary/src/main/Il2CppOutputProject/IL2CPP/libil2cpp/os/Posix/ReaderWriterLockImpl.h
[ 324/2443  0s] CopyFiles Build/unityLibrary/src/main/Il2CppOutputProject/IL2CPP/libil2cpp/os/Posix/SocketImpl.h
[ 325/2443  0s] CopyFiles Build/unityLibrary/src/main/Il2CppOutputProject/IL2CPP/libil2cpp/os/Posix/Process.cpp
[ 326/2443  0s] CopyFiles Build/unityLibrary/src/main/Il2CppOutputProject/IL2CPP/libil2cpp/os/Posix/PosixHelpers.h
[ 327/2443  0s] CopyFiles Build/unityLibrary/src/main/Il2CppOutputProject/IL2CPP/libil2cpp/os/Posix/PosixHelpers.cpp
[ 328/2443  0s] CopyFiles Build/unityLibrary/src/main/Il2CppOutputProject/IL2CPP/libil2cpp/os/Posix/Path.cpp
[ 329/2443  0s] CopyFiles Build/unityLibrary/src/main/Il2CppOutputProject/IL2CPP/libil2cpp/os/Posix/NetworkAccessHandlerStub.h
[ 330/2443  0s] CopyFiles Build/unityLibrary/src/main/Il2CppOutputProject/IL2CPP/libil2cpp/os/Posix/NativeMethods.cpp
[ 331/2443  0s] CopyFiles Build/unityLibrary/src/main/Il2CppOutputProject/IL2CPP/libil2cpp/os/Posix/MutexImpl.h
[ 332/2443  0s] CopyFiles Build/unityLibrary/src/main/Il2CppOutputProject/IL2CPP/libil2cpp/os/Posix/MemoryMappedFile.cpp
[ 333/2443  0s] CopyFiles Build/unityLibrary/src/main/Il2CppOutputProject/IL2CPP/libil2cpp/os/Posix/MarshalAlloc.cpp
[ 334/2443  0s] CopyFiles Build/unityLibrary/src/main/Il2CppOutputProject/IL2CPP/libil2cpp/os/Posix/Memory.cpp
[ 335/2443  0s] CopyFiles Build/unityLibrary/src/main/Il2CppOutputProject/IL2CPP/libil2cpp/os/Posix/SocketImpl.cpp
[ 336/2443  0s] CopyFiles Build/unityLibrary/src/main/Il2CppOutputProject/IL2CPP/libil2cpp/os/Posix/Locale.cpp
[ 337/2443  0s] CopyFiles Build/unityLibrary/src/main/Il2CppOutputProject/IL2CPP/libil2cpp/os/Posix/LibraryLoader.cpp
[ 338/2443  0s] CopyFiles Build/unityLibrary/src/main/Il2CppOutputProject/IL2CPP/libil2cpp/os/Posix/LastError.cpp
[ 339/2443  0s] CopyFiles Build/unityLibrary/src/main/Il2CppOutputProject/IL2CPP/libil2cpp/os/Posix/FileSystemWatcher.cpp
[ 340/2443  0s] CopyFiles Build/unityLibrary/src/main/Il2CppOutputProject/IL2CPP/libil2cpp/os/Posix/Image.cpp
[ 341/2443  0s] CopyFiles Build/unityLibrary/src/main/Il2CppOutputProject/IL2CPP/libil2cpp/os/Posix/FileHandle.h
[ 342/2443  0s] CopyFiles Build/unityLibrary/src/main/Il2CppOutputProject/IL2CPP/libil2cpp/os/Posix/Error.h
[ 343/2443  0s] CopyFiles Build/unityLibrary/src/main/Il2CppOutputProject/IL2CPP/libil2cpp/os/Posix/FastReaderReaderWriterLockImpl.h
[ 344/2443  0s] CopyFiles Build/unityLibrary/src/main/Il2CppOutputProject/IL2CPP/libil2cpp/os/Posix/Encoding.cpp
[ 345/2443  0s] CopyFiles Build/unityLibrary/src/main/Il2CppOutputProject/IL2CPP/libil2cpp/os/Posix/Error.cpp
[ 346/2443  0s] CopyFiles Build/unityLibrary/src/main/Il2CppOutputProject/IL2CPP/libil2cpp/os/Posix/Environment.cpp
[ 347/2443  0s] CopyFiles Build/unityLibrary/src/main/Il2CppOutputProject/IL2CPP/libil2cpp/os/Posix/File.cpp
[ 348/2443  0s] CopyFiles Build/unityLibrary/src/main/Il2CppOutputProject/IL2CPP/libil2cpp/os/Posix/CrashHelpers.cpp
[ 349/2443  0s] CopyFiles Build/unityLibrary/src/main/Il2CppOutputProject/IL2CPP/libil2cpp/os/Posix/CpuInfo.cpp
[ 350/2443  0s] CopyFiles Build/unityLibrary/src/main/Il2CppOutputProject/IL2CPP/libil2cpp/os/Posix/Cryptography.cpp
[ 351/2443  0s] CopyFiles Build/unityLibrary/src/main/Il2CppOutputProject/IL2CPP/libil2cpp/os/Posix/Console.cpp
[ 352/2443  0s] CopyFiles Build/unityLibrary/src/main/Il2CppOutputProject/IL2CPP/libil2cpp/os/Posix/ConditionVariableImpl.h
[ 353/2443  0s] CopyFiles Build/unityLibrary/src/main/Il2CppOutputProject/IL2CPP/libil2cpp/os/Posix/Directory.cpp
[ 354/2443  0s] CopyFiles Build/unityLibrary/src/main/Il2CppOutputProject/IL2CPP/libil2cpp/os/Posix/ConditionVariableImpl.cpp
[ 355/2443  0s] CopyFiles Build/unityLibrary/src/main/Il2CppOutputProject/IL2CPP/libil2cpp/os/Path.h
[ 356/2443  0s] CopyFiles Build/unityLibrary/src/main/Il2CppOutputProject/IL2CPP/libil2cpp/os/Path.cpp
[ 357/2443  0s] CopyFiles Build/unityLibrary/src/main/Il2CppOutputProject/IL2CPP/libil2cpp/os/OSX/Process.cpp
[ 358/2443  0s] CopyFiles Build/unityLibrary/src/main/Il2CppOutputProject/IL2CPP/libil2cpp/os/OSX/Thread.cpp
[ 359/2443  0s] CopyFiles Build/unityLibrary/src/main/Il2CppOutputProject/IL2CPP/libil2cpp/os/OSX/SystemCertificates.cpp
[ 360/2443  0s] CopyFiles Build/unityLibrary/src/main/Il2CppOutputProject/IL2CPP/libil2cpp/os/OSX/pal_darwin.h
[ 361/2443  0s] CopyFiles Build/unityLibrary/src/main/Il2CppOutputProject/IL2CPP/libil2cpp/os/NativeMethods.h
[ 362/2443  0s] CopyFiles Build/unityLibrary/src/main/Il2CppOutputProject/IL2CPP/libil2cpp/os/OSX/Image.cpp
[ 363/2443  0s] CopyFiles Build/unityLibrary/src/main/Il2CppOutputProject/IL2CPP/libil2cpp/os/Mutex.cpp
[ 364/2443  0s] CopyFiles Build/unityLibrary/src/main/Il2CppOutputProject/IL2CPP/libil2cpp/os/Mutex.h
[ 365/2443  0s] CopyFiles Build/unityLibrary/src/main/Il2CppOutputProject/IL2CPP/libil2cpp/os/MemoryMappedFile.h
[ 366/2443  0s] CopyFiles Build/unityLibrary/src/main/Il2CppOutputProject/IL2CPP/libil2cpp/os/Memory.h
[ 367/2443  0s] CopyFiles Build/unityLibrary/src/main/Il2CppOutputProject/IL2CPP/libil2cpp/os/Messages.h
[ 368/2443  0s] CopyFiles Build/unityLibrary/src/main/Il2CppOutputProject/IL2CPP/libil2cpp/os/Locale.h
[ 369/2443  0s] CopyFiles Build/unityLibrary/src/main/Il2CppOutputProject/IL2CPP/libil2cpp/os/MarshalAlloc.h
[ 370/2443  0s] CopyFiles Build/unityLibrary/src/main/Il2CppOutputProject/IL2CPP/libil2cpp/os/MarshalStringAlloc.h
[ 371/2443  0s] CopyFiles Build/unityLibrary/src/main/Il2CppOutputProject/IL2CPP/libil2cpp/os/Linux/pal_linux.h
[ 372/2443  0s] CopyFiles Build/unityLibrary/src/main/Il2CppOutputProject/IL2CPP/libil2cpp/os/IOS/Console.mm
[ 373/2443  0s] CopyFiles Build/unityLibrary/src/main/Il2CppOutputProject/IL2CPP/libil2cpp/os/LibraryLoader.h
[ 374/2443  0s] CopyFiles Build/unityLibrary/src/main/Il2CppOutputProject/IL2CPP/libil2cpp/os/LastError.h
[ 375/2443  0s] CopyFiles Build/unityLibrary/src/main/Il2CppOutputProject/IL2CPP/libil2cpp/os/LibraryLoader.cpp
[ 376/2443  0s] CopyFiles Build/unityLibrary/src/main/Il2CppOutputProject/IL2CPP/libil2cpp/os/Messages.cpp
[ 377/2443  0s] CopyFiles Build/unityLibrary/src/main/Il2CppOutputProject/IL2CPP/libil2cpp/os/Image.cpp
[ 378/2443  0s] CopyFiles Build/unityLibrary/src/main/Il2CppOutputProject/IL2CPP/libil2cpp/os/Image.h
[ 379/2443  0s] CopyFiles Build/unityLibrary/src/main/Il2CppOutputProject/IL2CPP/libil2cpp/os/Initialize.h
[ 380/2443  0s] CopyFiles Build/unityLibrary/src/main/Il2CppOutputProject/IL2CPP/libil2cpp/os/Handle.h
[ 381/2443  0s] CopyFiles Build/unityLibrary/src/main/Il2CppOutputProject/IL2CPP/libil2cpp/os/Generic/WindowsRuntime.cpp
[ 382/2443  0s] CopyFiles Build/unityLibrary/src/main/Il2CppOutputProject/IL2CPP/libil2cpp/os/Generic/WaitObject.h
[ 383/2443  0s] CopyFiles Build/unityLibrary/src/main/Il2CppOutputProject/IL2CPP/libil2cpp/os/Generic/Thread.cpp
[ 384/2443  0s] CopyFiles Build/unityLibrary/src/main/Il2CppOutputProject/IL2CPP/libil2cpp/os/Generic/SocketImpl.h
[ 385/2443  0s] CopyFiles Build/unityLibrary/src/main/Il2CppOutputProject/IL2CPP/libil2cpp/os/Generic/SocketImpl.cpp
[ 386/2443  0s] CopyFiles Build/unityLibrary/src/main/Il2CppOutputProject/IL2CPP/libil2cpp/os/Generic/WaitObject.cpp
[ 387/2443  0s] CopyFiles Build/unityLibrary/src/main/Il2CppOutputProject/IL2CPP/libil2cpp/os/Generic/SystemCertificates.cpp
[ 388/2443  0s] CopyFiles Build/unityLibrary/src/main/Il2CppOutputProject/IL2CPP/libil2cpp/os/Generic/MutexImpl.h
[ 389/2443  0s] CopyFiles Build/unityLibrary/src/main/Il2CppOutputProject/IL2CPP/libil2cpp/os/Generic/SemaphoreImpl.h
[ 390/2443  0s] CopyFiles Build/unityLibrary/src/main/Il2CppOutputProject/IL2CPP/libil2cpp/os/Generic/SocketBridge.cpp
[ 391/2443  0s] CopyFiles Build/unityLibrary/src/main/Il2CppOutputProject/IL2CPP/libil2cpp/os/Generic/LibraryLoader.cpp
[ 392/2443  0s] CopyFiles Build/unityLibrary/src/main/Il2CppOutputProject/IL2CPP/libil2cpp/os/Generic/MarshalStringAlloc.cpp
[ 393/2443  0s] CopyFiles Build/unityLibrary/src/main/Il2CppOutputProject/IL2CPP/libil2cpp/os/Generic/Initialize.cpp
[ 394/2443  0s] CopyFiles Build/unityLibrary/src/main/Il2CppOutputProject/IL2CPP/libil2cpp/os/Generic/MemoryMappedFile.cpp
[ 395/2443  0s] CopyFiles Build/unityLibrary/src/main/Il2CppOutputProject/IL2CPP/libil2cpp/os/Generic/EventImpl.h
[ 396/2443  0s] CopyFiles Build/unityLibrary/src/main/Il2CppOutputProject/IL2CPP/libil2cpp/os/Generic/Environment.cpp
[ 397/2443  0s] CopyFiles Build/unityLibrary/src/main/Il2CppOutputProject/IL2CPP/libil2cpp/os/Generic/File.cpp
[ 398/2443  0s] CopyFiles Build/unityLibrary/src/main/Il2CppOutputProject/IL2CPP/libil2cpp/os/Generic/CpuInfo.cpp
[ 399/2443  0s] CopyFiles Build/unityLibrary/src/main/Il2CppOutputProject/IL2CPP/libil2cpp/os/Generic/Debug.cpp
[ 400/2443  0s] CopyFiles Build/unityLibrary/src/main/Il2CppOutputProject/IL2CPP/libil2cpp/os/Generic/Handle.cpp
[ 401/2443  0s] CopyFiles Build/unityLibrary/src/main/Il2CppOutputProject/IL2CPP/libil2cpp/os/Generic/CrashHelpers.cpp
[ 402/2443  0s] CopyFiles Build/unityLibrary/src/main/Il2CppOutputProject/IL2CPP/libil2cpp/os/Generic/COM.cpp
[ 403/2443  0s] CopyFiles Build/unityLibrary/src/main/Il2CppOutputProject/IL2CPP/libil2cpp/os/Generic/Console.cpp
[ 404/2443  0s] CopyFiles Build/unityLibrary/src/main/Il2CppOutputProject/IL2CPP/libil2cpp/os/Generic/Assert.cpp
[ 405/2443  0s] CopyFiles Build/unityLibrary/src/main/Il2CppOutputProject/IL2CPP/libil2cpp/os/Generic/BrokeredFileSystem.cpp
[ 406/2443  0s] CopyFiles Build/unityLibrary/src/main/Il2CppOutputProject/IL2CPP/libil2cpp/os/FileSystemWatcher.h
[ 407/2443  0s] CopyFiles Build/unityLibrary/src/main/Il2CppOutputProject/IL2CPP/libil2cpp/os/File.h
[ 408/2443  0s] CopyFiles Build/unityLibrary/src/main/Il2CppOutputProject/IL2CPP/libil2cpp/os/FastReaderReaderWriterLock.h
[ 409/2443  0s] CopyFiles Build/unityLibrary/src/main/Il2CppOutputProject/IL2CPP/libil2cpp/os/Event.cpp
[ 410/2443  0s] CopyFiles Build/unityLibrary/src/main/Il2CppOutputProject/IL2CPP/libil2cpp/os/FastReaderReaderWriterLockImpl.h
[ 411/2443  0s] CopyFiles Build/unityLibrary/src/main/Il2CppOutputProject/IL2CPP/libil2cpp/os/Error.h
[ 412/2443  0s] CopyFiles Build/unityLibrary/src/main/Il2CppOutputProject/IL2CPP/libil2cpp/os/FastReaderReaderWriterLock.cpp
[ 413/2443  0s] CopyFiles Build/unityLibrary/src/main/Il2CppOutputProject/IL2CPP/libil2cpp/os/Event.h
[ 414/2443  0s] CopyFiles Build/unityLibrary/src/main/Il2CppOutputProject/IL2CPP/libil2cpp/os/Error.cpp
[ 415/2443  0s] CopyFiles Build/unityLibrary/src/main/Il2CppOutputProject/IL2CPP/libil2cpp/os/Environment.h
[ 416/2443  0s] CopyFiles Build/unityLibrary/src/main/Il2CppOutputProject/IL2CPP/libil2cpp/os/Encoding.h
[ 417/2443  0s] CopyFiles Build/unityLibrary/src/main/Il2CppOutputProject/IL2CPP/libil2cpp/os/Emscripten/SocketBridge.cpp
[ 418/2443  0s] CopyFiles Build/unityLibrary/src/main/Il2CppOutputProject/IL2CPP/libil2cpp/os/Emscripten/pal_emscripten.h
[ 419/2443  0s] CopyFiles Build/unityLibrary/src/main/Il2CppOutputProject/IL2CPP/libil2cpp/os/ErrorCodes.h
[ 420/2443  0s] CopyFiles Build/unityLibrary/src/main/Il2CppOutputProject/IL2CPP/libil2cpp/os/Directory.h
[ 421/2443  0s] CopyFiles Build/unityLibrary/src/main/Il2CppOutputProject/IL2CPP/libil2cpp/os/Cryptography.h
[ 422/2443  0s] CopyFiles Build/unityLibrary/src/main/Il2CppOutputProject/IL2CPP/libil2cpp/os/CrashHelpers.h
[ 423/2443  0s] CopyFiles Build/unityLibrary/src/main/Il2CppOutputProject/IL2CPP/libil2cpp/os/Debug.h
[ 424/2443  0s] CopyFiles Build/unityLibrary/src/main/Il2CppOutputProject/IL2CPP/libil2cpp/os/CpuInfo.h
[ 425/2443  0s] CopyFiles Build/unityLibrary/src/main/Il2CppOutputProject/IL2CPP/libil2cpp/os/ConsoleExtension.h
[ 426/2443  0s] CopyFiles Build/unityLibrary/src/main/Il2CppOutputProject/IL2CPP/libil2cpp/os/CrashHelpers.cpp
[ 427/2443  0s] CopyFiles Build/unityLibrary/src/main/Il2CppOutputProject/IL2CPP/libil2cpp/os/ConditionVariable.h
[ 428/2443  0s] CopyFiles Build/unityLibrary/src/main/Il2CppOutputProject/IL2CPP/libil2cpp/os/Console.h
[ 429/2443  0s] CopyFiles Build/unityLibrary/src/main/Il2CppOutputProject/IL2CPP/libil2cpp/os/ConditionVariable.cpp
[ 430/2443  0s] CopyFiles Build/unityLibrary/src/main/Il2CppOutputProject/IL2CPP/libil2cpp/os/COM.h
[ 431/2443  0s] CopyFiles Build/unityLibrary/src/main/Il2CppOutputProject/IL2CPP/libil2cpp/os/ClassLibraryPAL/pal_sizecheck.h
[ 432/2443  0s] CopyFiles Build/unityLibrary/src/main/Il2CppOutputProject/IL2CPP/libil2cpp/os/ClassLibraryPAL/pal_uid.cpp
[ 433/2443  0s] CopyFiles Build/unityLibrary/src/main/Il2CppOutputProject/IL2CPP/libil2cpp/os/ClassLibraryPAL/pal_sizecheck.cpp
[ 434/2443  0s] CopyFiles Build/unityLibrary/src/main/Il2CppOutputProject/IL2CPP/libil2cpp/os/ClassLibraryPAL/pal_unused.cpp
[ 435/2443  0s] CopyFiles Build/unityLibrary/src/main/Il2CppOutputProject/IL2CPP/libil2cpp/os/ClassLibraryPAL/pal_random.cpp
[ 436/2443  0s] CopyFiles Build/unityLibrary/src/main/Il2CppOutputProject/IL2CPP/libil2cpp/os/ClassLibraryPAL/pal_time.cpp
[ 437/2443  0s] CopyFiles Build/unityLibrary/src/main/Il2CppOutputProject/IL2CPP/libil2cpp/os/ClassLibraryPAL/pal_networking.cpp
[ 438/2443  0s] CopyFiles Build/unityLibrary/src/main/Il2CppOutputProject/IL2CPP/libil2cpp/os/ClassLibraryPAL/pal_mirror_structs.h
[ 439/2443  0s] CopyFiles Build/unityLibrary/src/main/Il2CppOutputProject/IL2CPP/libil2cpp/os/ClassLibraryPAL/pal_platform.h
[ 440/2443  0s] CopyFiles Build/unityLibrary/src/main/Il2CppOutputProject/IL2CPP/libil2cpp/os/ClassLibraryPAL/brotli/include/brotli/types.h
[ 441/2443  0s] CopyFiles Build/unityLibrary/src/main/Il2CppOutputProject/IL2CPP/libil2cpp/os/ClassLibraryPAL/pal_errno.cpp
[ 442/2443  0s] CopyFiles Build/unityLibrary/src/main/Il2CppOutputProject/IL2CPP/libil2cpp/os/ClassLibraryPAL/brotli/include/brotli/port.h
[ 443/2443  0s] CopyFiles Build/unityLibrary/src/main/Il2CppOutputProject/IL2CPP/libil2cpp/os/ClassLibraryPAL/brotli/include/brotli/encode.h
[ 444/2443  0s] CopyFiles Build/unityLibrary/src/main/Il2CppOutputProject/IL2CPP/libil2cpp/os/ClassLibraryPAL/brotli/enc/write_bits.h
[ 445/2443  0s] CopyFiles Build/unityLibrary/src/main/Il2CppOutputProject/IL2CPP/libil2cpp/os/ClassLibraryPAL/pal_io.cpp
[ 446/2443  0s] CopyFiles Build/unityLibrary/src/main/Il2CppOutputProject/IL2CPP/libil2cpp/os/ClassLibraryPAL/brotli/include/brotli/decode.h
[ 447/2443  0s] CopyFiles Build/unityLibrary/src/main/Il2CppOutputProject/IL2CPP/libil2cpp/os/ClassLibraryPAL/brotli/enc/utf8_util.h
[ 448/2443  0s] CopyFiles Build/unityLibrary/src/main/Il2CppOutputProject/IL2CPP/libil2cpp/os/ClassLibraryPAL/brotli/enc/utf8_util.c
[ 449/2443  0s] CopyFiles Build/unityLibrary/src/main/Il2CppOutputProject/IL2CPP/libil2cpp/os/ClassLibraryPAL/brotli/enc/static_dict.h
[ 450/2443  0s] CopyFiles Build/unityLibrary/src/main/Il2CppOutputProject/IL2CPP/libil2cpp/os/ClassLibraryPAL/brotli/enc/ringbuffer.h
[ 451/2443  0s] CopyFiles Build/unityLibrary/src/main/Il2CppOutputProject/IL2CPP/libil2cpp/os/ClassLibraryPAL/brotli/enc/params.h
[ 452/2443  0s] CopyFiles Build/unityLibrary/src/main/Il2CppOutputProject/IL2CPP/libil2cpp/os/ClassLibraryPAL/brotli/enc/quality.h
[ 453/2443  0s] CopyFiles Build/unityLibrary/src/main/Il2CppOutputProject/IL2CPP/libil2cpp/os/ClassLibraryPAL/brotli/enc/static_dict.c
[ 454/2443  0s] CopyFiles Build/unityLibrary/src/main/Il2CppOutputProject/IL2CPP/libil2cpp/os/ClassLibraryPAL/brotli/enc/metablock.h
[ 455/2443  0s] CopyFiles Build/unityLibrary/src/main/Il2CppOutputProject/IL2CPP/libil2cpp/os/ClassLibraryPAL/brotli/enc/metablock_inc.h
[ 456/2443  0s] CopyFiles Build/unityLibrary/src/main/Il2CppOutputProject/IL2CPP/libil2cpp/os/ClassLibraryPAL/brotli/enc/prefix.h
[ 457/2443  0s] CopyFiles Build/unityLibrary/src/main/Il2CppOutputProject/IL2CPP/libil2cpp/os/ClassLibraryPAL/brotli/enc/memory.h
[ 458/2443  0s] CopyFiles Build/unityLibrary/src/main/Il2CppOutputProject/IL2CPP/libil2cpp/os/ClassLibraryPAL/brotli/enc/memory.c
[ 459/2443  0s] CopyFiles Build/unityLibrary/src/main/Il2CppOutputProject/IL2CPP/libil2cpp/os/ClassLibraryPAL/brotli/enc/static_dict_lut.h
[ 460/2443  0s] CopyFiles Build/unityLibrary/src/main/Il2CppOutputProject/IL2CPP/libil2cpp/os/ClassLibraryPAL/brotli/enc/literal_cost.h
[ 461/2443  0s] CopyFiles Build/unityLibrary/src/main/Il2CppOutputProject/IL2CPP/libil2cpp/os/ClassLibraryPAL/brotli/enc/metablock.c
[ 462/2443  0s] CopyFiles Build/unityLibrary/src/main/Il2CppOutputProject/IL2CPP/libil2cpp/os/ClassLibraryPAL/brotli/enc/literal_cost.c
[ 463/2443  0s] CopyFiles Build/unityLibrary/src/main/Il2CppOutputProject/IL2CPP/libil2cpp/os/ClassLibraryPAL/brotli/enc/histogram_inc.h
[ 464/2443  0s] CopyFiles Build/unityLibrary/src/main/Il2CppOutputProject/IL2CPP/libil2cpp/os/ClassLibraryPAL/brotli/enc/histogram.h
[ 465/2443  0s] CopyFiles Build/unityLibrary/src/main/Il2CppOutputProject/IL2CPP/libil2cpp/os/ClassLibraryPAL/brotli/enc/hash_to_binary_tree_inc.h
[ 466/2443  0s] CopyFiles Build/unityLibrary/src/main/Il2CppOutputProject/IL2CPP/libil2cpp/os/ClassLibraryPAL/brotli/enc/histogram.c
[ 467/2443  0s] CopyFiles Build/unityLibrary/src/main/Il2CppOutputProject/IL2CPP/libil2cpp/os/ClassLibraryPAL/brotli/enc/hash_rolling_inc.h
[ 468/2443  0s] CopyFiles Build/unityLibrary/src/main/Il2CppOutputProject/IL2CPP/libil2cpp/os/ClassLibraryPAL/brotli/enc/hash_longest_match_quickly_inc.h
[ 469/2443  0s] CopyFiles Build/unityLibrary/src/main/Il2CppOutputProject/IL2CPP/libil2cpp/os/ClassLibraryPAL/brotli/enc/hash_longest_match_inc.h
[ 470/2443  0s] CopyFiles Build/unityLibrary/src/main/Il2CppOutputProject/IL2CPP/libil2cpp/os/ClassLibraryPAL/brotli/enc/hash_forgetful_chain_inc.h
[ 471/2443  0s] CopyFiles Build/unityLibrary/src/main/Il2CppOutputProject/IL2CPP/libil2cpp/os/ClassLibraryPAL/brotli/enc/hash_longest_match64_inc.h
[ 472/2443  0s] CopyFiles Build/unityLibrary/src/main/Il2CppOutputProject/IL2CPP/libil2cpp/os/ClassLibraryPAL/brotli/enc/find_match_length.h
[ 473/2443  0s] CopyFiles Build/unityLibrary/src/main/Il2CppOutputProject/IL2CPP/libil2cpp/os/ClassLibraryPAL/brotli/enc/hash_composite_inc.h
[ 474/2443  0s] CopyFiles Build/unityLibrary/src/main/Il2CppOutputProject/IL2CPP/libil2cpp/os/ClassLibraryPAL/brotli/enc/hash.h
[ 475/2443  0s] CopyFiles Build/unityLibrary/src/main/Il2CppOutputProject/IL2CPP/libil2cpp/os/ClassLibraryPAL/brotli/enc/fast_log.h
[ 476/2443  0s] CopyFiles Build/unityLibrary/src/main/Il2CppOutputProject/IL2CPP/libil2cpp/os/ClassLibraryPAL/brotli/enc/fast_log.c
[ 477/2443  0s] CopyFiles Build/unityLibrary/src/main/Il2CppOutputProject/IL2CPP/libil2cpp/os/ClassLibraryPAL/brotli/enc/entropy_encode.h
[ 478/2443  0s] CopyFiles Build/unityLibrary/src/main/Il2CppOutputProject/IL2CPP/libil2cpp/os/ClassLibraryPAL/brotli/enc/entropy_encode.c
[ 479/2443  0s] CopyFiles Build/unityLibrary/src/main/Il2CppOutputProject/IL2CPP/libil2cpp/os/ClassLibraryPAL/brotli/enc/encoder_dict.h
[ 480/2443  0s] CopyFiles Build/unityLibrary/src/main/Il2CppOutputProject/IL2CPP/libil2cpp/os/ClassLibraryPAL/brotli/enc/encoder_dict.c
[ 481/2443  0s] CopyFiles Build/unityLibrary/src/main/Il2CppOutputProject/IL2CPP/libil2cpp/os/ClassLibraryPAL/brotli/enc/dictionary_hash.h
[ 482/2443  0s] CopyFiles Build/unityLibrary/src/main/Il2CppOutputProject/IL2CPP/libil2cpp/os/ClassLibraryPAL/brotli/enc/entropy_encode_static.h
[ 483/2443  0s] CopyFiles Build/unityLibrary/src/main/Il2CppOutputProject/IL2CPP/libil2cpp/os/ClassLibraryPAL/brotli/enc/compress_fragment_two_pass.h
[ 484/2443  0s] CopyFiles Build/unityLibrary/src/main/Il2CppOutputProject/IL2CPP/libil2cpp/os/ClassLibraryPAL/brotli/enc/encode.c
[ 485/2443  0s] CopyFiles Build/unityLibrary/src/main/Il2CppOutputProject/IL2CPP/libil2cpp/os/ClassLibraryPAL/brotli/enc/compress_fragment_two_pass.c
[ 486/2443  0s] CopyFiles Build/unityLibrary/src/main/Il2CppOutputProject/IL2CPP/libil2cpp/os/ClassLibraryPAL/brotli/enc/dictionary_hash.c
[ 487/2443  0s] CopyFiles Build/unityLibrary/src/main/Il2CppOutputProject/IL2CPP/libil2cpp/os/ClassLibraryPAL/brotli/enc/compress_fragment.h
[ 488/2443  0s] CopyFiles Build/unityLibrary/src/main/Il2CppOutputProject/IL2CPP/libil2cpp/os/ClassLibraryPAL/brotli/enc/compress_fragment.c
[ 489/2443  0s] CopyFiles Build/unityLibrary/src/main/Il2CppOutputProject/IL2CPP/libil2cpp/os/ClassLibraryPAL/brotli/enc/command.c
[ 490/2443  0s] CopyFiles Build/unityLibrary/src/main/Il2CppOutputProject/IL2CPP/libil2cpp/os/ClassLibraryPAL/brotli/enc/cluster.h
[ 491/2443  0s] CopyFiles Build/unityLibrary/src/main/Il2CppOutputProject/IL2CPP/libil2cpp/os/ClassLibraryPAL/brotli/enc/command.h
[ 492/2443  0s] CopyFiles Build/unityLibrary/src/main/Il2CppOutputProject/IL2CPP/libil2cpp/os/ClassLibraryPAL/brotli/enc/cluster_inc.h
[ 493/2443  0s] CopyFiles Build/unityLibrary/src/main/Il2CppOutputProject/IL2CPP/libil2cpp/os/ClassLibraryPAL/brotli/enc/cluster.c
[ 494/2443  0s] CopyFiles Build/unityLibrary/src/main/Il2CppOutputProject/IL2CPP/libil2cpp/os/ClassLibraryPAL/brotli/enc/brotli_bit_stream.h
[ 495/2443  0s] CopyFiles Build/unityLibrary/src/main/Il2CppOutputProject/IL2CPP/libil2cpp/os/ClassLibraryPAL/brotli/enc/block_splitter_inc.h
[ 496/2443  0s] CopyFiles Build/unityLibrary/src/main/Il2CppOutputProject/IL2CPP/libil2cpp/os/ClassLibraryPAL/brotli/enc/block_splitter.c
[ 497/2443  0s] CopyFiles Build/unityLibrary/src/main/Il2CppOutputProject/IL2CPP/libil2cpp/os/ClassLibraryPAL/brotli/enc/block_splitter.h
[ 498/2443  0s] CopyFiles Build/unityLibrary/src/main/Il2CppOutputProject/IL2CPP/libil2cpp/os/ClassLibraryPAL/brotli/enc/bit_cost_inc.h
[ 499/2443  0s] CopyFiles Build/unityLibrary/src/main/Il2CppOutputProject/IL2CPP/libil2cpp/os/ClassLibraryPAL/brotli/enc/bit_cost.h
[ 500/2443  0s] CopyFiles Build/unityLibrary/src/main/Il2CppOutputProject/IL2CPP/libil2cpp/os/ClassLibraryPAL/brotli/enc/block_encoder_inc.h
[ 501/2443  0s] CopyFiles Build/unityLibrary/src/main/Il2CppOutputProject/IL2CPP/libil2cpp/os/ClassLibraryPAL/brotli/enc/brotli_bit_stream.c
[ 502/2443  0s] CopyFiles Build/unityLibrary/src/main/Il2CppOutputProject/IL2CPP/libil2cpp/os/ClassLibraryPAL/brotli/enc/backward_references.h
[ 503/2443  0s] CopyFiles Build/unityLibrary/src/main/Il2CppOutputProject/IL2CPP/libil2cpp/os/ClassLibraryPAL/brotli/enc/backward_references_inc.h
[ 504/2443  0s] CopyFiles Build/unityLibrary/src/main/Il2CppOutputProject/IL2CPP/libil2cpp/os/ClassLibraryPAL/brotli/enc/backward_references_hq.h
[ 505/2443  0s] CopyFiles Build/unityLibrary/src/main/Il2CppOutputProject/IL2CPP/libil2cpp/os/ClassLibraryPAL/brotli/enc/bit_cost.c
[ 506/2443  0s] CopyFiles Build/unityLibrary/src/main/Il2CppOutputProject/IL2CPP/libil2cpp/os/ClassLibraryPAL/brotli/enc/backward_references_hq.c
[ 507/2443  0s] CopyFiles Build/unityLibrary/src/main/Il2CppOutputProject/IL2CPP/libil2cpp/os/ClassLibraryPAL/brotli/dec/state.c
[ 508/2443  0s] CopyFiles Build/unityLibrary/src/main/Il2CppOutputProject/IL2CPP/libil2cpp/os/ClassLibraryPAL/brotli/enc/backward_references.c
[ 509/2443  0s] CopyFiles Build/unityLibrary/src/main/Il2CppOutputProject/IL2CPP/libil2cpp/os/ClassLibraryPAL/brotli/dec/state.h
[ 510/2443  0s] CopyFiles Build/unityLibrary/src/main/Il2CppOutputProject/IL2CPP/libil2cpp/os/ClassLibraryPAL/brotli/dec/huffman.h
[ 511/2443  0s] CopyFiles Build/unityLibrary/src/main/Il2CppOutputProject/IL2CPP/libil2cpp/os/ClassLibraryPAL/brotli/dec/huffman.c
[ 512/2443  0s] CopyFiles Build/unityLibrary/src/main/Il2CppOutputProject/IL2CPP/libil2cpp/os/ClassLibraryPAL/brotli/dec/prefix.h
[ 513/2443  0s] CopyFiles Build/unityLibrary/src/main/Il2CppOutputProject/IL2CPP/libil2cpp/os/ClassLibraryPAL/brotli/dec/bit_reader.h
[ 514/2443  0s] CopyFiles Build/unityLibrary/src/main/Il2CppOutputProject/IL2CPP/libil2cpp/os/ClassLibraryPAL/brotli/common/transform.h
[ 515/2443  0s] CopyFiles Build/unityLibrary/src/main/Il2CppOutputProject/IL2CPP/libil2cpp/os/ClassLibraryPAL/brotli/common/version.h
[ 516/2443  0s] CopyFiles Build/unityLibrary/src/main/Il2CppOutputProject/IL2CPP/libil2cpp/os/ClassLibraryPAL/brotli/common/transform.c
[ 517/2443  0s] CopyFiles Build/unityLibrary/src/main/Il2CppOutputProject/IL2CPP/libil2cpp/os/ClassLibraryPAL/brotli/dec/bit_reader.c
[ 518/2443  0s] CopyFiles Build/unityLibrary/src/main/Il2CppOutputProject/IL2CPP/libil2cpp/os/ClassLibraryPAL/brotli/common/platform.h
[ 519/2443  0s] CopyFiles Build/unityLibrary/src/main/Il2CppOutputProject/IL2CPP/libil2cpp/os/ClassLibraryPAL/brotli/dec/decode.c
[ 520/2443  0s] CopyFiles Build/unityLibrary/src/main/Il2CppOutputProject/IL2CPP/libil2cpp/os/ClassLibraryPAL/brotli/common/platform.c
[ 521/2443  0s] CopyFiles Build/unityLibrary/src/main/Il2CppOutputProject/IL2CPP/libil2cpp/os/ClassLibraryPAL/brotli/common/dictionary.h
[ 522/2443  0s] CopyFiles Build/unityLibrary/src/main/Il2CppOutputProject/IL2CPP/libil2cpp/os/ClassLibraryPAL/brotli/common/context.h
[ 523/2443  0s] CopyFiles Build/unityLibrary/src/main/Il2CppOutputProject/IL2CPP/libil2cpp/os/ClassLibraryPAL/brotli/common/context.c
[ 524/2443  0s] CopyFiles Build/unityLibrary/src/main/Il2CppOutputProject/IL2CPP/libil2cpp/os/ClassLibraryPAL/brotli/common/constants.h
[ 525/2443  0s] CopyFiles Build/unityLibrary/src/main/Il2CppOutputProject/IL2CPP/libil2cpp/os/ClassLibraryPAL/brotli/common/constants.c
[ 526/2443  0s] CopyFiles Build/unityLibrary/src/main/Il2CppOutputProject/IL2CPP/libil2cpp/os/c-api/WaitStatus-c-api.h
[ 527/2443  0s] CopyFiles Build/unityLibrary/src/main/Il2CppOutputProject/IL2CPP/libil2cpp/os/c-api/Time.cpp
[ 528/2443  0s] CopyFiles Build/unityLibrary/src/main/Il2CppOutputProject/IL2CPP/libil2cpp/os/c-api/Time-c-api.h
[ 529/2443  0s] CopyFiles Build/unityLibrary/src/main/Il2CppOutputProject/IL2CPP/libil2cpp/os/c-api/Thread-c-api.h
[ 530/2443  0s] CopyFiles Build/unityLibrary/src/main/Il2CppOutputProject/IL2CPP/libil2cpp/os/c-api/Socket-c-api.h
[ 531/2443  0s] CopyFiles Build/unityLibrary/src/main/Il2CppOutputProject/IL2CPP/libil2cpp/os/c-api/Thread.cpp
[ 532/2443  0s] CopyFiles Build/unityLibrary/src/main/Il2CppOutputProject/IL2CPP/libil2cpp/os/ClassLibraryPAL/brotli/common/dictionary.c
[ 533/2443  0s] CopyFiles Build/unityLibrary/src/main/Il2CppOutputProject/IL2CPP/libil2cpp/os/c-api/Socket.cpp
[ 534/2443  0s] CopyFiles Build/unityLibrary/src/main/Il2CppOutputProject/IL2CPP/libil2cpp/os/c-api/Path.cpp
[ 535/2443  0s] CopyFiles Build/unityLibrary/src/main/Il2CppOutputProject/IL2CPP/libil2cpp/os/c-api/OSGlobalEnums.h
[ 536/2443  0s] CopyFiles Build/unityLibrary/src/main/Il2CppOutputProject/IL2CPP/libil2cpp/os/c-api/Path-c-api.h
[ 537/2443  0s] CopyFiles Build/unityLibrary/src/main/Il2CppOutputProject/IL2CPP/libil2cpp/os/c-api/Locale-c-api.h
[ 538/2443  0s] CopyFiles Build/unityLibrary/src/main/Il2CppOutputProject/IL2CPP/libil2cpp/os/c-api/Locale.cpp
[ 539/2443  0s] CopyFiles Build/unityLibrary/src/main/Il2CppOutputProject/IL2CPP/libil2cpp/os/c-api/il2cpp-config-api-platforms.h
[ 540/2443  0s] CopyFiles Build/unityLibrary/src/main/Il2CppOutputProject/IL2CPP/libil2cpp/os/c-api/File.cpp
[ 541/2443  0s] CopyFiles Build/unityLibrary/src/main/Il2CppOutputProject/IL2CPP/libil2cpp/os/c-api/File-c-api.h
[ 542/2443  0s] CopyFiles Build/unityLibrary/src/main/Il2CppOutputProject/IL2CPP/libil2cpp/os/c-api/il2cpp-config-platforms.h
[ 543/2443  0s] CopyFiles Build/unityLibrary/src/main/Il2CppOutputProject/IL2CPP/libil2cpp/os/c-api/Error.cpp
[ 544/2443  0s] CopyFiles Build/unityLibrary/src/main/Il2CppOutputProject/IL2CPP/libil2cpp/os/c-api/Error-c-api.h
[ 545/2443  0s] CopyFiles Build/unityLibrary/src/main/Il2CppOutputProject/IL2CPP/libil2cpp/os/c-api/Environment-c-api.h
[ 546/2443  0s] CopyFiles Build/unityLibrary/src/main/Il2CppOutputProject/IL2CPP/libil2cpp/os/c-api/Environment.cpp
[ 547/2443  0s] CopyFiles Build/unityLibrary/src/main/Il2CppOutputProject/IL2CPP/libil2cpp/os/c-api/Directory.cpp
[ 548/2443  0s] CopyFiles Build/unityLibrary/src/main/Il2CppOutputProject/IL2CPP/libil2cpp/os/c-api/Directory-c-api.h
[ 549/2443  0s] CopyFiles Build/unityLibrary/src/main/Il2CppOutputProject/IL2CPP/libil2cpp/os/c-api/Allocator.h
[ 550/2443  0s] CopyFiles Build/unityLibrary/src/main/Il2CppOutputProject/IL2CPP/libil2cpp/os/BrokeredFileSystem.h
[ 551/2443  0s] CopyFiles Build/unityLibrary/src/main/Il2CppOutputProject/IL2CPP/libil2cpp/os/baselib/FastReaderReaderWriterLockImpl.h
[ 552/2443  0s] CopyFiles Build/unityLibrary/src/main/Il2CppOutputProject/IL2CPP/libil2cpp/os/c-api/Allocator.cpp
[ 553/2443  0s] CopyFiles Build/unityLibrary/src/main/Il2CppOutputProject/IL2CPP/libil2cpp/os/Assert.h
[ 554/2443  0s] CopyFiles Build/unityLibrary/src/main/Il2CppOutputProject/IL2CPP/libil2cpp/os/Atomic.h
[ 555/2443  0s] CopyFiles Build/unityLibrary/src/main/Il2CppOutputProject/IL2CPP/libil2cpp/os/Android/StackTrace.cpp
[ 556/2443  0s] CopyFiles Build/unityLibrary/src/main/Il2CppOutputProject/IL2CPP/libil2cpp/os/Android/pal_android.h
[ 557/2443  0s] CopyFiles Build/unityLibrary/src/main/Il2CppOutputProject/IL2CPP/libil2cpp/os/Android/Locale.cpp
[ 558/2443  0s] CopyFiles Build/unityLibrary/src/main/Il2CppOutputProject/IL2CPP/libil2cpp/os/Android/Initialize.cpp
[ 559/2443  0s] CopyFiles Build/unityLibrary/src/main/Il2CppOutputProject/IL2CPP/libil2cpp/os/Android/ConsoleExtension.cpp
[ 560/2443  0s] CopyFiles Build/unityLibrary/src/main/Il2CppOutputProject/IL2CPP/libil2cpp/mono/ThreadPool/ThreadPoolMonitorThread.h
[ 561/2443  0s] CopyFiles Build/unityLibrary/src/main/Il2CppOutputProject/IL2CPP/libil2cpp/mono/ThreadPool/ThreadPoolMonitorThread.cpp
[ 562/2443  0s] CopyFiles Build/unityLibrary/src/main/Il2CppOutputProject/IL2CPP/libil2cpp/mono/ThreadPool/ThreadPoolWorkerThread.cpp
[ 563/2443  0s] CopyFiles Build/unityLibrary/src/main/Il2CppOutputProject/IL2CPP/libil2cpp/mono/ThreadPool/ThreadPoolMacros.h
[ 564/2443  0s] CopyFiles Build/unityLibrary/src/main/Il2CppOutputProject/IL2CPP/libil2cpp/mono/ThreadPool/ThreadPoolWorkerThread.h
[ 565/2443  0s] CopyFiles Build/unityLibrary/src/main/Il2CppOutputProject/IL2CPP/libil2cpp/mono/ThreadPool/ThreadPoolDataStructures.h
[ 566/2443  0s] CopyFiles Build/unityLibrary/src/main/Il2CppOutputProject/IL2CPP/libil2cpp/mono/ThreadPool/threadpool-ms-io.h
[ 567/2443  0s] CopyFiles Build/unityLibrary/src/main/Il2CppOutputProject/IL2CPP/libil2cpp/mono/ThreadPool/threadpool-ms.h
[ 568/2443  0s] CopyFiles Build/unityLibrary/src/main/Il2CppOutputProject/IL2CPP/libil2cpp/mono/ThreadPool/threadpool-ms-io.cpp
[ 569/2443  0s] CopyFiles Build/unityLibrary/src/main/Il2CppOutputProject/IL2CPP/libil2cpp/mono/MonoPosixHelper.h
[ 570/2443  0s] CopyFiles Build/unityLibrary/src/main/Il2CppOutputProject/IL2CPP/libil2cpp/mono/ThreadPool/threadpool-ms.cpp
[ 571/2443  0s] CopyFiles Build/unityLibrary/src/main/Il2CppOutputProject/IL2CPP/libil2cpp/mono/ThreadPool/threadpool-ms-io-poll.cpp
[ 572/2443  0s] CopyFiles Build/unityLibrary/src/main/Il2CppOutputProject/IL2CPP/libil2cpp/mono/ThreadPool/threadpool-ms-io-poll.h
[ 573/2443  0s] CopyFiles Build/unityLibrary/src/main/Il2CppOutputProject/IL2CPP/libil2cpp/mono/MonoPosixHelper.cpp
[ 574/2443  0s] CopyFiles Build/unityLibrary/src/main/Il2CppOutputProject/IL2CPP/libil2cpp/metadata/Il2CppTypeHash.h
[ 575/2443  0s] CopyFiles Build/unityLibrary/src/main/Il2CppOutputProject/IL2CPP/libil2cpp/metadata/Il2CppTypeHash.cpp
[ 576/2443  0s] CopyFiles Build/unityLibrary/src/main/Il2CppOutputProject/IL2CPP/libil2cpp/metadata/Il2CppTypeCompare.cpp
[ 577/2443  0s] CopyFiles Build/unityLibrary/src/main/Il2CppOutputProject/IL2CPP/libil2cpp/mono-structs.h
[ 578/2443  0s] CopyFiles Build/unityLibrary/src/main/Il2CppOutputProject/IL2CPP/libil2cpp/metadata/Il2CppTypeCompare.h
[ 579/2443  0s] CopyFiles Build/unityLibrary/src/main/Il2CppOutputProject/IL2CPP/libil2cpp/metadata/Il2CppSignature.cpp
[ 580/2443  0s] CopyFiles Build/unityLibrary/src/main/Il2CppOutputProject/IL2CPP/libil2cpp/metadata/Il2CppSignature.h
[ 581/2443  0s] CopyFiles Build/unityLibrary/src/main/Il2CppOutputProject/IL2CPP/libil2cpp/metadata/Il2CppMethodSpecOrGenericMethodHash.h
[ 582/2443  0s] CopyFiles Build/unityLibrary/src/main/Il2CppOutputProject/IL2CPP/libil2cpp/metadata/Il2CppMethodSpecOrGenericMethodCompare.cpp
[ 583/2443  0s] CopyFiles Build/unityLibrary/src/main/Il2CppOutputProject/IL2CPP/libil2cpp/metadata/Il2CppMethodSpecOrGenericMethodCompare.h
[ 584/2443  0s] CopyFiles Build/unityLibrary/src/main/Il2CppOutputProject/IL2CPP/libil2cpp/metadata/Il2CppMethodSpecOrGenericMethod.h
[ 585/2443  0s] CopyFiles Build/unityLibrary/src/main/Il2CppOutputProject/IL2CPP/libil2cpp/metadata/Il2CppMethodSpecOrGenericMethodHash.cpp
[ 586/2443  0s] CopyFiles Build/unityLibrary/src/main/Il2CppOutputProject/IL2CPP/libil2cpp/metadata/Il2CppMethodSpecOrGenericMethod.cpp
[ 587/2443  0s] CopyFiles Build/unityLibrary/src/main/Il2CppOutputProject/IL2CPP/libil2cpp/metadata/Il2CppGenericMethodHash.cpp
[ 588/2443  0s] CopyFiles Build/unityLibrary/src/main/Il2CppOutputProject/IL2CPP/libil2cpp/metadata/Il2CppGenericMethodHash.h
[ 589/2443  0s] CopyFiles Build/unityLibrary/src/main/Il2CppOutputProject/IL2CPP/libil2cpp/metadata/Il2CppGenericMethodCompare.cpp
[ 590/2443  0s] CopyFiles Build/unityLibrary/src/main/Il2CppOutputProject/IL2CPP/libil2cpp/metadata/Il2CppGenericInstHash.h
[ 591/2443  0s] CopyFiles Build/unityLibrary/src/main/Il2CppOutputProject/IL2CPP/libil2cpp/metadata/Il2CppGenericMethodCompare.h
[ 592/2443  0s] CopyFiles Build/unityLibrary/src/main/Il2CppOutputProject/IL2CPP/libil2cpp/metadata/Il2CppGenericInstHash.cpp
[ 593/2443  0s] CopyFiles Build/unityLibrary/src/main/Il2CppOutputProject/IL2CPP/libil2cpp/metadata/Il2CppGenericInstCompare.h
[ 594/2443  0s] CopyFiles Build/unityLibrary/src/main/Il2CppOutputProject/IL2CPP/libil2cpp/metadata/Il2CppGenericContextCompare.cpp
[ 595/2443  0s] CopyFiles Build/unityLibrary/src/main/Il2CppOutputProject/IL2CPP/libil2cpp/metadata/Il2CppGenericContextCompare.h
[ 596/2443  0s] CopyFiles Build/unityLibrary/src/main/Il2CppOutputProject/IL2CPP/libil2cpp/metadata/Il2CppGenericContextHash.cpp
[ 597/2443  0s] CopyFiles Build/unityLibrary/src/main/Il2CppOutputProject/IL2CPP/libil2cpp/metadata/Il2CppGenericInstCompare.cpp
[ 598/2443  0s] CopyFiles Build/unityLibrary/src/main/Il2CppOutputProject/IL2CPP/libil2cpp/metadata/Il2CppGenericContextHash.h
[ 599/2443  0s] CopyFiles Build/unityLibrary/src/main/Il2CppOutputProject/IL2CPP/libil2cpp/metadata/Il2CppGenericClassCompare.h
[ 600/2443  0s] CopyFiles Build/unityLibrary/src/main/Il2CppOutputProject/IL2CPP/libil2cpp/metadata/GenericSharing.h
[ 601/2443  0s] CopyFiles Build/unityLibrary/src/main/Il2CppOutputProject/IL2CPP/libil2cpp/metadata/Il2CppGenericClassCompare.cpp
[ 602/2443  0s] CopyFiles Build/unityLibrary/src/main/Il2CppOutputProject/IL2CPP/libil2cpp/metadata/Il2CppGenericClassHash.h
[ 603/2443  0s] CopyFiles Build/unityLibrary/src/main/Il2CppOutputProject/IL2CPP/libil2cpp/metadata/Il2CppGenericClassHash.cpp
[ 604/2443  0s] CopyFiles Build/unityLibrary/src/main/Il2CppOutputProject/IL2CPP/libil2cpp/metadata/GenericMethod.h
[ 605/2443  0s] CopyFiles Build/unityLibrary/src/main/Il2CppOutputProject/IL2CPP/libil2cpp/metadata/GenericMetadata.h
[ 606/2443  0s] CopyFiles Build/unityLibrary/src/main/Il2CppOutputProject/IL2CPP/libil2cpp/metadata/GenericSharing.cpp
[ 607/2443  0s] CopyFiles Build/unityLibrary/src/main/Il2CppOutputProject/IL2CPP/libil2cpp/metadata/FieldLayout.h
[ 608/2443  0s] CopyFiles Build/unityLibrary/src/main/Il2CppOutputProject/IL2CPP/libil2cpp/metadata/GenericMetadata.cpp
[ 609/2443  0s] CopyFiles Build/unityLibrary/src/main/Il2CppOutputProject/IL2CPP/libil2cpp/metadata/CustomAttributeDataReader.h
[ 610/2443  0s] CopyFiles Build/unityLibrary/src/main/Il2CppOutputProject/IL2CPP/libil2cpp/metadata/CustomAttributeDataReader.cpp
[ 611/2443  0s] CopyFiles Build/unityLibrary/src/main/Il2CppOutputProject/IL2CPP/libil2cpp/metadata/FieldLayout.cpp
[ 612/2443  0s] CopyFiles Build/unityLibrary/src/main/Il2CppOutputProject/IL2CPP/libil2cpp/metadata/GenericMethod.cpp
[ 613/2443  0s] CopyFiles Build/unityLibrary/src/main/Il2CppOutputProject/IL2CPP/libil2cpp/libil2cpp.mono-net8.icalls
[ 614/2443  0s] CopyFiles Build/unityLibrary/src/main/Il2CppOutputProject/IL2CPP/libil2cpp/metadata/CustomAttributeCreator.h
[ 615/2443  0s] CopyFiles Build/unityLibrary/src/main/Il2CppOutputProject/IL2CPP/libil2cpp/metadata/CustomAttributeCreator.cpp
[ 616/2443  0s] CopyFiles Build/unityLibrary/src/main/Il2CppOutputProject/IL2CPP/libil2cpp/libil2cpp.icalls
[ 617/2443  0s] CopyFiles Build/unityLibrary/src/main/Il2CppOutputProject/IL2CPP/libil2cpp/metadata/ArrayMetadata.h
[ 618/2443  0s] CopyFiles Build/unityLibrary/src/main/Il2CppOutputProject/IL2CPP/libil2cpp/intrinsics/UnityEngine.CoreModule/Unity/Collections/NativeArray_1.h
[ 619/2443  0s] CopyFiles Build/unityLibrary/src/main/Il2CppOutputProject/IL2CPP/libil2cpp/intrinsics/UnityEngine.CoreModule/UnityEngine/Mathf.h
[ 620/2443  0s] CopyFiles Build/unityLibrary/src/main/Il2CppOutputProject/IL2CPP/libil2cpp/intrinsics/UnityEngine.CoreModule/Unity/Collections/LowLevel/Unsafe/UnsafeUtility.h
[ 621/2443  0s] CopyFiles Build/unityLibrary/src/main/Il2CppOutputProject/IL2CPP/libil2cpp/intrinsics/System.Private.CoreLib/System/Type.h
[ 622/2443  0s] CopyFiles Build/unityLibrary/src/main/Il2CppOutputProject/IL2CPP/libil2cpp/intrinsics/System.Private.CoreLib/System/Type.cpp
[ 623/2443  0s] CopyFiles Build/unityLibrary/src/main/Il2CppOutputProject/IL2CPP/libil2cpp/metadata/ArrayMetadata.cpp
[ 624/2443  0s] CopyFiles Build/unityLibrary/src/main/Il2CppOutputProject/IL2CPP/libil2cpp/intrinsics/System.Private.CoreLib/System/Threading/Thread.h
[ 625/2443  0s] CopyFiles Build/unityLibrary/src/main/Il2CppOutputProject/IL2CPP/libil2cpp/intrinsics/System.Private.CoreLib/System/Threading/Volatile.h
[ 626/2443  0s] CopyFiles Build/unityLibrary/src/main/Il2CppOutputProject/IL2CPP/libil2cpp/intrinsics/System.Private.CoreLib/System/Threading/ObjectHeader.cpp
[ 627/2443  0s] CopyFiles Build/unityLibrary/src/main/Il2CppOutputProject/IL2CPP/libil2cpp/intrinsics/System.Private.CoreLib/System/Threading/Thread.cpp
[ 628/2443  0s] CopyFiles Build/unityLibrary/src/main/Il2CppOutputProject/IL2CPP/libil2cpp/intrinsics/System.Private.CoreLib/System/Threading/ObjectHeader.h
[ 629/2443  0s] CopyFiles Build/unityLibrary/src/main/Il2CppOutputProject/IL2CPP/libil2cpp/intrinsics/System.Private.CoreLib/System/Threading/Interlocked.h
[ 630/2443  0s] CopyFiles Build/unityLibrary/src/main/Il2CppOutputProject/IL2CPP/libil2cpp/intrinsics/System.Private.CoreLib/System/Threading/Interlocked.cpp
[ 631/2443  0s] CopyFiles Build/unityLibrary/src/main/Il2CppOutputProject/IL2CPP/libil2cpp/intrinsics/System.Private.CoreLib/System/Span_1.h
[ 632/2443  0s] CopyFiles Build/unityLibrary/src/main/Il2CppOutputProject/IL2CPP/libil2cpp/intrinsics/System.Private.CoreLib/System/Runtime/RuntimeImports.h
[ 633/2443  0s] CopyFiles Build/unityLibrary/src/main/Il2CppOutputProject/IL2CPP/libil2cpp/intrinsics/System.Private.CoreLib/System/Runtime/Intrinsics/X86/X86Serialize.h
[ 634/2443  0s] CopyFiles Build/unityLibrary/src/main/Il2CppOutputProject/IL2CPP/libil2cpp/intrinsics/System.Private.CoreLib/System/Runtime/Intrinsics/X86/X86Serialize/X64.h
[ 635/2443  0s] CopyFiles Build/unityLibrary/src/main/Il2CppOutputProject/IL2CPP/libil2cpp/intrinsics/System.Private.CoreLib/System/Runtime/Intrinsics/X86/X86Base.h
[ 636/2443  0s] CopyFiles Build/unityLibrary/src/main/Il2CppOutputProject/IL2CPP/libil2cpp/intrinsics/System.Private.CoreLib/System/Runtime/Intrinsics/X86/X86Base/X64.h
[ 637/2443  0s] CopyFiles Build/unityLibrary/src/main/Il2CppOutputProject/IL2CPP/libil2cpp/intrinsics/System.Private.CoreLib/System/Runtime/Intrinsics/X86/Sse42/X64.h
[ 638/2443  0s] CopyFiles Build/unityLibrary/src/main/Il2CppOutputProject/IL2CPP/libil2cpp/intrinsics/System.Private.CoreLib/System/Runtime/Intrinsics/X86/Ssse3/X64.h
[ 639/2443  0s] CopyFiles Build/unityLibrary/src/main/Il2CppOutputProject/IL2CPP/libil2cpp/intrinsics/System.Private.CoreLib/System/Runtime/Intrinsics/X86/Sse42.h
[ 640/2443  0s] CopyFiles Build/unityLibrary/src/main/Il2CppOutputProject/IL2CPP/libil2cpp/intrinsics/System.Private.CoreLib/System/Runtime/Intrinsics/X86/Sse41/X64.h
[ 641/2443  0s] CopyFiles Build/unityLibrary/src/main/Il2CppOutputProject/IL2CPP/libil2cpp/intrinsics/System.Private.CoreLib/System/Runtime/Intrinsics/X86/Sse3/X64.h
[ 642/2443  0s] CopyFiles Build/unityLibrary/src/main/Il2CppOutputProject/IL2CPP/libil2cpp/intrinsics/System.Private.CoreLib/System/Runtime/Intrinsics/X86/Sse3.h
[ 643/2443  0s] CopyFiles Build/unityLibrary/src/main/Il2CppOutputProject/IL2CPP/libil2cpp/intrinsics/System.Private.CoreLib/System/Runtime/Intrinsics/X86/Sse2/X64.h
[ 644/2443  0s] ActionGenerateProjectFiles Library/Bee/artifacts/Android/IntermediateFiles.txt (+47 others)
[ 645/2443  0s] CopyFiles Build/unityLibrary/src/main/Il2CppOutputProject/IL2CPP/libil2cpp/intrinsics/System.Private.CoreLib/System/Runtime/Intrinsics/X86/Sse/X64.h
[ 646/2443  0s] CopyFiles Build/unityLibrary/src/main/Il2CppOutputProject/IL2CPP/libil2cpp/intrinsics/System.Private.CoreLib/System/Runtime/Intrinsics/X86/Popcnt.h
[ 647/2443  0s] CopyFiles Build/unityLibrary/src/main/Il2CppOutputProject/IL2CPP/libil2cpp/intrinsics/System.Private.CoreLib/System/Runtime/Intrinsics/X86/Popcnt/X64.h
[ 648/2443  0s] CopyFiles Build/unityLibrary/src/main/Il2CppOutputProject/IL2CPP/libil2cpp/intrinsics/System.Private.CoreLib/System/Runtime/Intrinsics/X86/Ssse3.h
[ 649/2443  0s] CopyFiles Build/unityLibrary/src/main/Il2CppOutputProject/IL2CPP/libil2cpp/intrinsics/System.Private.CoreLib/System/Runtime/Intrinsics/X86/Pclmulqdq/X64.h
[ 650/2443  0s] CopyFiles Build/unityLibrary/src/main/Il2CppOutputProject/IL2CPP/libil2cpp/intrinsics/System.Private.CoreLib/System/Runtime/Intrinsics/X86/Lzcnt.h
[ 651/2443  0s] CopyFiles Build/unityLibrary/src/main/Il2CppOutputProject/IL2CPP/libil2cpp/intrinsics/System.Private.CoreLib/System/Runtime/Intrinsics/X86/Lzcnt/X64.h
[ 652/2443  0s] CopyFiles Build/unityLibrary/src/main/Il2CppOutputProject/IL2CPP/libil2cpp/intrinsics/System.Private.CoreLib/System/Runtime/Intrinsics/X86/Sse.h
[ 653/2443  0s] CopyFiles Build/unityLibrary/src/main/Il2CppOutputProject/IL2CPP/libil2cpp/intrinsics/System.Private.CoreLib/System/Runtime/Intrinsics/X86/Fma.h
[ 654/2443  0s] CopyFiles Build/unityLibrary/src/main/Il2CppOutputProject/IL2CPP/libil2cpp/intrinsics/System.Private.CoreLib/System/Runtime/Intrinsics/X86/Sse41.h
[ 655/2443  0s] CopyFiles Build/unityLibrary/src/main/Il2CppOutputProject/IL2CPP/libil2cpp/intrinsics/System.Private.CoreLib/System/Runtime/Intrinsics/X86/Fma/X64.h
[ 656/2443  0s] CopyFiles Build/unityLibrary/src/main/Il2CppOutputProject/IL2CPP/libil2cpp/intrinsics/System.Private.CoreLib/System/Runtime/Intrinsics/X86/Bmi2/X64.h
[ 657/2443  0s] CopyFiles Build/unityLibrary/src/main/Il2CppOutputProject/IL2CPP/libil2cpp/intrinsics/System.Private.CoreLib/System/Runtime/Intrinsics/X86/Bmi2.h
[ 658/2443  0s] CopyFiles Build/unityLibrary/src/main/Il2CppOutputProject/IL2CPP/libil2cpp/intrinsics/System.Private.CoreLib/System/Runtime/Intrinsics/X86/Bmi1/X64.h
[ 659/2443  0s] CopyFiles Build/unityLibrary/src/main/Il2CppOutputProject/IL2CPP/libil2cpp/intrinsics/System.Private.CoreLib/System/Runtime/Intrinsics/X86/Pclmulqdq.h
[ 660/2443  0s] CopyFiles Build/unityLibrary/src/main/Il2CppOutputProject/IL2CPP/libil2cpp/intrinsics/System.Private.CoreLib/System/Runtime/Intrinsics/X86/Bmi1.h
[ 661/2443  0s] CopyFiles Build/unityLibrary/src/main/Il2CppOutputProject/IL2CPP/libil2cpp/intrinsics/System.Private.CoreLib/System/Runtime/Intrinsics/X86/AvxVnni/X64.h
[ 662/2443  0s] CopyFiles Build/unityLibrary/src/main/Il2CppOutputProject/IL2CPP/libil2cpp/intrinsics/System.Private.CoreLib/System/Runtime/Intrinsics/X86/Avx512Vbmi/X64.h
[ 663/2443  0s] CopyFiles Build/unityLibrary/src/main/Il2CppOutputProject/IL2CPP/libil2cpp/intrinsics/System.Private.CoreLib/System/Runtime/Intrinsics/X86/Avx512Vbmi/VL.h
[ 664/2443  0s] CopyFiles Build/unityLibrary/src/main/Il2CppOutputProject/IL2CPP/libil2cpp/intrinsics/System.Private.CoreLib/System/Runtime/Intrinsics/X86/AvxVnni.h
[ 665/2443  0s] CopyFiles Build/unityLibrary/src/main/Il2CppOutputProject/IL2CPP/libil2cpp/intrinsics/System.Private.CoreLib/System/Runtime/Intrinsics/X86/Avx512Vbmi.h
[ 666/2443  0s] CopyFiles Build/unityLibrary/src/main/Il2CppOutputProject/IL2CPP/libil2cpp/intrinsics/System.Private.CoreLib/System/Runtime/Intrinsics/X86/Avx512F/VL.h
[ 667/2443  0s] CopyFiles Build/unityLibrary/src/main/Il2CppOutputProject/IL2CPP/libil2cpp/intrinsics/System.Private.CoreLib/System/Runtime/Intrinsics/X86/Avx512F.h
[ 668/2443  0s] CopyFiles Build/unityLibrary/src/main/Il2CppOutputProject/IL2CPP/libil2cpp/intrinsics/System.Private.CoreLib/System/Runtime/Intrinsics/X86/Avx512F/X64.h
[ 669/2443  0s] CopyFiles Build/unityLibrary/src/main/Il2CppOutputProject/IL2CPP/libil2cpp/intrinsics/System.Private.CoreLib/System/Runtime/Intrinsics/X86/Avx512DQ/X64.h
[ 670/2443  0s] CopyFiles Build/unityLibrary/src/main/Il2CppOutputProject/IL2CPP/libil2cpp/intrinsics/System.Private.CoreLib/System/Runtime/Intrinsics/X86/Avx512CD/X64.h
[ 671/2443  0s] CopyFiles Build/unityLibrary/src/main/Il2CppOutputProject/IL2CPP/libil2cpp/intrinsics/System.Private.CoreLib/System/Runtime/Intrinsics/X86/Avx512DQ.h
[ 672/2443  0s] CopyFiles Build/unityLibrary/src/main/Il2CppOutputProject/IL2CPP/libil2cpp/intrinsics/System.Private.CoreLib/System/Runtime/Intrinsics/X86/Sse2.h
[ 673/2443  0s] CopyFiles Build/unityLibrary/src/main/Il2CppOutputProject/IL2CPP/libil2cpp/intrinsics/System.Private.CoreLib/System/Runtime/Intrinsics/X86/Avx512DQ/VL.h
[ 674/2443  0s] CopyFiles Build/unityLibrary/src/main/Il2CppOutputProject/IL2CPP/libil2cpp/intrinsics/System.Private.CoreLib/System/Runtime/Intrinsics/X86/Avx512BW/X64.h
[ 675/2443  0s] CopyFiles Build/unityLibrary/src/main/Il2CppOutputProject/IL2CPP/libil2cpp/intrinsics/System.Private.CoreLib/System/Runtime/Intrinsics/X86/Avx512BW/VL.h
[ 676/2443  0s] CopyFiles Build/unityLibrary/src/main/Il2CppOutputProject/IL2CPP/libil2cpp/intrinsics/System.Private.CoreLib/System/Runtime/Intrinsics/X86/Avx512CD.h
[ 677/2443  0s] CopyFiles Build/unityLibrary/src/main/Il2CppOutputProject/IL2CPP/libil2cpp/intrinsics/System.Private.CoreLib/System/Runtime/Intrinsics/X86/Avx512CD/VL.h
[ 678/2443  0s] CopyFiles Build/unityLibrary/src/main/Il2CppOutputProject/IL2CPP/libil2cpp/intrinsics/System.Private.CoreLib/System/Runtime/Intrinsics/X86/Avx512BW.h
[ 679/2443  0s] CopyFiles Build/unityLibrary/src/main/Il2CppOutputProject/IL2CPP/libil2cpp/intrinsics/System.Private.CoreLib/System/Runtime/Intrinsics/X86/Avx2/X64.h
[ 680/2443  0s] CopyFiles Build/unityLibrary/src/main/Il2CppOutputProject/IL2CPP/libil2cpp/intrinsics/System.Private.CoreLib/System/Runtime/Intrinsics/X86/Avx/X64.h
[ 681/2443  0s] CopyFiles Build/unityLibrary/src/main/Il2CppOutputProject/IL2CPP/libil2cpp/intrinsics/System.Private.CoreLib/System/Runtime/Intrinsics/X86/Aes/X64.h
[ 682/2443  0s] CopyFiles Build/unityLibrary/src/main/Il2CppOutputProject/IL2CPP/libil2cpp/intrinsics/System.Private.CoreLib/System/Runtime/Intrinsics/Wasm/PackedSimd.h
[ 683/2443  0s] CopyFiles Build/unityLibrary/src/main/Il2CppOutputProject/IL2CPP/libil2cpp/intrinsics/System.Private.CoreLib/System/Runtime/Intrinsics/Wasm/WasmBase.h
[ 684/2443  0s] CopyFiles Build/unityLibrary/src/main/Il2CppOutputProject/IL2CPP/libil2cpp/intrinsics/System.Private.CoreLib/System/Runtime/Intrinsics/Vector64_1.h
[ 685/2443  0s] CopyFiles Build/unityLibrary/src/main/Il2CppOutputProject/IL2CPP/libil2cpp/intrinsics/System.Private.CoreLib/System/Runtime/Intrinsics/Vector64.h
[ 686/2443  0s] CopyFiles Build/unityLibrary/src/main/Il2CppOutputProject/IL2CPP/libil2cpp/intrinsics/System.Private.CoreLib/System/Runtime/Intrinsics/Vector512.h
[ 687/2443  0s] CopyFiles Build/unityLibrary/src/main/Il2CppOutputProject/IL2CPP/libil2cpp/intrinsics/System.Private.CoreLib/System/Runtime/Intrinsics/Vector512_1.h
[ 688/2443  0s] CopyFiles Build/unityLibrary/src/main/Il2CppOutputProject/IL2CPP/libil2cpp/intrinsics/System.Private.CoreLib/System/Runtime/Intrinsics/Vector256_1.h
[ 689/2443  0s] CopyFiles Build/unityLibrary/src/main/Il2CppOutputProject/IL2CPP/libil2cpp/intrinsics/System.Private.CoreLib/System/Runtime/Intrinsics/Vector128_1.h
[ 690/2443  0s] CopyFiles Build/unityLibrary/src/main/Il2CppOutputProject/IL2CPP/libil2cpp/intrinsics/System.Private.CoreLib/System/Runtime/Intrinsics/Vector128.h
[ 691/2443  0s] CopyFiles Build/unityLibrary/src/main/Il2CppOutputProject/IL2CPP/libil2cpp/intrinsics/System.Private.CoreLib/System/Runtime/Intrinsics/Arm/Sha256/Arm64.h
[ 692/2443  0s] CopyFiles Build/unityLibrary/src/main/Il2CppOutputProject/IL2CPP/libil2cpp/intrinsics/System.Private.CoreLib/System/Runtime/Intrinsics/Vector256.h
[ 693/2443  0s] CopyFiles Build/unityLibrary/src/main/Il2CppOutputProject/IL2CPP/libil2cpp/intrinsics/System.Private.CoreLib/System/Runtime/Intrinsics/X86/Aes.h
[ 694/2443  0s] CopyFiles Build/unityLibrary/src/main/Il2CppOutputProject/IL2CPP/libil2cpp/intrinsics/System.Private.CoreLib/System/Runtime/Intrinsics/Arm/Sha1/Arm64.h
[ 695/2443  0s] CopyFiles Build/unityLibrary/src/main/Il2CppOutputProject/IL2CPP/libil2cpp/intrinsics/System.Private.CoreLib/System/Runtime/Intrinsics/Arm/Sha256.h
[ 696/2443  0s] CopyFiles Build/unityLibrary/src/main/Il2CppOutputProject/IL2CPP/libil2cpp/intrinsics/System.Private.CoreLib/System/Runtime/Intrinsics/Arm/Rdm/Arm64.h
[ 697/2443  0s] CopyFiles Build/unityLibrary/src/main/Il2CppOutputProject/IL2CPP/libil2cpp/intrinsics/System.Private.CoreLib/System/Runtime/Intrinsics/Arm/Sha1.h
[ 698/2443  0s] CopyFiles Build/unityLibrary/src/main/Il2CppOutputProject/IL2CPP/libil2cpp/intrinsics/System.Private.CoreLib/System/Runtime/Intrinsics/Arm/Dp/Arm64.h
[ 699/2443  0s] CopyFiles Build/unityLibrary/src/main/Il2CppOutputProject/IL2CPP/libil2cpp/intrinsics/System.Private.CoreLib/System/Runtime/Intrinsics/Arm/Crc32/Arm64.h
[ 700/2443  0s] CopyFiles Build/unityLibrary/src/main/Il2CppOutputProject/IL2CPP/libil2cpp/intrinsics/System.Private.CoreLib/System/Runtime/Intrinsics/Arm/Rdm.h
[ 701/2443  0s] CopyFiles Build/unityLibrary/src/main/Il2CppOutputProject/IL2CPP/libil2cpp/intrinsics/System.Private.CoreLib/System/Runtime/Intrinsics/Arm/Dp.h
[ 702/2443  0s] CopyFiles Build/unityLibrary/src/main/Il2CppOutputProject/IL2CPP/libil2cpp/intrinsics/System.Private.CoreLib/System/Runtime/Intrinsics/Arm/Crc32.h
[ 703/2443  0s] CopyFiles Build/unityLibrary/src/main/Il2CppOutputProject/IL2CPP/libil2cpp/intrinsics/System.Private.CoreLib/System/Runtime/Intrinsics/Arm/ArmBase/Arm64.h
[ 704/2443  0s] CopyFiles Build/unityLibrary/src/main/Il2CppOutputProject/IL2CPP/libil2cpp/intrinsics/System.Private.CoreLib/System/Runtime/Intrinsics/Arm/ArmBase.h
[ 705/2443  0s] CopyFiles Build/unityLibrary/src/main/Il2CppOutputProject/IL2CPP/libil2cpp/intrinsics/System.Private.CoreLib/System/Runtime/Intrinsics/X86/Avx.h
[ 706/2443  0s] CopyFiles Build/unityLibrary/src/main/Il2CppOutputProject/IL2CPP/libil2cpp/intrinsics/System.Private.CoreLib/System/Runtime/Intrinsics/Arm/Aes.h
[ 707/2443  0s] CopyFiles Build/unityLibrary/src/main/Il2CppOutputProject/IL2CPP/libil2cpp/intrinsics/System.Private.CoreLib/System/Runtime/Intrinsics/Arm/Aes/Arm64.h
[ 708/2443  0s] CopyFiles Build/unityLibrary/src/main/Il2CppOutputProject/IL2CPP/libil2cpp/intrinsics/System.Private.CoreLib/System/Runtime/InteropServices/Marshal.cpp
[ 709/2443  0s] CopyFiles Build/unityLibrary/src/main/Il2CppOutputProject/IL2CPP/libil2cpp/intrinsics/System.Private.CoreLib/System/Runtime/InteropServices/Marshal.h
[ 710/2443  0s] CopyFiles Build/unityLibrary/src/main/Il2CppOutputProject/IL2CPP/libil2cpp/intrinsics/System.Private.CoreLib/System/Runtime/CompilerServices/RuntimeHelpers_icalls.h
[ 711/2443  0s] CopyFiles Build/unityLibrary/src/main/Il2CppOutputProject/IL2CPP/libil2cpp/intrinsics/System.Private.CoreLib/System/Runtime/CompilerServices/Unsafe.h
[ 712/2443  0s] CopyFiles Build/unityLibrary/src/main/Il2CppOutputProject/IL2CPP/libil2cpp/intrinsics/System.Private.CoreLib/System/Runtime/CompilerServices/RuntimeHelpers.h
[ 713/2443  0s] CopyFiles Build/unityLibrary/src/main/Il2CppOutputProject/IL2CPP/libil2cpp/intrinsics/System.Private.CoreLib/System/Runtime/CompilerServices/RuntimeHelpers_icalls.cpp
[ 714/2443  0s] CopyFiles Build/unityLibrary/src/main/Il2CppOutputProject/IL2CPP/libil2cpp/intrinsics/System.Private.CoreLib/System/Runtime/CompilerServices/JitHelpersVariations.h
[ 715/2443  0s] CopyFiles Build/unityLibrary/src/main/Il2CppOutputProject/IL2CPP/libil2cpp/intrinsics/System.Private.CoreLib/System/Runtime/CompilerServices/RuntimeFeature.h
[ 716/2443  0s] CopyFiles Build/unityLibrary/src/main/Il2CppOutputProject/IL2CPP/libil2cpp/intrinsics/System.Private.CoreLib/System/Runtime/CompilerServices/JitHelpers.h
[ 717/2443  0s] CopyFiles Build/unityLibrary/src/main/Il2CppOutputProject/IL2CPP/libil2cpp/intrinsics/System.Private.CoreLib/System/Reflection/Assembly.h
[ 718/2443  0s] CopyFiles Build/unityLibrary/src/main/Il2CppOutputProject/IL2CPP/libil2cpp/intrinsics/System.Private.CoreLib/System/Reflection/MethodBase.h
[ 719/2443  0s] CopyFiles Build/unityLibrary/src/main/Il2CppOutputProject/IL2CPP/libil2cpp/intrinsics/System.Private.CoreLib/System/Reflection/Assembly.cpp
[ 720/2443  0s] CopyFiles Build/unityLibrary/src/main/Il2CppOutputProject/IL2CPP/libil2cpp/intrinsics/System.Private.CoreLib/System/Object.h
[ 721/2443  0s] CopyFiles Build/unityLibrary/src/main/Il2CppOutputProject/IL2CPP/libil2cpp/intrinsics/System.Private.CoreLib/System/Runtime/Intrinsics/X86/Avx2.h
[ 722/2443  0s] CopyFiles Build/unityLibrary/src/main/Il2CppOutputProject/IL2CPP/libil2cpp/intrinsics/System.Private.CoreLib/System/Object.cpp
[ 723/2443  0s] CopyFiles Build/unityLibrary/src/main/Il2CppOutputProject/IL2CPP/libil2cpp/intrinsics/System.Private.CoreLib/System/ReadOnlySpan_1.h
[ 724/2443  0s] CopyFiles Build/unityLibrary/src/main/Il2CppOutputProject/IL2CPP/libil2cpp/intrinsics/System.Private.CoreLib/System/Numerics/Vector.h
[ 725/2443  0s] CopyFiles Build/unityLibrary/src/main/Il2CppOutputProject/IL2CPP/libil2cpp/intrinsics/System.Private.CoreLib/System/Diagnostics/Debugger.h
[ 726/2443  0s] CopyFiles Build/unityLibrary/src/main/Il2CppOutputProject/IL2CPP/libil2cpp/intrinsics/System.Private.CoreLib/System/Diagnostics/Tracing/EventSource.h
[ 727/2443  0s] CopyFiles Build/unityLibrary/src/main/Il2CppOutputProject/IL2CPP/libil2cpp/intrinsics/System.Private.CoreLib/System/Array.h
[ 728/2443  0s] CopyFiles Build/unityLibrary/src/main/Il2CppOutputProject/IL2CPP/libil2cpp/intrinsics/System.Private.CoreLib/System/ArrayVariations.h
[ 729/2443  0s] CopyFiles Build/unityLibrary/src/main/Il2CppOutputProject/IL2CPP/libil2cpp/intrinsics/System.Private.CoreLib/System/MathF.h
[ 730/2443  0s] CopyFiles Build/unityLibrary/src/main/Il2CppOutputProject/IL2CPP/libil2cpp/intrinsics/System.Private.CoreLib/System/Math.h
[ 731/2443  0s] CopyFiles Build/unityLibrary/src/main/Il2CppOutputProject/IL2CPP/libil2cpp/intrinsics/System.Private.CoreLib/Interop/Sys.h
[ 732/2443  0s] CopyFiles Build/unityLibrary/src/main/Il2CppOutputProject/IL2CPP/libil2cpp/intrinsics/System.Private.CoreLib/Interop/Sys.cpp
[ 733/2443  0s] CopyFiles Build/unityLibrary/src/main/Il2CppOutputProject/IL2CPP/libil2cpp/intrinsics/System.Private.CoreLib/Interop/Kernel32.h
[ 734/2443  0s] CopyFiles Build/unityLibrary/src/main/Il2CppOutputProject/IL2CPP/libil2cpp/intrinsics/IntrinsicsUtility.h
[ 735/2443  0s] CopyFiles Build/unityLibrary/src/main/Il2CppOutputProject/IL2CPP/libil2cpp/il2cpp-windowsruntime-types.h
[ 736/2443  0s] CopyFiles Build/unityLibrary/src/main/Il2CppOutputProject/IL2CPP/libil2cpp/il2cpp-tokentype.h
[ 737/2443  0s] CopyFiles Build/unityLibrary/src/main/Il2CppOutputProject/IL2CPP/libil2cpp/il2cpp-string-types.h
[ 738/2443  0s] CopyFiles Build/unityLibrary/src/main/Il2CppOutputProject/IL2CPP/libil2cpp/il2cpp-tabledefs.h
[ 739/2443  0s] CopyFiles Build/unityLibrary/src/main/Il2CppOutputProject/IL2CPP/libil2cpp/intrinsics/System.Private.CoreLib/Interop/Kernel32.cpp
[ 740/2443  0s] CopyFiles Build/unityLibrary/src/main/Il2CppOutputProject/IL2CPP/libil2cpp/intrinsics/System.Private.CoreLib/System/Runtime/Intrinsics/Arm/AdvSimd/Arm64.h
[ 741/2443  0s] CopyFiles Build/unityLibrary/src/main/Il2CppOutputProject/IL2CPP/libil2cpp/il2cpp-sanitizers.h
[ 742/2443  0s] CopyFiles Build/unityLibrary/src/main/Il2CppOutputProject/IL2CPP/libil2cpp/il2cpp-runtime-stats.h
[ 743/2443  0s] CopyFiles Build/unityLibrary/src/main/Il2CppOutputProject/IL2CPP/libil2cpp/il2cpp-runtime-stats.cpp
[ 744/2443  0s] CopyFiles Build/unityLibrary/src/main/Il2CppOutputProject/IL2CPP/libil2cpp/il2cpp-runtime-metadata.h
[ 745/2443  0s] CopyFiles Build/unityLibrary/src/main/Il2CppOutputProject/IL2CPP/libil2cpp/il2cpp-pinvoke-support.h
[ 746/2443  0s] CopyFiles Build/unityLibrary/src/main/Il2CppOutputProject/IL2CPP/libil2cpp/il2cpp-mono-api.h
[ 747/2443  0s] CopyFiles Build/unityLibrary/src/main/Il2CppOutputProject/IL2CPP/libil2cpp/intrinsics/System.Private.CoreLib/System/Runtime/Intrinsics/Arm/AdvSimd.h
[ 748/2443  0s] CopyFiles Build/unityLibrary/src/main/Il2CppOutputProject/IL2CPP/libil2cpp/il2cpp-object-internals.h
[ 749/2443  0s] CopyFiles Build/unityLibrary/src/main/Il2CppOutputProject/IL2CPP/libil2cpp/il2cpp-number-formatter.h
[ 750/2443  0s] CopyFiles Build/unityLibrary/src/main/Il2CppOutputProject/IL2CPP/libil2cpp/il2cpp-intrinsics-config.h
[ 751/2443  0s] CopyFiles Build/unityLibrary/src/main/Il2CppOutputProject/IL2CPP/libil2cpp/il2cpp-metadata.h
[ 752/2443  0s] CopyFiles Build/unityLibrary/src/main/Il2CppOutputProject/IL2CPP/libil2cpp/il2cpp-normalization-tables.h
[ 753/2443  0s] CopyFiles Build/unityLibrary/src/main/Il2CppOutputProject/IL2CPP/libil2cpp/il2cpp-mono-api.cpp
[ 754/2443  0s] CopyFiles Build/unityLibrary/src/main/Il2CppOutputProject/IL2CPP/libil2cpp/il2cpp-mono-api-functions.h
[ 755/2443  0s] CopyFiles Build/unityLibrary/src/main/Il2CppOutputProject/IL2CPP/libil2cpp/il2cpp-config-api.h
[ 756/2443  0s] CopyFiles Build/unityLibrary/src/main/Il2CppOutputProject/IL2CPP/libil2cpp/il2cpp-blob.h
[ 757/2443  0s] CopyFiles Build/unityLibrary/src/main/Il2CppOutputProject/IL2CPP/libil2cpp/il2cpp-benchmark-support.h
[ 758/2443  0s] CopyFiles Build/unityLibrary/src/main/Il2CppOutputProject/IL2CPP/libil2cpp/il2cpp-benchmark-support.cpp
[ 759/2443  0s] CopyFiles Build/unityLibrary/src/main/Il2CppOutputProject/IL2CPP/libil2cpp/il2cpp-config.h
[ 760/2443  0s] CopyFiles Build/unityLibrary/src/main/Il2CppOutputProject/IL2CPP/libil2cpp/il2cpp-class-internals.h
[ 761/2443  0s] CopyFiles Build/unityLibrary/src/main/Il2CppOutputProject/IL2CPP/libil2cpp/il2cpp-api.h
[ 762/2443  0s] CopyFiles Build/unityLibrary/src/main/Il2CppOutputProject/IL2CPP/libil2cpp/il2cpp-api-types.h
[ 763/2443  0s] CopyFiles Build/unityLibrary/src/main/Il2CppOutputProject/IL2CPP/libil2cpp/il2cpp-api-functions.h
[ 764/2443  0s] CopyFiles Build/unityLibrary/src/main/Il2CppOutputProject/IL2CPP/libil2cpp/icalls_monoaot/System.Private.CoreLib/System/ValueType.h
[ 765/2443  0s] CopyFiles Build/unityLibrary/src/main/Il2CppOutputProject/IL2CPP/libil2cpp/il2cpp-api.cpp
[ 766/2443  0s] CopyFiles Build/unityLibrary/src/main/Il2CppOutputProject/IL2CPP/libil2cpp/icalls_monoaot/System.Private.CoreLib/System/ValueType.cpp
[ 767/2443  0s] CopyFiles Build/unityLibrary/src/main/Il2CppOutputProject/IL2CPP/libil2cpp/icalls_monoaot/System.Private.CoreLib/System/TypedReference.cpp
[ 768/2443  0s] CopyFiles Build/unityLibrary/src/main/Il2CppOutputProject/IL2CPP/libil2cpp/icalls_monoaot/System.Private.CoreLib/System/TypedReference.h
[ 769/2443  0s] CopyFiles Build/unityLibrary/src/main/Il2CppOutputProject/IL2CPP/libil2cpp/icalls_monoaot/System.Private.CoreLib/System/Type.h
[ 770/2443  0s] CopyFiles Build/unityLibrary/src/main/Il2CppOutputProject/IL2CPP/libil2cpp/icalls_monoaot/System.Private.CoreLib/System/String.h
[ 771/2443  0s] CopyFiles Build/unityLibrary/src/main/Il2CppOutputProject/IL2CPP/libil2cpp/icalls_monoaot/System.Private.CoreLib/System/Type.cpp
[ 772/2443  0s] CopyFiles Build/unityLibrary/src/main/Il2CppOutputProject/IL2CPP/libil2cpp/icalls_monoaot/System.Private.CoreLib/System/String.cpp
[ 773/2443  0s] CopyFiles Build/unityLibrary/src/main/Il2CppOutputProject/IL2CPP/libil2cpp/icalls_monoaot/System.Private.CoreLib/System/RuntimeTypeHandle.h
[ 774/2443  0s] CopyFiles Build/unityLibrary/src/main/Il2CppOutputProject/IL2CPP/libil2cpp/icalls_monoaot/System.Private.CoreLib/System/RuntimeType.h
[ 775/2443  0s] CopyFiles Build/unityLibrary/src/main/Il2CppOutputProject/IL2CPP/libil2cpp/icalls_monoaot/System.Private.CoreLib/System/RuntimeMethodHandle.h
[ 776/2443  0s] CopyFiles Build/unityLibrary/src/main/Il2CppOutputProject/IL2CPP/libil2cpp/icalls_monoaot/System.Private.CoreLib/System/RuntimeTypeHandle.cpp
[ 777/2443  0s] CopyFiles Build/unityLibrary/src/main/Il2CppOutputProject/IL2CPP/libil2cpp/icalls_monoaot/System.Private.CoreLib/System/Object.h
[ 778/2443  0s] CopyFiles Build/unityLibrary/src/main/Il2CppOutputProject/IL2CPP/libil2cpp/icalls_monoaot/System.Private.CoreLib/System/RuntimeFieldHandle.h
[ 779/2443  0s] CopyFiles Build/unityLibrary/src/main/Il2CppOutputProject/IL2CPP/libil2cpp/icalls_monoaot/System.Private.CoreLib/System/Object.cpp
[ 780/2443  0s] CopyFiles Build/unityLibrary/src/main/Il2CppOutputProject/IL2CPP/libil2cpp/icalls_monoaot/System.Private.CoreLib/System/RuntimeFieldHandle.cpp
[ 781/2443  0s] CopyFiles Build/unityLibrary/src/main/Il2CppOutputProject/IL2CPP/libil2cpp/icalls_monoaot/System.Private.CoreLib/System/RuntimeMethodHandle.cpp
[ 782/2443  0s] CopyFiles Build/unityLibrary/src/main/Il2CppOutputProject/IL2CPP/libil2cpp/icalls_monoaot/System.Private.CoreLib/System/RuntimeType.cpp
[ 783/2443  0s] CopyFiles Build/unityLibrary/src/main/Il2CppOutputProject/IL2CPP/libil2cpp/icalls_monoaot/System.Private.CoreLib/System/MathF.h
[ 784/2443  0s] CopyFiles Build/unityLibrary/src/main/Il2CppOutputProject/IL2CPP/libil2cpp/icalls_monoaot/System.Private.CoreLib/System/MathF.cpp
[ 785/2443  0s] CopyFiles Build/unityLibrary/src/main/Il2CppOutputProject/IL2CPP/libil2cpp/icalls_monoaot/System.Private.CoreLib/System/Math.h
[ 786/2443  0s] CopyFiles Build/unityLibrary/src/main/Il2CppOutputProject/IL2CPP/libil2cpp/icalls_monoaot/System.Private.CoreLib/System/GC.cpp
[ 787/2443  0s] CopyFiles Build/unityLibrary/src/main/Il2CppOutputProject/IL2CPP/libil2cpp/icalls_monoaot/System.Private.CoreLib/System/Math.cpp
[ 788/2443  0s] CopyFiles Build/unityLibrary/src/main/Il2CppOutputProject/IL2CPP/libil2cpp/icalls_monoaot/System.Private.CoreLib/System/Environment.h
[ 789/2443  0s] CopyFiles Build/unityLibrary/src/main/Il2CppOutputProject/IL2CPP/libil2cpp/icalls_monoaot/System.Private.CoreLib/System/Environment.cpp
[ 790/2443  0s] CopyFiles Build/unityLibrary/src/main/Il2CppOutputProject/IL2CPP/libil2cpp/icalls_monoaot/System.Private.CoreLib/System/Enum.h
[ 791/2443  0s] CopyFiles Build/unityLibrary/src/main/Il2CppOutputProject/IL2CPP/libil2cpp/icalls_monoaot/System.Private.CoreLib/System/Delegate.h
[ 792/2443  0s] CopyFiles Build/unityLibrary/src/main/Il2CppOutputProject/IL2CPP/libil2cpp/icalls_monoaot/System.Private.CoreLib/System/GC.h
[ 793/2443  0s] CopyFiles Build/unityLibrary/src/main/Il2CppOutputProject/IL2CPP/libil2cpp/icalls_monoaot/System.Private.CoreLib/System/Delegate.cpp
[ 794/2443  0s] CopyFiles Build/unityLibrary/src/main/Il2CppOutputProject/IL2CPP/libil2cpp/icalls_monoaot/System.Private.CoreLib/System/Buffer.h
[ 795/2443  0s] CopyFiles Build/unityLibrary/src/main/Il2CppOutputProject/IL2CPP/libil2cpp/icalls_monoaot/System.Private.CoreLib/System/Array.h
[ 796/2443  0s] CopyFiles Build/unityLibrary/src/main/Il2CppOutputProject/IL2CPP/libil2cpp/icalls_monoaot/System.Private.CoreLib/System/Array.cpp
[ 797/2443  0s] CopyFiles Build/unityLibrary/src/main/Il2CppOutputProject/IL2CPP/libil2cpp/icalls_monoaot/System.Private.CoreLib/System/Buffer.cpp
[ 798/2443  0s] CopyFiles Build/unityLibrary/src/main/Il2CppOutputProject/IL2CPP/libil2cpp/icalls_monoaot/System.Private.CoreLib/System/ArgIterator.cpp
[ 799/2443  0s] CopyFiles Build/unityLibrary/src/main/Il2CppOutputProject/IL2CPP/libil2cpp/icalls_monoaot/System.Private.CoreLib/System/Enum.cpp
[ 800/2443  0s] CopyFiles Build/unityLibrary/src/main/Il2CppOutputProject/IL2CPP/libil2cpp/icalls_monoaot/System.Private.CoreLib/System.Threading/Thread.cpp
[ 801/2443  0s] CopyFiles Build/unityLibrary/src/main/Il2CppOutputProject/IL2CPP/libil2cpp/icalls_monoaot/System.Private.CoreLib/System.Threading/Thread.h
[ 802/2443  0s] CopyFiles Build/unityLibrary/src/main/Il2CppOutputProject/IL2CPP/libil2cpp/icalls_monoaot/System.Private.CoreLib/System.Threading/Monitor.h
[ 803/2443  0s] CopyFiles Build/unityLibrary/src/main/Il2CppOutputProject/IL2CPP/libil2cpp/icalls_monoaot/System.Private.CoreLib/System.Threading/Monitor.cpp
[ 804/2443  0s] CopyFiles Build/unityLibrary/src/main/Il2CppOutputProject/IL2CPP/libil2cpp/icalls_monoaot/System.Private.CoreLib/System/ArgIterator.h
[ 805/2443  0s] CopyFiles Build/unityLibrary/src/main/Il2CppOutputProject/IL2CPP/libil2cpp/icalls_monoaot/System.Private.CoreLib/System.Threading/LowLevelLifoSemaphore.cpp
[ 806/2443  0s] CopyFiles Build/unityLibrary/src/main/Il2CppOutputProject/IL2CPP/libil2cpp/icalls_monoaot/System.Private.CoreLib/System.Threading/LowLevelLifoSemaphore.h
[ 807/2443  0s] CopyFiles Build/unityLibrary/src/main/Il2CppOutputProject/IL2CPP/libil2cpp/icalls_monoaot/System.Private.CoreLib/System.Threading/Interlocked.h
[ 808/2443  0s] CopyFiles Build/unityLibrary/src/main/Il2CppOutputProject/IL2CPP/libil2cpp/icalls_monoaot/System.Private.CoreLib/System.Runtime.Loader/AssemblyLoadContext.cpp
[ 809/2443  0s] CopyFiles Build/unityLibrary/src/main/Il2CppOutputProject/IL2CPP/libil2cpp/icalls_monoaot/System.Private.CoreLib/System.Runtime.Intrinsics.X86/X86Base.h
[ 810/2443  0s] CopyFiles Build/unityLibrary/src/main/Il2CppOutputProject/IL2CPP/libil2cpp/icalls_monoaot/System.Private.CoreLib/System.Runtime.Intrinsics.X86/X86Base.cpp
[ 811/2443  0s] CopyFiles Build/unityLibrary/src/main/Il2CppOutputProject/IL2CPP/libil2cpp/icalls_monoaot/System.Private.CoreLib/System.Threading/Interlocked.cpp
[ 812/2443  0s] CopyFiles Build/unityLibrary/src/main/Il2CppOutputProject/IL2CPP/libil2cpp/icalls_monoaot/System.Private.CoreLib/System.Runtime.Loader/AssemblyLoadContext.h
[ 813/2443  0s] CopyFiles Build/unityLibrary/src/main/Il2CppOutputProject/IL2CPP/libil2cpp/icalls_monoaot/System.Private.CoreLib/System.Runtime.InteropServices/Marshal.h
[ 814/2443  0s] CopyFiles Build/unityLibrary/src/main/Il2CppOutputProject/IL2CPP/libil2cpp/icalls_monoaot/System.Private.CoreLib/System.Runtime.InteropServices/Marshal.cpp
[ 815/2443  0s] CopyFiles Build/unityLibrary/src/main/Il2CppOutputProject/IL2CPP/libil2cpp/icalls_monoaot/System.Private.CoreLib/System.Runtime.InteropServices/NativeLibrary.h
[ 816/2443  0s] CopyFiles Build/unityLibrary/src/main/Il2CppOutputProject/IL2CPP/libil2cpp/icalls_monoaot/System.Private.CoreLib/System.Runtime.InteropServices/NativeLibrary.cpp
[ 817/2443  0s] CopyFiles Build/unityLibrary/src/main/Il2CppOutputProject/IL2CPP/libil2cpp/icalls_monoaot/System.Private.CoreLib/System.Runtime.InteropServices/GCHandle.cpp
[ 818/2443  0s] CopyFiles Build/unityLibrary/src/main/Il2CppOutputProject/IL2CPP/libil2cpp/icalls_monoaot/System.Private.CoreLib/System.Runtime.CompilerServices/RuntimeHelpers.cpp
[ 819/2443  0s] CopyFiles Build/unityLibrary/src/main/Il2CppOutputProject/IL2CPP/libil2cpp/icalls_monoaot/System.Private.CoreLib/System.Runtime.CompilerServices/RuntimeHelpers.h
[ 820/2443  0s] CopyFiles Build/unityLibrary/src/main/Il2CppOutputProject/IL2CPP/libil2cpp/icalls_monoaot/System.Private.CoreLib/System.Reflection/RuntimeParameterInfo.h
[ 821/2443  0s] CopyFiles Build/unityLibrary/src/main/Il2CppOutputProject/IL2CPP/libil2cpp/icalls_monoaot/System.Private.CoreLib/System.Reflection/RuntimePropertyInfo.cpp
[ 822/2443  0s] CopyFiles Build/unityLibrary/src/main/Il2CppOutputProject/IL2CPP/libil2cpp/icalls_monoaot/System.Private.CoreLib/System.Reflection/RuntimePropertyInfo.h
[ 823/2443  0s] CopyFiles Build/unityLibrary/src/main/Il2CppOutputProject/IL2CPP/libil2cpp/icalls_monoaot/System.Private.CoreLib/System.Reflection/RuntimeModule.h
[ 824/2443  0s] CopyFiles Build/unityLibrary/src/main/Il2CppOutputProject/IL2CPP/libil2cpp/icalls_monoaot/System.Private.CoreLib/System.Reflection/RuntimeModule.cpp
[ 825/2443  0s] CopyFiles Build/unityLibrary/src/main/Il2CppOutputProject/IL2CPP/libil2cpp/icalls_monoaot/System.Private.CoreLib/System.Reflection/RuntimeParameterInfo.cpp
[ 826/2443  0s] CopyFiles Build/unityLibrary/src/main/Il2CppOutputProject/IL2CPP/libil2cpp/icalls_monoaot/System.Private.CoreLib/System.Reflection/RuntimeMethodInfo.h
[ 827/2443  0s] CopyFiles Build/unityLibrary/src/main/Il2CppOutputProject/IL2CPP/libil2cpp/icalls_monoaot/System.Private.CoreLib/System.Runtime.InteropServices/GCHandle.h
[ 828/2443  0s] CopyFiles Build/unityLibrary/src/main/Il2CppOutputProject/IL2CPP/libil2cpp/icalls_monoaot/System.Private.CoreLib/System.Reflection/RuntimeMethodInfo.cpp
[ 829/2443  0s] CopyFiles Build/unityLibrary/src/main/Il2CppOutputProject/IL2CPP/libil2cpp/icalls_monoaot/System.Private.CoreLib/System.Reflection/RuntimeFieldInfo.cpp
[ 830/2443  0s] CopyFiles Build/unityLibrary/src/main/Il2CppOutputProject/IL2CPP/libil2cpp/icalls_monoaot/System.Private.CoreLib/System.Reflection/RuntimeCustomAttributeData.h
[ 831/2443  0s] CopyFiles Build/unityLibrary/src/main/Il2CppOutputProject/IL2CPP/libil2cpp/icalls_monoaot/System.Private.CoreLib/System.Reflection/RuntimeFieldInfo.h
[ 832/2443  0s] CopyFiles Build/unityLibrary/src/main/Il2CppOutputProject/IL2CPP/libil2cpp/icalls_monoaot/System.Private.CoreLib/System.Reflection/RuntimeEventInfo.cpp
[ 833/2443  0s] CopyFiles Build/unityLibrary/src/main/Il2CppOutputProject/IL2CPP/libil2cpp/icalls_monoaot/System.Private.CoreLib/System.Reflection/RuntimeEventInfo.h
[ 834/2443  0s] CopyFiles Build/unityLibrary/src/main/Il2CppOutputProject/IL2CPP/libil2cpp/icalls_monoaot/System.Private.CoreLib/System.Reflection/RuntimeCustomAttributeData.cpp
[ 835/2443  0s] CopyFiles Build/unityLibrary/src/main/Il2CppOutputProject/IL2CPP/libil2cpp/icalls_monoaot/System.Private.CoreLib/System.Reflection/RuntimeConstructorInfo.h
[ 836/2443  0s] CopyFiles Build/unityLibrary/src/main/Il2CppOutputProject/IL2CPP/libil2cpp/icalls_monoaot/System.Private.CoreLib/System.Reflection/RuntimeConstructorInfo.cpp
[ 837/2443  0s] CopyFiles Build/unityLibrary/src/main/Il2CppOutputProject/IL2CPP/libil2cpp/icalls_monoaot/System.Private.CoreLib/System.Reflection/RuntimeAssembly.cpp
[ 838/2443  0s] CopyFiles Build/unityLibrary/src/main/Il2CppOutputProject/IL2CPP/libil2cpp/icalls_monoaot/System.Private.CoreLib/System.Reflection/MonoMethodInfo.cpp
[ 839/2443  0s] CopyFiles Build/unityLibrary/src/main/Il2CppOutputProject/IL2CPP/libil2cpp/icalls_monoaot/System.Private.CoreLib/System.Reflection/MethodBase.cpp
[ 840/2443  0s] CopyFiles Build/unityLibrary/src/main/Il2CppOutputProject/IL2CPP/libil2cpp/icalls_monoaot/System.Private.CoreLib/System.Reflection/LoaderAllocatorScout.h
[ 841/2443  0s] CopyFiles Build/unityLibrary/src/main/Il2CppOutputProject/IL2CPP/libil2cpp/icalls_monoaot/System.Private.CoreLib/System.Reflection/MethodBase.h
[ 842/2443  0s] CopyFiles Build/unityLibrary/src/main/Il2CppOutputProject/IL2CPP/libil2cpp/icalls_monoaot/System.Private.CoreLib/System.Reflection/LoaderAllocatorScout.cpp
[ 843/2443  0s] CopyFiles Build/unityLibrary/src/main/Il2CppOutputProject/IL2CPP/libil2cpp/icalls_monoaot/System.Private.CoreLib/System.Reflection/FieldInfo.h
[ 844/2443  0s] CopyFiles Build/unityLibrary/src/main/Il2CppOutputProject/IL2CPP/libil2cpp/icalls_monoaot/System.Private.CoreLib/System.Reflection/RuntimeAssembly.h
[ 845/2443  0s] CopyFiles Build/unityLibrary/src/main/Il2CppOutputProject/IL2CPP/libil2cpp/icalls_monoaot/System.Private.CoreLib/System.Reflection/MonoMethodInfo.h
[ 846/2443  0s] CopyFiles Build/unityLibrary/src/main/Il2CppOutputProject/IL2CPP/libil2cpp/icalls_monoaot/System.Private.CoreLib/System.Reflection/CustomAttribute.h
[ 847/2443  0s] CopyFiles Build/unityLibrary/src/main/Il2CppOutputProject/IL2CPP/libil2cpp/icalls_monoaot/System.Private.CoreLib/System.Reflection/FieldInfo.cpp
[ 848/2443  0s] CopyFiles Build/unityLibrary/src/main/Il2CppOutputProject/IL2CPP/libil2cpp/icalls_monoaot/System.Private.CoreLib/System.Reflection/CustomAttribute.cpp
[ 849/2443  0s] CopyFiles Build/unityLibrary/src/main/Il2CppOutputProject/IL2CPP/libil2cpp/icalls_monoaot/System.Private.CoreLib/System.Reflection/Assembly.h
[ 850/2443  0s] CopyFiles Build/unityLibrary/src/main/Il2CppOutputProject/IL2CPP/libil2cpp/icalls_monoaot/System.Private.CoreLib/System.Reflection/Assembly.cpp
[ 851/2443  0s] CopyFiles Build/unityLibrary/src/main/Il2CppOutputProject/IL2CPP/libil2cpp/icalls_monoaot/System.Private.CoreLib/System.Reflection/AssemblyName.h
[ 852/2443  0s] CopyFiles Build/unityLibrary/src/main/Il2CppOutputProject/IL2CPP/libil2cpp/icalls_monoaot/System.Private.CoreLib/System.Reflection.Metadata/MetadataUpdater.h
[ 853/2443  0s] CopyFiles Build/unityLibrary/src/main/Il2CppOutputProject/IL2CPP/libil2cpp/icalls_monoaot/System.Private.CoreLib/System.Reflection.Metadata/MetadataUpdater.cpp
[ 854/2443  0s] CopyFiles Build/unityLibrary/src/main/Il2CppOutputProject/IL2CPP/libil2cpp/icalls_monoaot/System.Private.CoreLib/System.Reflection.Emit/SignatureHelper.cpp
[ 855/2443  0s] CopyFiles Build/unityLibrary/src/main/Il2CppOutputProject/IL2CPP/libil2cpp/icalls_monoaot/System.Private.CoreLib/System.Reflection.Emit/RuntimeTypeBuilder.h
[ 856/2443  0s] CopyFiles Build/unityLibrary/src/main/Il2CppOutputProject/IL2CPP/libil2cpp/icalls_monoaot/System.Private.CoreLib/System.Reflection/AssemblyName.cpp
[ 857/2443  0s] CopyFiles Build/unityLibrary/src/main/Il2CppOutputProject/IL2CPP/libil2cpp/icalls_monoaot/System.Private.CoreLib/System.Reflection.Emit/SignatureHelper.h
[ 858/2443  0s] CopyFiles Build/unityLibrary/src/main/Il2CppOutputProject/IL2CPP/libil2cpp/icalls_monoaot/System.Private.CoreLib/System.Reflection.Emit/RuntimeModuleBuilder.cpp
[ 859/2443  0s] CopyFiles Build/unityLibrary/src/main/Il2CppOutputProject/IL2CPP/libil2cpp/icalls_monoaot/System.Private.CoreLib/System.Reflection.Emit/RuntimeTypeBuilder.cpp
[ 860/2443  0s] CopyFiles Build/unityLibrary/src/main/Il2CppOutputProject/IL2CPP/libil2cpp/icalls_monoaot/System.Private.CoreLib/System.Reflection.Emit/RuntimeEnumBuilder.h
[ 861/2443  0s] CopyFiles Build/unityLibrary/src/main/Il2CppOutputProject/IL2CPP/libil2cpp/icalls_monoaot/System.Private.CoreLib/System.Reflection.Emit/RuntimeEnumBuilder.cpp
[ 862/2443  0s] CopyFiles Build/unityLibrary/src/main/Il2CppOutputProject/IL2CPP/libil2cpp/icalls_monoaot/System.Private.CoreLib/System.Reflection.Emit/RuntimeAssemblyBuilder.cpp
[ 863/2443  0s] CopyFiles Build/unityLibrary/src/main/Il2CppOutputProject/IL2CPP/libil2cpp/icalls_monoaot/System.Private.CoreLib/System.Reflection.Emit/RuntimeModuleBuilder.h
[ 864/2443  0s] CopyFiles Build/unityLibrary/src/main/Il2CppOutputProject/IL2CPP/libil2cpp/icalls_monoaot/System.Private.CoreLib/System.Reflection.Emit/DynamicMethod.h
[ 865/2443  0s] CopyFiles Build/unityLibrary/src/main/Il2CppOutputProject/IL2CPP/libil2cpp/icalls_monoaot/System.Private.CoreLib/System.Reflection.Emit/DynamicMethod.cpp
[ 866/2443  0s] CopyFiles Build/unityLibrary/src/main/Il2CppOutputProject/IL2CPP/libil2cpp/icalls_monoaot/System.Private.CoreLib/System.Reflection.Emit/CustomAttributeBuilder.h
[ 867/2443  0s] CopyFiles Build/unityLibrary/src/main/Il2CppOutputProject/IL2CPP/libil2cpp/icalls_monoaot/System.Private.CoreLib/System.Reflection.Emit/RuntimeAssemblyBuilder.h
[ 868/2443  0s] CopyFiles Build/unityLibrary/src/main/Il2CppOutputProject/IL2CPP/libil2cpp/icalls_monoaot/System.Private.CoreLib/System.Reflection.Emit/CustomAttributeBuilder.cpp
[ 869/2443  0s] CopyFiles Build/unityLibrary/src/main/Il2CppOutputProject/IL2CPP/libil2cpp/icalls_monoaot/System.Private.CoreLib/System.IO/Stream.cpp
[ 870/2443  0s] CopyFiles Build/unityLibrary/src/main/Il2CppOutputProject/IL2CPP/libil2cpp/icalls_monoaot/System.Private.CoreLib/System.IO/Stream.h
[ 871/2443  0s] CopyFiles Build/unityLibrary/src/main/Il2CppOutputProject/IL2CPP/libil2cpp/icalls_monoaot/System.Private.CoreLib/System.Diagnostics/StackFrame.h
[ 872/2443  0s] CopyFiles Build/unityLibrary/src/main/Il2CppOutputProject/IL2CPP/libil2cpp/icalls_monoaot/System.Private.CoreLib/System.Diagnostics/StackFrame.cpp
[ 873/2443  0s] CopyFiles Build/unityLibrary/src/main/Il2CppOutputProject/IL2CPP/libil2cpp/icalls_monoaot/System.Private.CoreLib/System.Diagnostics/Debugger.cpp
[ 874/2443  0s] CopyFiles Build/unityLibrary/src/main/Il2CppOutputProject/IL2CPP/libil2cpp/icalls_monoaot/System.Private.CoreLib/System.Diagnostics/Debugger.h
[ 875/2443  0s] CopyFiles Build/unityLibrary/src/main/Il2CppOutputProject/IL2CPP/libil2cpp/icalls_monoaot/System.Private.CoreLib/System.Diagnostics/StackTrace.h
[ 876/2443  0s] CopyFiles Build/unityLibrary/src/main/Il2CppOutputProject/IL2CPP/libil2cpp/icalls_monoaot/System.Private.CoreLib/System.Diagnostics/StackTrace.cpp
[ 877/2443  0s] CopyFiles Build/unityLibrary/src/main/Il2CppOutputProject/IL2CPP/libil2cpp/icalls_monoaot/System.Private.CoreLib/System.Diagnostics.Tracing/NativeRuntimeEventSource.cpp
[ 878/2443  0s] CopyFiles Build/unityLibrary/src/main/Il2CppOutputProject/IL2CPP/libil2cpp/icalls_monoaot/System.Private.CoreLib/System.Diagnostics.Tracing/NativeRuntimeEventSource.h
[ 879/2443  0s] CopyFiles Build/unityLibrary/src/main/Il2CppOutputProject/IL2CPP/libil2cpp/icalls_monoaot/System.Private.CoreLib/System.Diagnostics.Tracing/EventPipeInternal.cpp
[ 880/2443  0s] CopyFiles Build/unityLibrary/src/main/Il2CppOutputProject/IL2CPP/libil2cpp/icalls_monoaot/System.Private.CoreLib/Mono/SafeStringMarshal.h
[ 881/2443  0s] CopyFiles Build/unityLibrary/src/main/Il2CppOutputProject/IL2CPP/libil2cpp/icalls_monoaot/System.Private.CoreLib/Mono/SafeStringMarshal.cpp
[ 882/2443  0s] CopyFiles Build/unityLibrary/src/main/Il2CppOutputProject/IL2CPP/libil2cpp/icalls_monoaot/System.Private.CoreLib/System.Diagnostics.Tracing/EventPipeInternal.h
[ 883/2443  0s] CopyFiles Build/unityLibrary/src/main/Il2CppOutputProject/IL2CPP/libil2cpp/icalls_monoaot/System.Private.CoreLib/Mono/RuntimeGPtrArrayHandle.cpp
[ 884/2443  0s] CopyFiles Build/unityLibrary/src/main/Il2CppOutputProject/IL2CPP/libil2cpp/icalls_monoaot/System.Private.CoreLib/Mono/RuntimeGPtrArrayHandle.h
[ 885/2443  0s] CopyFiles Build/unityLibrary/src/main/Il2CppOutputProject/IL2CPP/libil2cpp/icalls_monoaot/System.Private.CoreLib/Mono/RuntimeClassHandle.h
[ 886/2443  0s] CopyFiles Build/unityLibrary/src/main/Il2CppOutputProject/IL2CPP/libil2cpp/icalls_monoaot/System.Private.CoreLib/Mono/RuntimeClassHandle.cpp
[ 887/2443  0s] CopyFiles Build/unityLibrary/src/main/Il2CppOutputProject/IL2CPP/libil2cpp/icalls/System/System.Threading/Semaphore.h
[ 888/2443  0s] CopyFiles Build/unityLibrary/src/main/Il2CppOutputProject/IL2CPP/libil2cpp/icalls/System/System.Net/Dns.h
[ 889/2443  0s] CopyFiles Build/unityLibrary/src/main/Il2CppOutputProject/IL2CPP/libil2cpp/icalls/System/System.Net/Dns.cpp
[ 890/2443  0s] CopyFiles Build/unityLibrary/src/main/Il2CppOutputProject/IL2CPP/libil2cpp/icalls/System/System.Threading/Semaphore.cpp
[ 891/2443  0s] CopyFiles Build/unityLibrary/src/main/Il2CppOutputProject/IL2CPP/libil2cpp/icalls/System/System.Net.Sockets/SocketException.cpp
[ 892/2443  0s] CopyFiles Build/unityLibrary/src/main/Il2CppOutputProject/IL2CPP/libil2cpp/icalls/System/System.Net.NetworkInformation/MacOsIPInterfaceProperties.h
[ 893/2443  0s] CopyFiles Build/unityLibrary/src/main/Il2CppOutputProject/IL2CPP/libil2cpp/icalls/System/System.Net.Sockets/Socket.h
[ 894/2443  0s] CopyFiles Build/unityLibrary/src/main/Il2CppOutputProject/IL2CPP/libil2cpp/icalls/System/System.Net.Sockets/SocketException.h
[ 895/2443  0s] CopyFiles Build/unityLibrary/src/main/Il2CppOutputProject/IL2CPP/libil2cpp/icalls/System/System.Net.Sockets/Socket.cpp
[ 896/2443  0s] CopyFiles Build/unityLibrary/src/main/Il2CppOutputProject/IL2CPP/libil2cpp/icalls/System/System.Net.NetworkInformation/LinuxNetworkInterface.h
[ 897/2443  0s] CopyFiles Build/unityLibrary/src/main/Il2CppOutputProject/IL2CPP/libil2cpp/icalls/System/System.Net.NetworkInformation/MacOsIPInterfaceProperties.cpp
[ 898/2443  0s] CopyFiles Build/unityLibrary/src/main/Il2CppOutputProject/IL2CPP/libil2cpp/icalls/System/System.IO/FileSystemWatcher.h
[ 899/2443  0s] CopyFiles Build/unityLibrary/src/main/Il2CppOutputProject/IL2CPP/libil2cpp/icalls/System/System.Net.NetworkInformation/LinuxNetworkInterface.cpp
[ 900/2443  0s] CopyFiles Build/unityLibrary/src/main/Il2CppOutputProject/IL2CPP/libil2cpp/icalls/System/System.Diagnostics/Stopwatch.cpp
[ 901/2443  0s] CopyFiles Build/unityLibrary/src/main/Il2CppOutputProject/IL2CPP/libil2cpp/icalls/System/System.Diagnostics/Stopwatch.h
[ 902/2443  0s] CopyFiles Build/unityLibrary/src/main/Il2CppOutputProject/IL2CPP/libil2cpp/icalls/System/System.IO/FileSystemWatcher.cpp
[ 903/2443  0s] CopyFiles Build/unityLibrary/src/main/Il2CppOutputProject/IL2CPP/libil2cpp/icalls/System/System.Diagnostics/Process.h
[ 904/2443  0s] CopyFiles Build/unityLibrary/src/main/Il2CppOutputProject/IL2CPP/libil2cpp/icalls/System/System.Diagnostics/FileVersionInfo.h
[ 905/2443  0s] CopyFiles Build/unityLibrary/src/main/Il2CppOutputProject/IL2CPP/libil2cpp/icalls/System/System.Diagnostics/Process.cpp
[ 906/2443  0s] CopyFiles Build/unityLibrary/src/main/Il2CppOutputProject/IL2CPP/libil2cpp/icalls/System/System.Diagnostics/DefaultTraceListener.cpp
[ 907/2443  0s] CopyFiles Build/unityLibrary/src/main/Il2CppOutputProject/IL2CPP/libil2cpp/icalls/System/Mono.Net.Security/MonoTlsProviderFactory.cpp
[ 908/2443  0s] CopyFiles Build/unityLibrary/src/main/Il2CppOutputProject/IL2CPP/libil2cpp/icalls/System/Microsoft.Win32/NativeMethods.h
[ 909/2443  0s] CopyFiles Build/unityLibrary/src/main/Il2CppOutputProject/IL2CPP/libil2cpp/icalls/System/Mono.Net.Security/MonoTlsProviderFactory.h
[ 910/2443  0s] CopyFiles Build/unityLibrary/src/main/Il2CppOutputProject/IL2CPP/libil2cpp/icalls/System/System.Diagnostics/DefaultTraceListener.h
[ 911/2443  0s] CopyFiles Build/unityLibrary/src/main/Il2CppOutputProject/IL2CPP/libil2cpp/icalls/System/System.Diagnostics/FileVersionInfo.cpp
[ 912/2443  0s] CopyFiles Build/unityLibrary/src/main/Il2CppOutputProject/IL2CPP/libil2cpp/icalls/System/Microsoft.Win32/NativeMethods.cpp
[ 913/2443  0s] CopyFiles Build/unityLibrary/src/main/Il2CppOutputProject/IL2CPP/libil2cpp/icalls/mscorlib/System/ValueType.h
[ 914/2443  0s] CopyFiles Build/unityLibrary/src/main/Il2CppOutputProject/IL2CPP/libil2cpp/icalls/mscorlib/System/ValueType.cpp
[ 915/2443  0s] CopyFiles Build/unityLibrary/src/main/Il2CppOutputProject/IL2CPP/libil2cpp/icalls/System.Core/System.IO.MemoryMappedFiles/MemoryMapImpl.h
[ 916/2443  0s] CopyFiles Build/unityLibrary/src/main/Il2CppOutputProject/IL2CPP/libil2cpp/icalls/mscorlib/System/TypedReference.h
[ 917/2443  0s] CopyFiles Build/unityLibrary/src/main/Il2CppOutputProject/IL2CPP/libil2cpp/icalls/mscorlib/System/TypedReference.cpp
[ 918/2443  0s] CopyFiles Build/unityLibrary/src/main/Il2CppOutputProject/IL2CPP/libil2cpp/icalls/System.Core/System.IO.MemoryMappedFiles/MemoryMapImpl.cpp
[ 919/2443  0s] CopyFiles Build/unityLibrary/src/main/Il2CppOutputProject/IL2CPP/libil2cpp/icalls/mscorlib/System/Type.cpp
[ 920/2443  0s] CopyFiles Build/unityLibrary/src/main/Il2CppOutputProject/IL2CPP/libil2cpp/icalls/mscorlib/System/String.cpp
[ 921/2443  0s] CopyFiles Build/unityLibrary/src/main/Il2CppOutputProject/IL2CPP/libil2cpp/icalls/mscorlib/System/RuntimeTypeHandle.h
[ 922/2443  0s] CopyFiles Build/unityLibrary/src/main/Il2CppOutputProject/IL2CPP/libil2cpp/icalls/mscorlib/System/String.h
[ 923/2443  0s] CopyFiles Build/unityLibrary/src/main/Il2CppOutputProject/IL2CPP/libil2cpp/icalls/mscorlib/System/Type.h
[ 924/2443  0s] CopyFiles Build/unityLibrary/src/main/Il2CppOutputProject/IL2CPP/libil2cpp/icalls/mscorlib/System/RuntimeType.h
[ 925/2443  0s] CopyFiles Build/unityLibrary/src/main/Il2CppOutputProject/IL2CPP/libil2cpp/icalls/mscorlib/System/RuntimeType.cpp
[ 926/2443  0s] CopyFiles Build/unityLibrary/src/main/Il2CppOutputProject/IL2CPP/libil2cpp/icalls/mscorlib/System/RuntimeTypeHandle.cpp
[ 927/2443  0s] CopyFiles Build/unityLibrary/src/main/Il2CppOutputProject/IL2CPP/libil2cpp/icalls/mscorlib/System/RuntimeMethodHandle.cpp
[ 928/2443  0s] CopyFiles Build/unityLibrary/src/main/Il2CppOutputProject/IL2CPP/libil2cpp/icalls/mscorlib/System/RuntimeFieldHandle.h
[ 929/2443  0s] CopyFiles Build/unityLibrary/src/main/Il2CppOutputProject/IL2CPP/libil2cpp/icalls/mscorlib/System/RuntimeFieldHandle.cpp
[ 930/2443  0s] CopyFiles Build/unityLibrary/src/main/Il2CppOutputProject/IL2CPP/libil2cpp/icalls/mscorlib/System/NumberFormatter.h
[ 931/2443  0s] CopyFiles Build/unityLibrary/src/main/Il2CppOutputProject/IL2CPP/libil2cpp/icalls/mscorlib/System/RuntimeMethodHandle.h
[ 932/2443  0s] CopyFiles Build/unityLibrary/src/main/Il2CppOutputProject/IL2CPP/libil2cpp/icalls/mscorlib/System/Number.cpp
[ 933/2443  0s] CopyFiles Build/unityLibrary/src/main/Il2CppOutputProject/IL2CPP/libil2cpp/icalls/mscorlib/System/NumberFormatter.cpp
[ 934/2443  0s] CopyFiles Build/unityLibrary/src/main/Il2CppOutputProject/IL2CPP/libil2cpp/icalls/mscorlib/System/MathF.h
[ 935/2443  0s] CopyFiles Build/unityLibrary/src/main/Il2CppOutputProject/IL2CPP/libil2cpp/icalls/mscorlib/System/MonoCustomAttrs.cpp
[ 936/2443  0s] CopyFiles Build/unityLibrary/src/main/Il2CppOutputProject/IL2CPP/libil2cpp/icalls/mscorlib/System/MonoCustomAttrs.h
[ 937/2443  0s] CopyFiles Build/unityLibrary/src/main/Il2CppOutputProject/IL2CPP/libil2cpp/icalls/mscorlib/System/Object.cpp
[ 938/2443  0s] CopyFiles Build/unityLibrary/src/main/Il2CppOutputProject/IL2CPP/libil2cpp/icalls/mscorlib/System/Object.h
[ 939/2443  0s] CopyFiles Build/unityLibrary/src/main/Il2CppOutputProject/IL2CPP/libil2cpp/icalls/mscorlib/System/MathF.cpp
[ 940/2443  0s] CopyFiles Build/unityLibrary/src/main/Il2CppOutputProject/IL2CPP/libil2cpp/icalls/mscorlib/System/Math.h
[ 941/2443  0s] CopyFiles Build/unityLibrary/src/main/Il2CppOutputProject/IL2CPP/libil2cpp/icalls/mscorlib/System/Math.cpp
[ 942/2443  0s] CopyFiles Build/unityLibrary/src/main/Il2CppOutputProject/IL2CPP/libil2cpp/icalls/mscorlib/System/GC.h
[ 943/2443  0s] CopyFiles Build/unityLibrary/src/main/Il2CppOutputProject/IL2CPP/libil2cpp/icalls/mscorlib/System/GC.cpp
[ 944/2443  0s] CopyFiles Build/unityLibrary/src/main/Il2CppOutputProject/IL2CPP/libil2cpp/icalls/mscorlib/System/Exception.h
[ 945/2443  0s] CopyFiles Build/unityLibrary/src/main/Il2CppOutputProject/IL2CPP/libil2cpp/icalls/mscorlib/System/Exception.cpp
[ 946/2443  0s] CopyFiles Build/unityLibrary/src/main/Il2CppOutputProject/IL2CPP/libil2cpp/icalls/mscorlib/System/Environment.h
[ 947/2443  0s] CopyFiles Build/unityLibrary/src/main/Il2CppOutputProject/IL2CPP/libil2cpp/icalls/mscorlib/System/Enum.h
[ 948/2443  0s] CopyFiles Build/unityLibrary/src/main/Il2CppOutputProject/IL2CPP/libil2cpp/icalls/mscorlib/System/Enum.cpp
[ 949/2443  0s] CopyFiles Build/unityLibrary/src/main/Il2CppOutputProject/IL2CPP/libil2cpp/icalls/mscorlib/System/Delegate.h
[ 950/2443  0s] CopyFiles Build/unityLibrary/src/main/Il2CppOutputProject/IL2CPP/libil2cpp/icalls/mscorlib/System/Environment.cpp
[ 951/2443  0s] CopyFiles Build/unityLibrary/src/main/Il2CppOutputProject/IL2CPP/libil2cpp/icalls/mscorlib/System/Delegate.cpp
[ 952/2443  0s] CopyFiles Build/unityLibrary/src/main/Il2CppOutputProject/IL2CPP/libil2cpp/icalls/mscorlib/System/DateTime.h
[ 953/2443  0s] CopyFiles Build/unityLibrary/src/main/Il2CppOutputProject/IL2CPP/libil2cpp/icalls/mscorlib/System/ConsoleDriver.h
[ 954/2443  0s] CopyFiles Build/unityLibrary/src/main/Il2CppOutputProject/IL2CPP/libil2cpp/icalls/mscorlib/System/CurrentSystemTimeZone.cpp
[ 955/2443  0s] CopyFiles Build/unityLibrary/src/main/Il2CppOutputProject/IL2CPP/libil2cpp/icalls/mscorlib/System/ConsoleDriver.cpp
[ 956/2443  0s] CopyFiles Build/unityLibrary/src/main/Il2CppOutputProject/IL2CPP/libil2cpp/icalls/mscorlib/System/CLRConfig.h
[ 957/2443  0s] CopyFiles Build/unityLibrary/src/main/Il2CppOutputProject/IL2CPP/libil2cpp/icalls/mscorlib/System/CLRConfig.cpp
[ 958/2443  0s] CopyFiles Build/unityLibrary/src/main/Il2CppOutputProject/IL2CPP/libil2cpp/icalls/mscorlib/System/DateTime.cpp
[ 959/2443  0s] CopyFiles Build/unityLibrary/src/main/Il2CppOutputProject/IL2CPP/libil2cpp/icalls/mscorlib/System/CurrentSystemTimeZone.h
[ 960/2443  0s] CopyFiles Build/unityLibrary/src/main/Il2CppOutputProject/IL2CPP/libil2cpp/icalls/mscorlib/System/Buffer.h
[ 961/2443  0s] CopyFiles Build/unityLibrary/src/main/Il2CppOutputProject/IL2CPP/libil2cpp/icalls/mscorlib/System/Array.h
[ 962/2443  0s] CopyFiles Build/unityLibrary/src/main/Il2CppOutputProject/IL2CPP/libil2cpp/icalls/mscorlib/System/Buffer.cpp
[ 963/2443  0s] CopyFiles Build/unityLibrary/src/main/Il2CppOutputProject/IL2CPP/libil2cpp/icalls/mscorlib/System/ArgIterator.h
[ 964/2443  0s] CopyFiles Build/unityLibrary/src/main/Il2CppOutputProject/IL2CPP/libil2cpp/icalls/mscorlib/System/AppDomain.h
[ 965/2443  0s] CopyFiles Build/unityLibrary/src/main/Il2CppOutputProject/IL2CPP/libil2cpp/icalls/mscorlib/System/ArgIterator.cpp
[ 966/2443  0s] CopyFiles Build/unityLibrary/src/main/Il2CppOutputProject/IL2CPP/libil2cpp/icalls/mscorlib/System/Array.cpp
[ 967/2443  0s] CopyFiles Build/unityLibrary/src/main/Il2CppOutputProject/IL2CPP/libil2cpp/icalls/mscorlib/System/AppDomain.cpp
[ 968/2443  0s] CopyFiles Build/unityLibrary/src/main/Il2CppOutputProject/IL2CPP/libil2cpp/icalls/mscorlib/System.Threading/WaitHandle.cpp
[ 969/2443  0s] CopyFiles Build/unityLibrary/src/main/Il2CppOutputProject/IL2CPP/libil2cpp/icalls/mscorlib/System.Threading/WaitHandle.h
[ 970/2443  0s] CopyFiles Build/unityLibrary/src/main/Il2CppOutputProject/IL2CPP/libil2cpp/icalls/mscorlib/System.Threading/Timer.cpp
[ 971/2443  0s] CopyFiles Build/unityLibrary/src/main/Il2CppOutputProject/IL2CPP/libil2cpp/icalls/mscorlib/System.Threading/Timer.h
[ 972/2443  0s] CopyFiles Build/unityLibrary/src/main/Il2CppOutputProject/IL2CPP/libil2cpp/icalls/mscorlib/System.Threading/Thread.h
[ 973/2443  0s] CopyFiles Build/unityLibrary/src/main/Il2CppOutputProject/IL2CPP/libil2cpp/icalls/mscorlib/System.Threading/OSSpecificSynchronizationContext.h
[ 974/2443  0s] CopyFiles Build/unityLibrary/src/main/Il2CppOutputProject/IL2CPP/libil2cpp/icalls/mscorlib/System.Threading/Thread.cpp
[ 975/2443  0s] CopyFiles Build/unityLibrary/src/main/Il2CppOutputProject/IL2CPP/libil2cpp/icalls/mscorlib/System.Threading/NativeEventCalls.cpp
[ 976/2443  0s] CopyFiles Build/unityLibrary/src/main/Il2CppOutputProject/IL2CPP/libil2cpp/icalls/mscorlib/System.Threading/NativeEventCalls.h
[ 977/2443  0s] CopyFiles Build/unityLibrary/src/main/Il2CppOutputProject/IL2CPP/libil2cpp/icalls/mscorlib/System.Threading/Mutex.h
[ 978/2443  0s] CopyFiles Build/unityLibrary/src/main/Il2CppOutputProject/IL2CPP/libil2cpp/icalls/mscorlib/System.Threading/Mutex.cpp
[ 979/2443  0s] CopyFiles Build/unityLibrary/src/main/Il2CppOutputProject/IL2CPP/libil2cpp/icalls/mscorlib/System.Threading/InternalThread.cpp
[ 980/2443  0s] CopyFiles Build/unityLibrary/src/main/Il2CppOutputProject/IL2CPP/libil2cpp/icalls/mscorlib/System.Threading/InternalThread.h
[ 981/2443  0s] CopyFiles Build/unityLibrary/src/main/Il2CppOutputProject/IL2CPP/libil2cpp/icalls/mscorlib/System.Threading/Monitor.h
[ 982/2443  0s] CopyFiles Build/unityLibrary/src/main/Il2CppOutputProject/IL2CPP/libil2cpp/icalls/mscorlib/System.Threading/Interlocked.h
[ 983/2443  0s] CopyFiles Build/unityLibrary/src/main/Il2CppOutputProject/IL2CPP/libil2cpp/icalls/mscorlib/System.Text/Normalization.cpp
[ 984/2443  0s] CopyFiles Build/unityLibrary/src/main/Il2CppOutputProject/IL2CPP/libil2cpp/icalls/mscorlib/System.Threading/Interlocked.cpp
[ 985/2443  0s] CopyFiles Build/unityLibrary/src/main/Il2CppOutputProject/IL2CPP/libil2cpp/icalls/mscorlib/System.Text/Normalization.h
[ 986/2443  0s] CopyFiles Build/unityLibrary/src/main/Il2CppOutputProject/IL2CPP/libil2cpp/icalls/mscorlib/System.Threading/OSSpecificSynchronizationContext.cpp
[ 987/2443  0s] CopyFiles Build/unityLibrary/src/main/Il2CppOutputProject/IL2CPP/libil2cpp/icalls/mscorlib/System.Threading/Monitor.cpp
[ 988/2443  0s] CopyFiles Build/unityLibrary/src/main/Il2CppOutputProject/IL2CPP/libil2cpp/icalls/mscorlib/System.Text/EncodingHelper.h
[ 989/2443  0s] CopyFiles Build/unityLibrary/src/main/Il2CppOutputProject/IL2CPP/libil2cpp/icalls/mscorlib/System.Security.Principal/WindowsImpersonationContext.cpp
[ 990/2443  0s] CopyFiles Build/unityLibrary/src/main/Il2CppOutputProject/IL2CPP/libil2cpp/icalls/mscorlib/System.Text/EncodingHelper.cpp
[ 991/2443  0s] CopyFiles Build/unityLibrary/src/main/Il2CppOutputProject/IL2CPP/libil2cpp/icalls/mscorlib/System.Security.Principal/WindowsPrincipal.h
[ 992/2443  0s] CopyFiles Build/unityLibrary/src/main/Il2CppOutputProject/IL2CPP/libil2cpp/icalls/mscorlib/System.Security.Principal/WindowsPrincipal.cpp
[ 993/2443  0s] CopyFiles Build/unityLibrary/src/main/Il2CppOutputProject/IL2CPP/libil2cpp/icalls/mscorlib/System.Security.Principal/WindowsImpersonationContext.h
[ 994/2443  0s] CopyFiles Build/unityLibrary/src/main/Il2CppOutputProject/IL2CPP/libil2cpp/icalls/mscorlib/System.Security.Principal/WindowsIdentity.cpp
[ 995/2443  0s] CopyFiles Build/unityLibrary/src/main/Il2CppOutputProject/IL2CPP/libil2cpp/icalls/mscorlib/System.Security.Principal/WindowsIdentity.h
[ 996/2443  0s] CopyFiles Build/unityLibrary/src/main/Il2CppOutputProject/IL2CPP/libil2cpp/icalls/mscorlib/System.Security.Policy/Evidence.cpp
[ 997/2443  0s] CopyFiles Build/unityLibrary/src/main/Il2CppOutputProject/IL2CPP/libil2cpp/icalls/mscorlib/System.Runtime/RuntimeImports.h
[ 998/2443  0s] CopyFiles Build/unityLibrary/src/main/Il2CppOutputProject/IL2CPP/libil2cpp/icalls/mscorlib/System.Security.Policy/Evidence.h
[ 999/2443  0s] CopyFiles Build/unityLibrary/src/main/Il2CppOutputProject/IL2CPP/libil2cpp/icalls/mscorlib/System.Security.Cryptography/RNGCryptoServiceProvider.h
[1000/2443  0s] CopyFiles Build/unityLibrary/src/main/Il2CppOutputProject/IL2CPP/libil2cpp/icalls/mscorlib/System.Security.Cryptography/RNGCryptoServiceProvider.cpp
[1001/2443  0s] CopyFiles Build/unityLibrary/src/main/Il2CppOutputProject/IL2CPP/libil2cpp/icalls/mscorlib/System.Runtime.Remoting/RemotingServices.h
[1002/2443  0s] CopyFiles Build/unityLibrary/src/main/Il2CppOutputProject/IL2CPP/libil2cpp/icalls/mscorlib/System.Runtime/RuntimeImports.cpp
[1003/2443  0s] CopyFiles Build/unityLibrary/src/main/Il2CppOutputProject/IL2CPP/libil2cpp/icalls/mscorlib/System.Runtime.Versioning/VersioningHelper.cpp
[1004/2443  0s] CopyFiles Build/unityLibrary/src/main/Il2CppOutputProject/IL2CPP/libil2cpp/icalls/mscorlib/System.Runtime.Versioning/VersioningHelper.h
[1005/2443  0s] CopyFiles Build/unityLibrary/src/main/Il2CppOutputProject/IL2CPP/libil2cpp/icalls/mscorlib/System.Runtime.Remoting/RemotingServices.cpp
[1006/2443  0s] CopyFiles Build/unityLibrary/src/main/Il2CppOutputProject/IL2CPP/libil2cpp/icalls/mscorlib/System.Runtime.Remoting.Proxies/RealProxy.h
[1007/2443  0s] CopyFiles Build/unityLibrary/src/main/Il2CppOutputProject/IL2CPP/libil2cpp/icalls/mscorlib/System.Runtime.Remoting.Messaging/MonoMethodMessage.h
[1008/2443  0s] CopyFiles Build/unityLibrary/src/main/Il2CppOutputProject/IL2CPP/libil2cpp/icalls/mscorlib/System.Runtime.Remoting.Proxies/RealProxy.cpp
[1009/2443  0s] CopyFiles Build/unityLibrary/src/main/Il2CppOutputProject/IL2CPP/libil2cpp/icalls/mscorlib/System.Runtime.Remoting.Messaging/MonoMethodMessage.cpp
[1010/2443  0s] CopyFiles Build/unityLibrary/src/main/Il2CppOutputProject/IL2CPP/libil2cpp/icalls/mscorlib/System.Runtime.Remoting.Messaging/AsyncResult.h
[1011/2443  0s] CopyFiles Build/unityLibrary/src/main/Il2CppOutputProject/IL2CPP/libil2cpp/icalls/mscorlib/System.Runtime.Remoting.Activation/ActivationServices.h
[1012/2443  0s] CopyFiles Build/unityLibrary/src/main/Il2CppOutputProject/IL2CPP/libil2cpp/icalls/mscorlib/System.Runtime.Remoting.Activation/ActivationServices.cpp
[1013/2443  0s] CopyFiles Build/unityLibrary/src/main/Il2CppOutputProject/IL2CPP/libil2cpp/icalls/mscorlib/System.Runtime.Remoting.Contexts/Context.h
[1014/2443  0s] CopyFiles Build/unityLibrary/src/main/Il2CppOutputProject/IL2CPP/libil2cpp/icalls/mscorlib/System.Runtime.Remoting.Contexts/Context.cpp
[1015/2443  0s] CopyFiles Build/unityLibrary/src/main/Il2CppOutputProject/IL2CPP/libil2cpp/icalls/mscorlib/System.Runtime.InteropServices/RuntimeInformation.h
[1016/2443  0s] CopyFiles Build/unityLibrary/src/main/Il2CppOutputProject/IL2CPP/libil2cpp/icalls/mscorlib/System.Runtime.InteropServices/RuntimeInformation.cpp
[1017/2443  0s] CopyFiles Build/unityLibrary/src/main/Il2CppOutputProject/IL2CPP/libil2cpp/icalls/mscorlib/System.Runtime.Remoting.Messaging/AsyncResult.cpp
[1018/2443  0s] CopyFiles Build/unityLibrary/src/main/Il2CppOutputProject/IL2CPP/libil2cpp/icalls/mscorlib/System.Runtime.InteropServices/GCHandle.cpp
[1019/2443  0s] CopyFiles Build/unityLibrary/src/main/Il2CppOutputProject/IL2CPP/libil2cpp/icalls/mscorlib/System.Runtime.CompilerServices/RuntimeHelpers.h
[1020/2443  0s] CopyFiles Build/unityLibrary/src/main/Il2CppOutputProject/IL2CPP/libil2cpp/icalls/mscorlib/System.Runtime.CompilerServices/RuntimeHelpers.cpp
[1021/2443  0s] CopyFiles Build/unityLibrary/src/main/Il2CppOutputProject/IL2CPP/libil2cpp/icalls/mscorlib/System.Runtime.InteropServices/GCHandle.h
[1022/2443  0s] CopyFiles Build/unityLibrary/src/main/Il2CppOutputProject/IL2CPP/libil2cpp/icalls/mscorlib/System.Runtime.InteropServices/Marshal.h
[1023/2443  0s] CopyFiles Build/unityLibrary/src/main/Il2CppOutputProject/IL2CPP/libil2cpp/icalls/mscorlib/System.Runtime.InteropServices/Marshal.cpp
[1024/2443  0s] CopyFiles Build/unityLibrary/src/main/Il2CppOutputProject/IL2CPP/libil2cpp/icalls/mscorlib/System.Reflection/RuntimePropertyInfo.h
[1025/2443  0s] CopyFiles Build/unityLibrary/src/main/Il2CppOutputProject/IL2CPP/libil2cpp/icalls/mscorlib/System.Reflection/RuntimeParameterInfo.cpp
[1026/2443  0s] CopyFiles Build/unityLibrary/src/main/Il2CppOutputProject/IL2CPP/libil2cpp/icalls/mscorlib/System.Reflection/RuntimePropertyInfo.cpp
[1027/2443  0s] CopyFiles Build/unityLibrary/src/main/Il2CppOutputProject/IL2CPP/libil2cpp/icalls/mscorlib/System.Reflection/RuntimeModule.cpp
[1028/2443  0s] CopyFiles Build/unityLibrary/src/main/Il2CppOutputProject/IL2CPP/libil2cpp/icalls/mscorlib/System.Reflection/RuntimeModule.h
[1029/2443  0s] CopyFiles Build/unityLibrary/src/main/Il2CppOutputProject/IL2CPP/libil2cpp/icalls/mscorlib/System.Reflection/RuntimeMethodInfo.h
[1030/2443  0s] CopyFiles Build/unityLibrary/src/main/Il2CppOutputProject/IL2CPP/libil2cpp/icalls/mscorlib/System.Reflection/RuntimeMethodInfo.cpp
[1031/2443  0s] CopyFiles Build/unityLibrary/src/main/Il2CppOutputProject/IL2CPP/libil2cpp/icalls/mscorlib/System.Reflection/RuntimeFieldInfo.h
[1032/2443  0s] CopyFiles Build/unityLibrary/src/main/Il2CppOutputProject/IL2CPP/libil2cpp/icalls/mscorlib/System.Reflection/RuntimeFieldInfo.cpp
[1033/2443  0s] CopyFiles Build/unityLibrary/src/main/Il2CppOutputProject/IL2CPP/libil2cpp/icalls/mscorlib/System.Reflection/RuntimeEventInfo.h
[1034/2443  0s] CopyFiles Build/unityLibrary/src/main/Il2CppOutputProject/IL2CPP/libil2cpp/icalls/mscorlib/System.Reflection/RuntimeConstructorInfo.h
[1035/2443  0s] CopyFiles Build/unityLibrary/src/main/Il2CppOutputProject/IL2CPP/libil2cpp/icalls/mscorlib/System.Reflection/RuntimeAssembly.h
[1036/2443  0s] CopyFiles Build/unityLibrary/src/main/Il2CppOutputProject/IL2CPP/libil2cpp/icalls/mscorlib/System.Reflection/ParameterInfo.cpp
[1037/2443  0s] CopyFiles Build/unityLibrary/src/main/Il2CppOutputProject/IL2CPP/libil2cpp/icalls/mscorlib/System.Reflection/RuntimeEventInfo.cpp
[1038/2443  0s] CopyFiles Build/unityLibrary/src/main/Il2CppOutputProject/IL2CPP/libil2cpp/icalls/mscorlib/System.Reflection/RuntimeConstructorInfo.cpp
[1039/2443  0s] CopyFiles Build/unityLibrary/src/main/Il2CppOutputProject/IL2CPP/libil2cpp/icalls/mscorlib/System.Reflection/RuntimeAssembly.cpp
[1040/2443  0s] CopyFiles Build/unityLibrary/src/main/Il2CppOutputProject/IL2CPP/libil2cpp/icalls/mscorlib/System.Reflection/MonoMethodInfo.cpp
[1041/2443  0s] CopyFiles Build/unityLibrary/src/main/Il2CppOutputProject/IL2CPP/libil2cpp/icalls/mscorlib/System.Reflection/MonoMethodInfo.h
[1042/2443  0s] CopyFiles Build/unityLibrary/src/main/Il2CppOutputProject/IL2CPP/libil2cpp/icalls/mscorlib/System.Reflection/MonoMethod.cpp
[1043/2443  0s] CopyFiles Build/unityLibrary/src/main/Il2CppOutputProject/IL2CPP/libil2cpp/icalls/mscorlib/System.Reflection/Module.h
[1044/2443  0s] CopyFiles Build/unityLibrary/src/main/Il2CppOutputProject/IL2CPP/libil2cpp/icalls/mscorlib/System.Reflection/Module.cpp
[1045/2443  0s] CopyFiles Build/unityLibrary/src/main/Il2CppOutputProject/IL2CPP/libil2cpp/icalls/mscorlib/System.Reflection/MethodBase.h
[1046/2443  0s] CopyFiles Build/unityLibrary/src/main/Il2CppOutputProject/IL2CPP/libil2cpp/icalls/mscorlib/System.Reflection/RuntimeParameterInfo.h
[1047/2443  0s] CopyFiles Build/unityLibrary/src/main/Il2CppOutputProject/IL2CPP/libil2cpp/icalls/mscorlib/System.Reflection/MethodBase.cpp
[1048/2443  0s] CopyFiles Build/unityLibrary/src/main/Il2CppOutputProject/IL2CPP/libil2cpp/icalls/mscorlib/System.Reflection/FieldInfo.h
[1049/2443  0s] CopyFiles Build/unityLibrary/src/main/Il2CppOutputProject/IL2CPP/libil2cpp/icalls/mscorlib/System.Reflection/FieldInfo.cpp
[1050/2443  0s] CopyFiles Build/unityLibrary/src/main/Il2CppOutputProject/IL2CPP/libil2cpp/icalls/mscorlib/System.Reflection/EventInfo.cpp
[1051/2443  0s] CopyFiles Build/unityLibrary/src/main/Il2CppOutputProject/IL2CPP/libil2cpp/icalls/mscorlib/System.Reflection/CustomAttributeData.h
[1052/2443  0s] CopyFiles Build/unityLibrary/src/main/Il2CppOutputProject/IL2CPP/libil2cpp/icalls/mscorlib/System.Reflection/CustomAttributeData.cpp
[1053/2443  0s] CopyFiles Build/unityLibrary/src/main/Il2CppOutputProject/IL2CPP/libil2cpp/icalls/mscorlib/System.Reflection/AssemblyName.h
[1054/2443  0s] CopyFiles Build/unityLibrary/src/main/Il2CppOutputProject/IL2CPP/libil2cpp/icalls/mscorlib/System.Reflection/EventInfo.h
[1055/2443  0s] CopyFiles Build/unityLibrary/src/main/Il2CppOutputProject/IL2CPP/libil2cpp/icalls/mscorlib/System.Reflection/AssemblyName.cpp
[1056/2443  0s] CopyFiles Build/unityLibrary/src/main/Il2CppOutputProject/IL2CPP/libil2cpp/icalls/mscorlib/System.Reflection/Assembly.cpp
[1057/2443  0s] CopyFiles Build/unityLibrary/src/main/Il2CppOutputProject/IL2CPP/libil2cpp/icalls/mscorlib/System.Reflection/Assembly.h
[1058/2443  0s] CopyFiles Build/unityLibrary/src/main/Il2CppOutputProject/IL2CPP/libil2cpp/icalls/mscorlib/System.IO/Path.h
[1059/2443  0s] CopyFiles Build/unityLibrary/src/main/Il2CppOutputProject/IL2CPP/libil2cpp/icalls/mscorlib/System.IO/BrokeredFileSystem.h
[1060/2443  0s] CopyFiles Build/unityLibrary/src/main/Il2CppOutputProject/IL2CPP/libil2cpp/icalls/mscorlib/System.IO/MonoIO.cpp
[1061/2443  0s] CopyFiles Build/unityLibrary/src/main/Il2CppOutputProject/IL2CPP/libil2cpp/icalls/mscorlib/System.IO/Path.cpp
[1062/2443  0s] CopyFiles Build/unityLibrary/src/main/Il2CppOutputProject/IL2CPP/libil2cpp/icalls/mscorlib/System.IO/MonoIO.h
[1063/2443  0s] CopyFiles Build/unityLibrary/src/main/Il2CppOutputProject/IL2CPP/libil2cpp/icalls/mscorlib/System.IO/DriveInfo.h
[1064/2443  0s] CopyFiles Build/unityLibrary/src/main/Il2CppOutputProject/IL2CPP/libil2cpp/icalls/mscorlib/System.IO/DriveInfo.cpp
[1065/2443  0s] CopyFiles Build/unityLibrary/src/main/Il2CppOutputProject/IL2CPP/libil2cpp/icalls/mscorlib/System.IO/BrokeredFileSystem.cpp
[1066/2443  0s] CopyFiles Build/unityLibrary/src/main/Il2CppOutputProject/IL2CPP/libil2cpp/icalls/mscorlib/System.Globalization/RegionInfo.cpp
[1067/2443  0s] CopyFiles Build/unityLibrary/src/main/Il2CppOutputProject/IL2CPP/libil2cpp/icalls/mscorlib/System.Globalization/RegionInfo.h
[1068/2443  0s] AddBootConfigGUID Library/Bee/artifacts/Android/boot.config
[1069/2443  0s] CopyFiles Build/unityLibrary/src/main/Il2CppOutputProject/IL2CPP/libil2cpp/icalls/mscorlib/System.Globalization/Generated/CultureInfoInternalsNet_4_0.h
[1070/2443  0s] CopyFiles Build/unityLibrary/src/main/Il2CppOutputProject/IL2CPP/libil2cpp/icalls/mscorlib/System.Globalization/CultureInfoTables.h
[1071/2443  0s] CopyFiles Build/unityLibrary/src/main/Il2CppOutputProject/IL2CPP/libil2cpp/icalls/mscorlib/System.Globalization/CultureInfoInternals.h
[1072/2443  0s] CopyFiles Build/unityLibrary/src/main/Il2CppOutputProject/IL2CPP/libil2cpp/icalls/mscorlib/System.Globalization/CultureInfo.h
[1073/2443  0s] CopyFiles Build/unityLibrary/src/main/Il2CppOutputProject/IL2CPP/libil2cpp/icalls/mscorlib/System.Globalization/CultureInfo.cpp
[1074/2443  0s] CopyFiles Build/unityLibrary/src/main/Il2CppOutputProject/IL2CPP/libil2cpp/icalls/mscorlib/System.Globalization/CultureData.h
[1075/2443  0s] CopyFiles Build/unityLibrary/src/main/Il2CppOutputProject/IL2CPP/libil2cpp/icalls/mscorlib/System.Globalization/CompareInfo.h
[1076/2443  0s] CopyFiles Build/unityLibrary/src/main/Il2CppOutputProject/IL2CPP/libil2cpp/icalls/mscorlib/System.Globalization/CompareOptions.h
[1077/2443  0s] CopyFiles Build/unityLibrary/src/main/Il2CppOutputProject/IL2CPP/libil2cpp/icalls/mscorlib/System.Globalization/CultureData.cpp
[1078/2443  0s] CopyFiles Build/unityLibrary/src/main/Il2CppOutputProject/IL2CPP/libil2cpp/icalls/mscorlib/System.Globalization/CompareInfo.cpp
[1079/2443  0s] CopyFiles Build/unityLibrary/src/main/Il2CppOutputProject/IL2CPP/libil2cpp/icalls/mscorlib/System.Globalization/CalendarData.cpp
[1080/2443  0s] CopyFiles Build/unityLibrary/src/main/Il2CppOutputProject/IL2CPP/libil2cpp/icalls/mscorlib/System.Globalization/CalendarData.h
[1081/2443  0s] CopyFiles Build/unityLibrary/src/main/Il2CppOutputProject/IL2CPP/libil2cpp/icalls/mscorlib/System.Diagnostics/StackTrace.h
[1082/2443  0s] CopyFiles Build/unityLibrary/src/main/Il2CppOutputProject/IL2CPP/libil2cpp/icalls/mscorlib/System.Diagnostics/StackTrace.cpp
[1083/2443  0s] CopyFiles Build/unityLibrary/src/main/Il2CppOutputProject/IL2CPP/libil2cpp/icalls/mscorlib/System.Globalization/Generated/CultureInfoTablesNet_4_0.h
[1084/2443  0s] CopyFiles Build/unityLibrary/src/main/Il2CppOutputProject/IL2CPP/libil2cpp/icalls/mscorlib/System.Diagnostics/Debugger.h
[1085/2443  0s] CopyFiles Build/unityLibrary/src/main/Il2CppOutputProject/IL2CPP/libil2cpp/icalls/mscorlib/System.Diagnostics/StackFrame.cpp
[1086/2443  0s] CopyFiles Build/unityLibrary/src/main/Il2CppOutputProject/IL2CPP/libil2cpp/icalls/mscorlib/System.Diagnostics/StackFrame.h
[1087/2443  0s] CopyFiles Build/unityLibrary/src/main/Il2CppOutputProject/IL2CPP/libil2cpp/icalls/mscorlib/Mono/SafeStringMarshal.h
[1088/2443  0s] CopyFiles Build/unityLibrary/src/main/Il2CppOutputProject/IL2CPP/libil2cpp/icalls/mscorlib/System.Diagnostics/Debugger.cpp
[1089/2443  0s] CopyFiles Build/unityLibrary/src/main/Il2CppOutputProject/IL2CPP/libil2cpp/icalls/mscorlib/Mono/RuntimeMarshal.cpp
[1090/2443  0s] CopyFiles Build/unityLibrary/src/main/Il2CppOutputProject/IL2CPP/libil2cpp/icalls/mscorlib/Mono/RuntimeGPtrArrayHandle.h
[1091/2443  0s] CopyFiles Build/unityLibrary/src/main/Il2CppOutputProject/IL2CPP/libil2cpp/icalls/mscorlib/Mono/RuntimeClassHandle.h
[1092/2443  0s] CopyFiles Build/unityLibrary/src/main/Il2CppOutputProject/IL2CPP/libil2cpp/icalls/mscorlib/Mono/RuntimeGPtrArrayHandle.cpp
[1093/2443  0s] CopyFiles Build/unityLibrary/src/main/Il2CppOutputProject/IL2CPP/libil2cpp/icalls/mscorlib/Mono/RuntimeMarshal.h
[1094/2443  0s] CopyFiles Build/unityLibrary/src/main/Il2CppOutputProject/IL2CPP/libil2cpp/icalls/mscorlib/Mono/SafeStringMarshal.cpp
[1095/2443  0s] CopyFiles Build/unityLibrary/src/main/assets/bin/Data/boot.config
[1096/2443  0s] CopyFiles Build/unityLibrary/src/main/Il2CppOutputProject/IL2CPP/libil2cpp/icalls/mscorlib/Mono/RuntimeClassHandle.cpp
[1097/2443  0s] CopyFiles Build/unityLibrary/src/main/Il2CppOutputProject/IL2CPP/libil2cpp/icalls/mscorlib/Mono/Runtime.h
[1098/2443  0s] CopyFiles Build/unityLibrary/src/main/Il2CppOutputProject/IL2CPP/libil2cpp/icalls/mscorlib/Mono/Runtime.cpp
[1099/2443  0s] CopyFiles Build/unityLibrary/src/main/Il2CppOutputProject/IL2CPP/libil2cpp/icalls/mscorlib/Mono.Unity/UnityTls.h
[1100/2443  0s] CopyFiles Build/unityLibrary/src/main/Il2CppOutputProject/IL2CPP/libil2cpp/icalls/mscorlib/Mono.Security.Cryptography/KeyPairPersistence.h
[1101/2443  0s] CopyFiles Build/unityLibrary/src/main/Il2CppOutputProject/IL2CPP/libil2cpp/icalls/mscorlib/Mono.Unity/UnityTls.cpp
[1102/2443  0s] CopyFiles Build/unityLibrary/src/main/Il2CppOutputProject/IL2CPP/libil2cpp/icalls/mscorlib/Microsoft.Win32/NativeMethods.h
[1103/2443  0s] CopyFiles Build/unityLibrary/src/main/Il2CppOutputProject/IL2CPP/libil2cpp/icalls/mscorlib/Microsoft.Win32/NativeMethods.cpp
[1104/2443  0s] CopyFiles Build/unityLibrary/src/main/Il2CppOutputProject/IL2CPP/libil2cpp/icalls/mscorlib/Mono.Security.Cryptography/KeyPairPersistence.cpp
[1105/2443  0s] CopyFiles Build/unityLibrary/src/main/Il2CppOutputProject/IL2CPP/libil2cpp/icalls/mscorlib/Interop.h
[1106/2443  0s] CopyFiles Build/unityLibrary/src/main/Il2CppOutputProject/IL2CPP/libil2cpp/icalls/mscorlib/Interop.cpp
[1107/2443  0s] CopyFiles Build/unityLibrary/src/main/Il2CppOutputProject/IL2CPP/libil2cpp/gc/WriteBarrierValidation.h
[1108/2443  0s] CopyFiles Build/unityLibrary/src/main/Il2CppOutputProject/IL2CPP/libil2cpp/gc/WriteBarrier.h
[1109/2443  0s] CopyFiles Build/unityLibrary/src/main/Il2CppOutputProject/IL2CPP/libil2cpp/gc/gc_wrapper.h
[1110/2443  0s] CopyFiles Build/unityLibrary/src/main/Il2CppOutputProject/IL2CPP/libil2cpp/gc/WriteBarrier.cpp
[1111/2443  0s] CopyFiles Build/unityLibrary/src/main/Il2CppOutputProject/IL2CPP/libil2cpp/gc/WriteBarrierValidation.cpp
[1112/2443  0s] CopyFiles Build/unityLibrary/src/main/Il2CppOutputProject/IL2CPP/libil2cpp/gc/NullGC.cpp
[1113/2443  0s] CopyFiles Build/unityLibrary/src/main/Il2CppOutputProject/IL2CPP/libil2cpp/gc/GarbageCollector.h
[1114/2443  0s] CopyFiles Build/unityLibrary/src/main/Il2CppOutputProject/IL2CPP/libil2cpp/gc/GCHandle.cpp
[1115/2443  0s] CopyFiles Build/unityLibrary/src/main/Il2CppOutputProject/IL2CPP/libil2cpp/gc/GCHandle.h
[1116/2443  0s] CopyFiles Build/unityLibrary/src/main/Il2CppOutputProject/IL2CPP/libil2cpp/gc/Allocator.h
[1117/2443  0s] CopyFiles Build/unityLibrary/src/main/Il2CppOutputProject/IL2CPP/libil2cpp/gc/GarbageCollector.cpp
[1118/2443  0s] CopyFiles Build/unityLibrary/src/main/Il2CppOutputProject/IL2CPP/libil2cpp/gc/BoehmGC.cpp
[1119/2443  0s] CopyFiles Build/unityLibrary/src/main/Il2CppOutputProject/IL2CPP/libil2cpp/debugger/il2cpp-api-debugger.cpp
[1120/2443  0s] CopyFiles Build/unityLibrary/src/main/Il2CppOutputProject/IL2CPP/libil2cpp/gc/AppendOnlyGCHashMap.h
[1121/2443  0s] CopyFiles Build/unityLibrary/src/main/Il2CppOutputProject/IL2CPP/libil2cpp/debugger/il2cpp-api-debugger.h
[1122/2443  0s] CopyFiles Build/unityLibrary/src/main/Il2CppOutputProject/IL2CPP/libil2cpp/codegen/il2cpp-codegen-oldintrinsics.cpp
[1123/2443  0s] CopyFiles Build/unityLibrary/src/main/Il2CppOutputProject/IL2CPP/libil2cpp/codegen/il2cpp-codegen-oldintrinsics.h
[1124/2443  0s] CopyFiles Build/unityLibrary/src/main/Il2CppOutputProject/IL2CPP/libil2cpp/codegen/il2cpp-codegen-metadata.h
[1125/2443  0s] CopyFiles Build/unityLibrary/src/main/Il2CppOutputProject/IL2CPP/libil2cpp/char-conversions.h
[1126/2443  0s] CopyFiles Build/unityLibrary/src/main/Il2CppOutputProject/IL2CPP/libil2cpp/codegen/il2cpp-codegen.cpp
[1127/2443  0s] CopyFiles Build/unityLibrary/src/main/Il2CppOutputProject/IL2CPP/external/zlib-unity/zutil.h
[1128/2443  0s] CopyFiles Build/unityLibrary/src/main/Il2CppOutputProject/IL2CPP/external/zlib-unity/zutil.c
[1129/2443  0s] CopyFiles Build/unityLibrary/src/main/Il2CppOutputProject/IL2CPP/libil2cpp/codegen/il2cpp-codegen.h
[1130/2443  0s] CopyFiles Build/unityLibrary/src/main/Il2CppOutputProject/IL2CPP/external/zlib-unity/uncompr.c
[1131/2443  0s] CopyFiles Build/unityLibrary/src/main/Il2CppOutputProject/IL2CPP/external/zlib-unity/README
[1132/2443  0s] CopyFiles Build/unityLibrary/src/main/Il2CppOutputProject/IL2CPP/external/zlib-unity/trees.h
[1133/2443  0s] CopyFiles Build/unityLibrary/src/main/Il2CppOutputProject/IL2CPP/external/zlib-unity/zconf.h
[1134/2443  0s] CopyFiles Build/unityLibrary/src/main/Il2CppOutputProject/IL2CPP/external/zlib-unity/inftrees.h
[1135/2443  0s] CopyFiles Build/unityLibrary/src/main/Il2CppOutputProject/IL2CPP/external/zlib-unity/inftrees.c
[1136/2443  0s] CopyFiles Build/unityLibrary/src/main/Il2CppOutputProject/IL2CPP/external/zlib-unity/inflate.h
[1137/2443  0s] CopyFiles Build/unityLibrary/src/main/Il2CppOutputProject/IL2CPP/external/zlib-unity/inflate.c
[1138/2443  0s] CopyFiles Build/unityLibrary/src/main/Il2CppOutputProject/IL2CPP/external/zlib-unity/zlib.h
[1139/2443  0s] CopyFiles Build/unityLibrary/src/main/Il2CppOutputProject/IL2CPP/external/zlib-unity/inffixed.h
[1140/2443  0s] CopyFiles Build/unityLibrary/src/main/Il2CppOutputProject/IL2CPP/external/zlib-unity/inffast.h
[1141/2443  0s] CopyFiles Build/unityLibrary/src/main/Il2CppOutputProject/IL2CPP/external/zlib-unity/inffast.c
[1142/2443  0s] CopyFiles Build/unityLibrary/src/main/Il2CppOutputProject/IL2CPP/external/zlib-unity/trees.c
[1143/2443  0s] CopyFiles Build/unityLibrary/src/main/Il2CppOutputProject/IL2CPP/external/zlib-unity/gzlib.c
[1144/2443  0s] CopyFiles Build/unityLibrary/src/main/Il2CppOutputProject/IL2CPP/external/zlib-unity/gzclose.c
[1145/2443  0s] CopyFiles Build/unityLibrary/src/main/Il2CppOutputProject/IL2CPP/external/zlib-unity/gzwrite.c
[1146/2443  0s] CopyFiles Build/unityLibrary/src/main/Il2CppOutputProject/IL2CPP/external/zlib-unity/infback.c
[1147/2443  0s] CopyFiles Build/unityLibrary/src/main/Il2CppOutputProject/IL2CPP/external/zlib-unity/gzguts.h
[1148/2443  0s] CopyFiles Build/unityLibrary/src/main/Il2CppOutputProject/IL2CPP/libil2cpp/char-conversions.cpp
[1149/2443  0s] CopyFiles Build/unityLibrary/src/main/Il2CppOutputProject/IL2CPP/external/zlib-unity/gzread.c
[1150/2443  0s] CopyFiles Build/unityLibrary/src/main/Il2CppOutputProject/IL2CPP/external/zlib-unity/deflate.h
[1151/2443  0s] CopyFiles Build/unityLibrary/src/main/Il2CppOutputProject/IL2CPP/external/zlib-unity/crc32.c
[1152/2443  0s] CopyFiles Build/unityLibrary/src/main/Il2CppOutputProject/IL2CPP/external/zlib-unity/adler32.c
[1153/2443  0s] CopyFiles Build/unityLibrary/src/main/Il2CppOutputProject/IL2CPP/external/zlib-unity/deflate.c
[1154/2443  0s] CopyFiles Build/unityLibrary/src/main/Il2CppOutputProject/IL2CPP/external/xxHash/xxhash.h
[1155/2443  0s] CopyFiles Build/unityLibrary/src/main/Il2CppOutputProject/IL2CPP/external/xxHash/README.md
[1156/2443  0s] CopyFiles Build/unityLibrary/src/main/Il2CppOutputProject/IL2CPP/external/xxHash/xxhash.c
[1157/2443  0s] CopyFiles Build/unityLibrary/src/main/Il2CppOutputProject/IL2CPP/external/xxHash/xxh3.h
[1158/2443  0s] CopyFiles Build/unityLibrary/src/main/Il2CppOutputProject/IL2CPP/external/xxHash/cmake_unofficial/README.md
[1159/2443  0s] CopyFiles Build/unityLibrary/src/main/Il2CppOutputProject/IL2CPP/external/xamarin-android/README
[1160/2443  0s] CopyFiles Build/unityLibrary/src/main/Il2CppOutputProject/IL2CPP/external/xamarin-android/xamarin_getifaddrs.h
[1161/2443  0s] CopyFiles Build/unityLibrary/src/main/Il2CppOutputProject/IL2CPP/external/xamarin-android/monodroid.h
[1162/2443  0s] CopyFiles Build/unityLibrary/src/main/Il2CppOutputProject/IL2CPP/external/xamarin-android/logger.h
[1163/2443  0s] CopyFiles Build/unityLibrary/src/main/Il2CppOutputProject/IL2CPP/external/xamarin-android/xamarin_getifaddrs.c
[1164/2443  0s] CopyFiles Build/unityLibrary/src/main/Il2CppOutputProject/IL2CPP/external/mono/support/libm/complex.c
[1165/2443  0s] CopyFiles Build/unityLibrary/src/main/Il2CppOutputProject/IL2CPP/external/mono/mono/utils/ward.h
[1166/2443  0s] CopyFiles Build/unityLibrary/src/main/Il2CppOutputProject/IL2CPP/external/mono/support/libm/math_private.h
[1167/2443  0s] CopyFiles Build/unityLibrary/src/main/Il2CppOutputProject/IL2CPP/external/mono/support/libm/complex.h
[1168/2443  0s] CopyFiles Build/unityLibrary/src/main/Il2CppOutputProject/IL2CPP/external/mono/mono/utils/w32api.h
[1169/2443  0s] CopyFiles Build/unityLibrary/src/main/Il2CppOutputProject/IL2CPP/external/mono/mono/utils/unlocked.h
[1170/2443  0s] CopyFiles Build/unityLibrary/src/main/Il2CppOutputProject/IL2CPP/external/mono/mono/utils/unity-time.c
[1171/2443  0s] CopyFiles Build/unityLibrary/src/main/Il2CppOutputProject/IL2CPP/external/mono/mono/utils/strenc.h
[1172/2443  0s] CopyFiles Build/unityLibrary/src/main/Il2CppOutputProject/IL2CPP/external/mono/mono/utils/w32subset.h
[1173/2443  0s] CopyFiles Build/unityLibrary/src/main/Il2CppOutputProject/IL2CPP/external/mono/mono/utils/strenc.c
[1174/2443  0s] CopyFiles Build/unityLibrary/src/main/Il2CppOutputProject/IL2CPP/external/mono/mono/utils/strenc-internals.h
[1175/2443  0s] CopyFiles Build/unityLibrary/src/main/Il2CppOutputProject/IL2CPP/external/mono/mono/utils/refcount.h
[1176/2443  0s] CopyFiles Build/unityLibrary/src/main/Il2CppOutputProject/IL2CPP/external/mono/mono/utils/parse.h
[1177/2443  0s] CopyFiles Build/unityLibrary/src/main/Il2CppOutputProject/IL2CPP/external/mono/mono/utils/os-event.h
[1178/2443  0s] CopyFiles Build/unityLibrary/src/main/Il2CppOutputProject/IL2CPP/external/zlib-unity/crc32.h
[1179/2443  0s] CopyFiles Build/unityLibrary/src/main/Il2CppOutputProject/IL2CPP/external/mono/mono/utils/os-event-win32.c
[1180/2443  0s] CopyFiles Build/unityLibrary/src/main/Il2CppOutputProject/IL2CPP/external/mono/mono/utils/os-event-unity.c
[1181/2443  0s] CopyFiles Build/unityLibrary/src/main/Il2CppOutputProject/IL2CPP/external/mono/mono/utils/os-event-unix.c
[1182/2443  0s] CopyFiles Build/unityLibrary/src/main/Il2CppOutputProject/IL2CPP/external/mono/mono/utils/parse.c
[1183/2443  0s] CopyFiles Build/unityLibrary/src/main/Il2CppOutputProject/IL2CPP/external/mono/mono/utils/networking.h
[1184/2443  0s] CopyFiles Build/unityLibrary/src/main/Il2CppOutputProject/IL2CPP/external/mono/mono/utils/networking-posix.c
[1185/2443  0s] CopyFiles Build/unityLibrary/src/main/Il2CppOutputProject/IL2CPP/external/mono/mono/utils/networking-windows.c
[1186/2443  0s] CopyFiles Build/unityLibrary/src/main/Il2CppOutputProject/IL2CPP/external/mono/mono/utils/networking.c
[1187/2443  0s] CopyFiles Build/unityLibrary/src/main/Il2CppOutputProject/IL2CPP/external/mono/mono/utils/networking-unity.c
[1188/2443  0s] CopyFiles Build/unityLibrary/src/main/Il2CppOutputProject/IL2CPP/external/mono/mono/utils/networking-missing.c
[1189/2443  0s] CopyFiles Build/unityLibrary/src/main/Il2CppOutputProject/IL2CPP/external/mono/mono/utils/monobitset.h
[1190/2443  0s] CopyFiles Build/unityLibrary/src/main/Il2CppOutputProject/IL2CPP/external/mono/mono/utils/mono-uri.c
[1191/2443  0s] CopyFiles Build/unityLibrary/src/main/Il2CppOutputProject/IL2CPP/external/mono/mono/utils/mono-value-hash.h
[1192/2443  0s] CopyFiles Build/unityLibrary/src/main/Il2CppOutputProject/IL2CPP/external/mono/mono/utils/mono-uri.h
[1193/2443  0s] CopyFiles Build/unityLibrary/src/main/Il2CppOutputProject/IL2CPP/external/mono/mono/utils/valgrind.h
[1194/2443  0s] CopyFiles Build/unityLibrary/src/main/Il2CppOutputProject/IL2CPP/external/mono/mono/utils/monobitset.c
[1195/2443  0s] CopyFiles Build/unityLibrary/src/main/Il2CppOutputProject/IL2CPP/external/mono/mono/utils/mono-tls-inline.h
[1196/2443  0s] CopyFiles Build/unityLibrary/src/main/Il2CppOutputProject/IL2CPP/external/mono/mono/utils/mono-time.h
[1197/2443  0s] CopyFiles Build/unityLibrary/src/main/Il2CppOutputProject/IL2CPP/external/mono/mono/utils/mono-tls.h
[1198/2443  0s] CopyFiles Build/unityLibrary/src/main/Il2CppOutputProject/IL2CPP/external/mono/mono/utils/mono-tls.c
[1199/2443  0s] CopyFiles Build/unityLibrary/src/main/Il2CppOutputProject/IL2CPP/external/mono/mono/utils/mono-value-hash.c
[1200/2443  0s] CopyFiles Build/unityLibrary/src/main/Il2CppOutputProject/IL2CPP/external/mono/mono/utils/mono-threads-windows.c
[1201/2443  0s] CopyFiles Build/unityLibrary/src/main/Il2CppOutputProject/IL2CPP/external/mono/mono/utils/mono-threads.c
[1202/2443  0s] CopyFiles Build/unityLibrary/src/main/Il2CppOutputProject/IL2CPP/external/mono/mono/utils/mono-threads.h
[1203/2443  0s] CopyFiles Build/unityLibrary/src/main/Il2CppOutputProject/IL2CPP/external/mono/mono/utils/mono-threads-state-machine.c
[1204/2443  0s] CopyFiles Build/unityLibrary/src/main/Il2CppOutputProject/IL2CPP/external/mono/mono/utils/mono-threads-posix.c
[1205/2443  0s] CopyFiles Build/unityLibrary/src/main/Il2CppOutputProject/IL2CPP/external/mono/mono/utils/mono-threads-unity.c
[1206/2443  0s] CopyFiles Build/unityLibrary/src/main/Il2CppOutputProject/IL2CPP/external/mono/mono/utils/mono-threads-mach-helper.c
[1207/2443  0s] CopyFiles Build/unityLibrary/src/main/Il2CppOutputProject/IL2CPP/external/mono/mono/utils/mono-threads-posix-signals.c
[1208/2443  0s] CopyFiles Build/unityLibrary/src/main/Il2CppOutputProject/IL2CPP/external/mono/mono/utils/mono-threads-mach.c
[1209/2443  0s] CopyFiles Build/unityLibrary/src/main/Il2CppOutputProject/IL2CPP/external/mono/mono/utils/mono-threads-coop.h
[1210/2443  0s] CopyFiles Build/unityLibrary/src/main/Il2CppOutputProject/IL2CPP/external/mono/mono/utils/mono-threads-android.c
[1211/2443  0s] CopyFiles Build/unityLibrary/src/main/Il2CppOutputProject/IL2CPP/external/mono/mono/utils/mono-threads-debug.h
[1212/2443  0s] CopyFiles Build/unityLibrary/src/main/Il2CppOutputProject/IL2CPP/external/mono/mono/utils/mono-threads-coop.c
[1213/2443  0s] CopyFiles Build/unityLibrary/src/main/Il2CppOutputProject/IL2CPP/external/mono/mono/utils/mono-threads-api.h
[1214/2443  0s] CopyFiles Build/unityLibrary/src/main/Il2CppOutputProject/IL2CPP/external/mono/mono/utils/mono-stdlib.h
[1215/2443  0s] CopyFiles Build/unityLibrary/src/main/Il2CppOutputProject/IL2CPP/external/mono/mono/utils/mono-string.h
[1216/2443  0s] CopyFiles Build/unityLibrary/src/main/Il2CppOutputProject/IL2CPP/external/mono/mono/utils/mono-stack-unwinding.h
[1217/2443  0s] CopyFiles Build/unityLibrary/src/main/Il2CppOutputProject/IL2CPP/external/mono/mono/utils/mono-signal-handler.h
[1218/2443  0s] CopyFiles Build/unityLibrary/src/main/Il2CppOutputProject/IL2CPP/external/mono/mono/utils/mono-stdlib.c
[1219/2443  0s] CopyFiles Build/unityLibrary/src/main/Il2CppOutputProject/IL2CPP/external/mono/mono/utils/mono-rand.h
[1220/2443  0s] CopyFiles Build/unityLibrary/src/main/Il2CppOutputProject/IL2CPP/external/mono/mono/utils/mono-publib.h
[1221/2443  0s] CopyFiles Build/unityLibrary/src/main/Il2CppOutputProject/IL2CPP/external/mono/mono/utils/mono-publib.c
[1222/2443  0s] CopyFiles Build/unityLibrary/src/main/Il2CppOutputProject/IL2CPP/external/mono/mono/utils/mono-property-hash.h
[1223/2443  0s] CopyFiles Build/unityLibrary/src/main/Il2CppOutputProject/IL2CPP/external/mono/mono/utils/mono-sha1.c
[1224/2443  0s] CopyFiles Build/unityLibrary/src/main/Il2CppOutputProject/IL2CPP/external/mono/mono/utils/mono-sigcontext.h
[1225/2443  0s] CopyFiles Build/unityLibrary/src/main/Il2CppOutputProject/IL2CPP/external/mono/mono/utils/mono-poll.c
[1226/2443  0s] CopyFiles Build/unityLibrary/src/main/Il2CppOutputProject/IL2CPP/external/mono/mono/utils/mono-property-hash.c
[1227/2443  0s] CopyFiles Build/unityLibrary/src/main/Il2CppOutputProject/IL2CPP/external/mono/mono/utils/mono-proclib-windows.c
[1228/2443  0s] CopyFiles Build/unityLibrary/src/main/Il2CppOutputProject/IL2CPP/external/mono/mono/utils/mono-proclib.h
[1229/2443  0s] CopyFiles Build/unityLibrary/src/main/Il2CppOutputProject/IL2CPP/external/mono/mono/utils/mono-poll.h
[1230/2443  0s] CopyFiles Build/unityLibrary/src/main/Il2CppOutputProject/IL2CPP/external/mono/mono/utils/mono-proclib.c
[1231/2443  0s] CopyFiles Build/unityLibrary/src/main/Il2CppOutputProject/IL2CPP/external/mono/mono/utils/mono-path.h
[1232/2443  0s] CopyFiles Build/unityLibrary/src/main/Il2CppOutputProject/IL2CPP/external/mono/mono/utils/mono-path.c
[1233/2443  0s] CopyFiles Build/unityLibrary/src/main/Il2CppOutputProject/IL2CPP/external/mono/mono/utils/mono-os-wait-win32-uwp.c
[1234/2443  0s] CopyFiles Build/unityLibrary/src/main/Il2CppOutputProject/IL2CPP/external/mono/mono/utils/mono-os-wait.h
[1235/2443  0s] CopyFiles Build/unityLibrary/src/main/Il2CppOutputProject/IL2CPP/external/mono/mono/utils/mono-os-semaphore-win32.c
[1236/2443  0s] CopyFiles Build/unityLibrary/src/main/Il2CppOutputProject/IL2CPP/external/mono/mono/utils/mono-os-wait-win32.c
[1237/2443  0s] CopyFiles Build/unityLibrary/src/main/Il2CppOutputProject/IL2CPP/external/mono/mono/utils/mono-os-semaphore.h
[1238/2443  0s] CopyFiles Build/unityLibrary/src/main/Il2CppOutputProject/IL2CPP/external/mono/mono/utils/mono-os-mutex.h
[1239/2443  0s] CopyFiles Build/unityLibrary/src/main/Il2CppOutputProject/IL2CPP/external/mono/mono/utils/mono-once.h
[1240/2443  0s] CopyFiles Build/unityLibrary/src/main/Il2CppOutputProject/IL2CPP/external/mono/mono/utils/mono-os-mutex.c
[1241/2443  0s] CopyFiles Build/unityLibrary/src/main/Il2CppOutputProject/IL2CPP/external/mono/mono/utils/mono-networkinterfaces.c
[1242/2443  0s] CopyFiles Build/unityLibrary/src/main/Il2CppOutputProject/IL2CPP/external/mono/mono/utils/mono-networkinterfaces.h
[1243/2443  0s] CopyFiles Build/unityLibrary/src/main/Il2CppOutputProject/IL2CPP/external/mono/mono/utils/mono-mmap.c
[1244/2443  0s] CopyFiles Build/unityLibrary/src/main/Il2CppOutputProject/IL2CPP/external/mono/mono/utils/mono-mmap.h
[1245/2443  0s] CopyFiles Build/unityLibrary/src/main/Il2CppOutputProject/IL2CPP/external/mono/mono/utils/mono-mmap-internals.h
[1246/2443  0s] CopyFiles Build/unityLibrary/src/main/Il2CppOutputProject/IL2CPP/external/mono/mono/utils/mono-mmap-windows.c
[1247/2443  0s] CopyFiles Build/unityLibrary/src/main/Il2CppOutputProject/IL2CPP/external/mono/mono/utils/mono-mmap-windows-internals.h
[1248/2443  0s] CopyFiles Build/unityLibrary/src/main/Il2CppOutputProject/IL2CPP/external/mono/mono/utils/mono-membar.h
[1249/2443  0s] CopyFiles Build/unityLibrary/src/main/Il2CppOutputProject/IL2CPP/external/mono/mono/utils/mono-memory-model.h
[1250/2443  0s] CopyFiles Build/unityLibrary/src/main/Il2CppOutputProject/IL2CPP/external/mono/mono/utils/mono-math.h
[1251/2443  0s] CopyFiles Build/unityLibrary/src/main/Il2CppOutputProject/IL2CPP/external/mono/mono/utils/mono-md5.c
[1252/2443  0s] CopyFiles Build/unityLibrary/src/main/Il2CppOutputProject/IL2CPP/external/mono/mono/utils/mono-math.c
[1253/2443  0s] CopyFiles Build/unityLibrary/src/main/Il2CppOutputProject/IL2CPP/external/mono/mono/utils/mono-machine.h
[1254/2443  0s] CopyFiles Build/unityLibrary/src/main/Il2CppOutputProject/IL2CPP/external/mono/mono/utils/mono-logger.c
[1255/2443  0s] CopyFiles Build/unityLibrary/src/main/Il2CppOutputProject/IL2CPP/external/mono/mono/utils/mono-log-unity.c
[1256/2443  0s] CopyFiles Build/unityLibrary/src/main/Il2CppOutputProject/IL2CPP/external/mono/mono/utils/mono-log-windows.c
[1257/2443  0s] CopyFiles Build/unityLibrary/src/main/Il2CppOutputProject/IL2CPP/external/mono/mono/utils/mono-logger.h
[1258/2443  0s] CopyFiles Build/unityLibrary/src/main/Il2CppOutputProject/IL2CPP/external/mono/mono/utils/mono-logger-internals.h
[1259/2443  0s] CopyFiles Build/unityLibrary/src/main/Il2CppOutputProject/IL2CPP/external/mono/mono/utils/mono-log-common.c
[1260/2443  0s] CopyFiles Build/unityLibrary/src/main/Il2CppOutputProject/IL2CPP/external/mono/mono/utils/mono-log-posix.c
[1261/2443  0s] CopyFiles Build/unityLibrary/src/main/Il2CppOutputProject/IL2CPP/external/mono/mono/utils/mono-log-darwin.c
[1262/2443  0s] CopyFiles Build/unityLibrary/src/main/Il2CppOutputProject/IL2CPP/external/mono/mono/utils/mono-log-android.c
[1263/2443  0s] CopyFiles Build/unityLibrary/src/main/Il2CppOutputProject/IL2CPP/external/mono/mono/utils/mono-linked-list-set.h
[1264/2443  0s] CopyFiles Build/unityLibrary/src/main/Il2CppOutputProject/IL2CPP/external/mono/mono/utils/mono-lazy-init.h
[1265/2443  0s] CopyFiles Build/unityLibrary/src/main/Il2CppOutputProject/IL2CPP/external/mono/mono/utils/mono-io-portability.h
[1266/2443  0s] CopyFiles Build/unityLibrary/src/main/Il2CppOutputProject/IL2CPP/external/mono/mono/utils/mono-linked-list-set.c
[1267/2443  0s] CopyFiles Build/unityLibrary/src/main/Il2CppOutputProject/IL2CPP/external/mono/mono/utils/mono-internal-hash.c
[1268/2443  0s] CopyFiles Build/unityLibrary/src/main/Il2CppOutputProject/IL2CPP/external/mono/mono/utils/mono-internal-hash.h
[1269/2443  0s] CopyFiles Build/unityLibrary/src/main/Il2CppOutputProject/IL2CPP/external/mono/mono/utils/mono-io-portability.c
[1270/2443  0s] CopyFiles Build/unityLibrary/src/main/Il2CppOutputProject/IL2CPP/external/mono/mono/utils/mono-hwcap.c
[1271/2443  0s] CopyFiles Build/unityLibrary/src/main/Il2CppOutputProject/IL2CPP/external/mono/mono/utils/mono-hwcap.h
[1272/2443  0s] CopyFiles Build/unityLibrary/src/main/Il2CppOutputProject/IL2CPP/external/mono/mono/utils/mono-hwcap-web.c
[1273/2443  0s] CopyFiles Build/unityLibrary/src/main/Il2CppOutputProject/IL2CPP/external/mono/mono/utils/mono-hwcap-vars.h
[1274/2443  0s] CopyFiles Build/unityLibrary/src/main/Il2CppOutputProject/IL2CPP/external/mono/mono/utils/mono-hwcap-x86.c
[1275/2443  0s] CopyFiles Build/unityLibrary/src/main/Il2CppOutputProject/IL2CPP/external/mono/mono/utils/mono-hwcap-arm64.c
[1276/2443  0s] CopyFiles Build/unityLibrary/src/main/Il2CppOutputProject/IL2CPP/external/mono/mono/utils/mono-hwcap-arm.c
[1277/2443  0s] CopyFiles Build/unityLibrary/src/main/Il2CppOutputProject/IL2CPP/external/mono/mono/utils/mono-error.h
[1278/2443  0s] CopyFiles Build/unityLibrary/src/main/Il2CppOutputProject/IL2CPP/external/mono/mono/utils/mono-filemap.c
[1279/2443  0s] CopyFiles Build/unityLibrary/src/main/Il2CppOutputProject/IL2CPP/external/mono/mono/utils/mono-forward-internal.h
[1280/2443  0s] CopyFiles Build/unityLibrary/src/main/Il2CppOutputProject/IL2CPP/external/mono/mono/utils/mono-forward.h
[1281/2443  0s] CopyFiles Build/unityLibrary/src/main/Il2CppOutputProject/IL2CPP/external/mono/mono/utils/mono-error-internals.h
[1282/2443  0s] CopyFiles Build/unityLibrary/src/main/Il2CppOutputProject/IL2CPP/external/mono/mono/utils/mono-errno.h
[1283/2443  0s] CopyFiles Build/unityLibrary/src/main/Il2CppOutputProject/IL2CPP/external/mono/mono/utils/mono-embed.h
[1284/2443  0s] CopyFiles Build/unityLibrary/src/main/Il2CppOutputProject/IL2CPP/external/mono/mono/utils/mono-dl.h
[1285/2443  0s] CopyFiles Build/unityLibrary/src/main/Il2CppOutputProject/IL2CPP/external/mono/mono/utils/mono-error.c
[1286/2443  0s] CopyFiles Build/unityLibrary/src/main/Il2CppOutputProject/IL2CPP/external/mono/mono/utils/mono-dl-windows.c
[1287/2443  0s] CopyFiles Build/unityLibrary/src/main/Il2CppOutputProject/IL2CPP/external/mono/mono/utils/mono-dl-windows-uwp.c
[1288/2443  0s] CopyFiles Build/unityLibrary/src/main/Il2CppOutputProject/IL2CPP/external/mono/mono/utils/mono-dl.c
[1289/2443  0s] CopyFiles Build/unityLibrary/src/main/Il2CppOutputProject/IL2CPP/external/mono/mono/utils/mono-dl-unity.c
[1290/2443  0s] CopyFiles Build/unityLibrary/src/main/Il2CppOutputProject/IL2CPP/external/mono/mono/utils/mono-dl-posix.c
[1291/2443  0s] CopyFiles Build/unityLibrary/src/main/Il2CppOutputProject/IL2CPP/external/mono/mono/utils/mono-dl-fallback.h
[1292/2443  0s] CopyFiles Build/unityLibrary/src/main/Il2CppOutputProject/IL2CPP/external/mono/mono/utils/mono-dl-windows-internals.h
[1293/2443  0s] CopyFiles Build/unityLibrary/src/main/Il2CppOutputProject/IL2CPP/external/mono/mono/utils/mono-digest.h
[1294/2443  0s] CopyFiles Build/unityLibrary/src/main/Il2CppOutputProject/IL2CPP/external/mono/mono/utils/mono-dl-darwin.c
[1295/2443  0s] CopyFiles Build/unityLibrary/src/main/Il2CppOutputProject/IL2CPP/external/mono/mono/utils/mono-counters.h
[1296/2443  0s] CopyFiles Build/unityLibrary/src/main/Il2CppOutputProject/IL2CPP/external/mono/mono/utils/mono-coop-mutex.h
[1297/2443  0s] CopyFiles Build/unityLibrary/src/main/Il2CppOutputProject/IL2CPP/external/mono/mono/utils/mono-coop-semaphore.h
[1298/2443  0s] CopyFiles Build/unityLibrary/src/main/Il2CppOutputProject/IL2CPP/external/mono/mono/utils/mono-conc-hashtable.c
[1299/2443  0s] CopyFiles Build/unityLibrary/src/main/Il2CppOutputProject/IL2CPP/external/mono/mono/utils/mono-counters.c
[1300/2443  0s] CopyFiles Build/unityLibrary/src/main/Il2CppOutputProject/IL2CPP/external/mono/mono/utils/mono-compiler.h
[1301/2443  0s] CopyFiles Build/unityLibrary/src/main/Il2CppOutputProject/IL2CPP/external/mono/mono/utils/mono-conc-hashtable.h
[1302/2443  0s] CopyFiles Build/unityLibrary/src/main/Il2CppOutputProject/IL2CPP/external/mono/mono/utils/mono-complex.h
[1303/2443  0s] CopyFiles Build/unityLibrary/src/main/Il2CppOutputProject/IL2CPP/external/mono/mono/utils/mono-context.c
[1304/2443  0s] CopyFiles Build/unityLibrary/src/main/Il2CppOutputProject/IL2CPP/external/mono/mono/utils/mono-codeman.h
[1305/2443  0s] CopyFiles Build/unityLibrary/src/main/Il2CppOutputProject/IL2CPP/external/mono/mono/utils/memfuncs.c
[1306/2443  0s] CopyFiles Build/unityLibrary/src/main/Il2CppOutputProject/IL2CPP/external/mono/mono/utils/mono-context.h
[1307/2443  0s] CopyFiles Build/unityLibrary/src/main/Il2CppOutputProject/IL2CPP/external/mono/mono/utils/mach-support.h
[1308/2443  0s] CopyFiles Build/unityLibrary/src/main/Il2CppOutputProject/IL2CPP/external/mono/mono/utils/memfuncs.h
[1309/2443  0s] CopyFiles Build/unityLibrary/src/main/Il2CppOutputProject/IL2CPP/external/mono/mono/utils/memcheck.h
[1310/2443  0s] CopyFiles Build/unityLibrary/src/main/Il2CppOutputProject/IL2CPP/external/mono/mono/utils/mach-support.c
[1311/2443  0s] CopyFiles Build/unityLibrary/src/main/Il2CppOutputProject/IL2CPP/external/mono/mono/utils/mono-codeman.c
[1312/2443  0s] CopyFiles Build/unityLibrary/src/main/Il2CppOutputProject/IL2CPP/external/mono/mono/utils/mach-support-x86.c
[1313/2443  0s] CopyFiles Build/unityLibrary/src/main/Il2CppOutputProject/IL2CPP/external/mono/mono/utils/lock-free-queue.c
[1314/2443  0s] CopyFiles Build/unityLibrary/src/main/Il2CppOutputProject/IL2CPP/external/mono/mono/utils/mach-support-arm64.c
[1315/2443  0s] CopyFiles Build/unityLibrary/src/main/Il2CppOutputProject/IL2CPP/external/mono/mono/utils/lock-free-queue.h
[1316/2443  0s] CopyFiles Build/unityLibrary/src/main/Il2CppOutputProject/IL2CPP/external/mono/mono/utils/mach-support-amd64.c
[1317/2443  0s] CopyFiles Build/unityLibrary/src/main/Il2CppOutputProject/IL2CPP/external/mono/mono/utils/lock-free-alloc.h
[1318/2443  0s] CopyFiles Build/unityLibrary/src/main/Il2CppOutputProject/IL2CPP/external/mono/mono/utils/lock-free-array-queue.h
[1319/2443  0s] CopyFiles Build/unityLibrary/src/main/Il2CppOutputProject/IL2CPP/external/mono/mono/utils/lock-free-alloc.c
[1320/2443  0s] CopyFiles Build/unityLibrary/src/main/Il2CppOutputProject/IL2CPP/external/mono/mono/utils/linux_magic.h
[1321/2443  0s] CopyFiles Build/unityLibrary/src/main/Il2CppOutputProject/IL2CPP/external/mono/mono/utils/lock-free-array-queue.c
[1322/2443  0s] CopyFiles Build/unityLibrary/src/main/Il2CppOutputProject/IL2CPP/external/mono/mono/utils/json.h
[1323/2443  0s] CopyFiles Build/unityLibrary/src/main/Il2CppOutputProject/IL2CPP/external/mono/mono/utils/json.c
[1324/2443  0s] CopyFiles Build/unityLibrary/src/main/Il2CppOutputProject/IL2CPP/external/mono/mono/utils/gc_wrapper.h
[1325/2443  0s] CopyFiles Build/unityLibrary/src/main/Il2CppOutputProject/IL2CPP/external/mono/mono/utils/hazard-pointer.h
[1326/2443  0s] CopyFiles Build/unityLibrary/src/main/Il2CppOutputProject/IL2CPP/external/mono/mono/utils/hazard-pointer.c
[1327/2443  0s] CopyFiles Build/unityLibrary/src/main/Il2CppOutputProject/IL2CPP/external/mono/mono/utils/freebsd-elf64.h
[1328/2443  0s] CopyFiles Build/unityLibrary/src/main/Il2CppOutputProject/IL2CPP/external/mono/mono/utils/dtrace.h
[1329/2443  0s] CopyFiles Build/unityLibrary/src/main/Il2CppOutputProject/IL2CPP/external/mono/mono/utils/freebsd-dwarf.h
[1330/2443  0s] CopyFiles Build/unityLibrary/src/main/Il2CppOutputProject/IL2CPP/external/mono/mono/utils/freebsd-elf32.h
[1331/2443  0s] CopyFiles Build/unityLibrary/src/main/Il2CppOutputProject/IL2CPP/external/mono/mono/utils/checked-build.h
[1332/2443  0s] CopyFiles Build/unityLibrary/src/main/Il2CppOutputProject/IL2CPP/external/mono/mono/utils/bsearch.h
[1333/2443  0s] CopyFiles Build/unityLibrary/src/main/Il2CppOutputProject/IL2CPP/external/mono/mono/utils/dlmalloc.h
[1334/2443  0s] CopyFiles Build/unityLibrary/src/main/Il2CppOutputProject/IL2CPP/external/mono/mono/utils/freebsd-elf_common.h
[1335/2443  0s] CopyFiles Build/unityLibrary/src/main/Il2CppOutputProject/IL2CPP/external/mono/mono/utils/bsearch.c
[1336/2443  0s] CopyFiles Build/unityLibrary/src/main/Il2CppOutputProject/IL2CPP/external/mono/mono/utils/atomic.h
[1337/2443  0s] CopyFiles Build/unityLibrary/src/main/Il2CppOutputProject/IL2CPP/external/mono/mono/utils/atomic.c
[1338/2443  0s] CopyFiles Build/unityLibrary/src/main/Il2CppOutputProject/IL2CPP/external/mono/mono/sgen/sgen-workers.h
[1339/2443  0s] CopyFiles Build/unityLibrary/src/main/Il2CppOutputProject/IL2CPP/external/mono/mono/sgen/sgen-thread-pool.h
[1340/2443  0s] CopyFiles Build/unityLibrary/src/main/Il2CppOutputProject/IL2CPP/external/mono/mono/sgen/sgen-tagged-pointer.h
[1341/2443  0s] CopyFiles Build/unityLibrary/src/main/Il2CppOutputProject/IL2CPP/external/mono/mono/sgen/sgen-scan-object.h
[1342/2443  0s] CopyFiles Build/unityLibrary/src/main/Il2CppOutputProject/IL2CPP/external/mono/mono/sgen/sgen-thread-pool.c
[1343/2443  0s] CopyFiles Build/unityLibrary/src/main/Il2CppOutputProject/IL2CPP/external/mono/mono/sgen/sgen-workers.c
[1344/2443  0s] CopyFiles Build/unityLibrary/src/main/Il2CppOutputProject/IL2CPP/external/mono/mono/sgen/sgen-split-nursery.c
[1345/2443  0s] CopyFiles Build/unityLibrary/src/main/Il2CppOutputProject/IL2CPP/external/mono/mono/sgen/sgen-simple-nursery.c
[1346/2443  0s] CopyFiles Build/unityLibrary/src/main/Il2CppOutputProject/IL2CPP/external/mono/mono/utils/dlmalloc.c
[1347/2443  0s] CopyFiles Build/unityLibrary/src/main/Il2CppOutputProject/IL2CPP/external/mono/mono/sgen/sgen-qsort.c
[1348/2443  0s] CopyFiles Build/unityLibrary/src/main/Il2CppOutputProject/IL2CPP/external/mono/mono/sgen/sgen-protocol.c
[1349/2443  0s] CopyFiles Build/unityLibrary/src/main/Il2CppOutputProject/IL2CPP/external/mono/mono/sgen/sgen-qsort.h
[1350/2443  0s] CopyFiles Build/unityLibrary/src/main/Il2CppOutputProject/IL2CPP/external/mono/mono/sgen/sgen-pointer-queue.c
[1351/2443  0s] CopyFiles Build/unityLibrary/src/main/Il2CppOutputProject/IL2CPP/external/mono/mono/sgen/sgen-pinning.h
[1352/2443  0s] CopyFiles Build/unityLibrary/src/main/Il2CppOutputProject/IL2CPP/external/mono/mono/sgen/sgen-pointer-queue.h
[1353/2443  0s] CopyFiles Build/unityLibrary/src/main/Il2CppOutputProject/IL2CPP/external/mono/mono/sgen/sgen-protocol.h
[1354/2443  0s] CopyFiles Build/unityLibrary/src/main/Il2CppOutputProject/IL2CPP/external/mono/mono/sgen/sgen-protocol-def.h
[1355/2443  0s] CopyFiles Build/unityLibrary/src/main/Il2CppOutputProject/IL2CPP/external/mono/mono/sgen/sgen-memory-governor.h
[1356/2443  0s] CopyFiles Build/unityLibrary/src/main/Il2CppOutputProject/IL2CPP/external/mono/mono/sgen/sgen-pinning.c
[1357/2443  0s] CopyFiles Build/unityLibrary/src/main/Il2CppOutputProject/IL2CPP/external/mono/mono/sgen/sgen-pinning-stats.c
[1358/2443  0s] CopyFiles Build/unityLibrary/src/main/Il2CppOutputProject/IL2CPP/external/mono/mono/sgen/sgen-minor-copy-object.h
[1359/2443  0s] CopyFiles Build/unityLibrary/src/main/Il2CppOutputProject/IL2CPP/external/mono/mono/sgen/sgen-minor-scan-object.h
[1360/2443  0s] CopyFiles Build/unityLibrary/src/main/Il2CppOutputProject/IL2CPP/external/mono/mono/sgen/sgen-nursery-allocator.c
[1361/2443  0s] CopyFiles Build/unityLibrary/src/main/Il2CppOutputProject/IL2CPP/external/mono/mono/sgen/sgen-layout-stats.c
[1362/2443  0s] CopyFiles Build/unityLibrary/src/main/Il2CppOutputProject/IL2CPP/external/mono/mono/sgen/sgen-marksweep-drain-gray-stack.h
[1363/2443  0s] CopyFiles Build/unityLibrary/src/main/Il2CppOutputProject/IL2CPP/external/mono/mono/sgen/sgen-layout-stats.h
[1364/2443  0s] CopyFiles Build/unityLibrary/src/main/Il2CppOutputProject/IL2CPP/external/mono/mono/sgen/sgen-major-copy-object.h
[1365/2443  0s] CopyFiles Build/unityLibrary/src/main/Il2CppOutputProject/IL2CPP/external/mono/mono/sgen/sgen-memory-governor.c
[1366/2443  0s] CopyFiles Build/unityLibrary/src/main/Il2CppOutputProject/IL2CPP/external/mono/mono/sgen/sgen-gray.h
[1367/2443  0s] CopyFiles Build/unityLibrary/src/main/Il2CppOutputProject/IL2CPP/external/mono/mono/sgen/sgen-internal.c
[1368/2443  0s] CopyFiles Build/unityLibrary/src/main/Il2CppOutputProject/IL2CPP/external/mono/mono/sgen/sgen-hash-table.c
[1369/2443  0s] CopyFiles Build/unityLibrary/src/main/Il2CppOutputProject/IL2CPP/external/mono/mono/sgen/sgen-marksweep.c
[1370/2443  0s] CopyFiles Build/unityLibrary/src/main/Il2CppOutputProject/IL2CPP/external/mono/mono/sgen/sgen-gray.c
[1371/2443  0s] CopyFiles Build/unityLibrary/src/main/Il2CppOutputProject/IL2CPP/external/mono/mono/sgen/sgen-hash-table.h
[1372/2443  0s] CopyFiles Build/unityLibrary/src/main/Il2CppOutputProject/IL2CPP/external/mono/mono/sgen/sgen-los.c
[1373/2443  0s] CopyFiles Build/unityLibrary/src/main/Il2CppOutputProject/IL2CPP/external/mono/mono/sgen/sgen-descriptor.h
[1374/2443  0s] CopyFiles Build/unityLibrary/src/main/Il2CppOutputProject/IL2CPP/external/mono/mono/sgen/sgen-descriptor.c
[1375/2443  0s] CopyFiles Build/unityLibrary/src/main/Il2CppOutputProject/IL2CPP/external/mono/mono/sgen/sgen-gc.h
[1376/2443  0s] CopyFiles Build/unityLibrary/src/main/Il2CppOutputProject/IL2CPP/external/mono/mono/sgen/sgen-gchandles.c
[1377/2443  0s] CopyFiles Build/unityLibrary/src/main/Il2CppOutputProject/IL2CPP/external/mono/mono/sgen/sgen-fin-weak-hash.c
[1378/2443  0s] CopyFiles Build/unityLibrary/src/main/Il2CppOutputProject/IL2CPP/external/mono/mono/sgen/sgen-conf.h
[1379/2443  0s] CopyFiles Build/unityLibrary/src/main/Il2CppOutputProject/IL2CPP/external/mono/mono/sgen/sgen-client.h
[1380/2443  0s] CopyFiles Build/unityLibrary/src/main/Il2CppOutputProject/IL2CPP/external/mono/mono/sgen/sgen-copy-object.h
[1381/2443  0s] CopyFiles Build/unityLibrary/src/main/Il2CppOutputProject/IL2CPP/external/mono/mono/sgen/sgen-cardtable.h
[1382/2443  0s] CopyFiles Build/unityLibrary/src/main/Il2CppOutputProject/IL2CPP/external/mono/mono/sgen/sgen-array-list.c
[1383/2443  0s] CopyFiles Build/unityLibrary/src/main/Il2CppOutputProject/IL2CPP/external/mono/mono/sgen/sgen-array-list.h
[1384/2443  0s] CopyFiles Build/unityLibrary/src/main/Il2CppOutputProject/IL2CPP/external/mono/mono/sgen/sgen-archdep.h
[1385/2443  0s] CopyFiles Build/unityLibrary/src/main/Il2CppOutputProject/IL2CPP/external/mono/mono/sgen/sgen-debug.c
[1386/2443  0s] CopyFiles Build/unityLibrary/src/main/Il2CppOutputProject/IL2CPP/external/mono/mono/sgen/sgen-cardtable.c
[1387/2443  0s] CopyFiles Build/unityLibrary/src/main/Il2CppOutputProject/IL2CPP/external/mono/mono/sgen/sgen-alloc.c
[1388/2443  0s] CopyFiles Build/unityLibrary/src/main/Il2CppOutputProject/IL2CPP/external/mono/mono/sgen/gc-internal-agnostic.h
[1389/2443  0s] CopyFiles Build/unityLibrary/src/main/Il2CppOutputProject/IL2CPP/external/mono/mono/sgen/sgen-gc.c
[1390/2443  0s] CopyFiles Build/unityLibrary/src/main/Il2CppOutputProject/IL2CPP/external/mono/mono/mini/mini-arm64.h
[1391/2443  0s] CopyFiles Build/unityLibrary/src/main/Il2CppOutputProject/IL2CPP/external/mono/mono/mini/debugger-state-machine.c
[1392/2443  0s] CopyFiles Build/unityLibrary/src/main/Il2CppOutputProject/IL2CPP/external/mono/mono/mini/mini-arm.h
[1393/2443  0s] CopyFiles Build/unityLibrary/src/main/Il2CppOutputProject/IL2CPP/external/mono/mono/mini/debugger-state-machine.h
[1394/2443  0s] CopyFiles Build/unityLibrary/src/main/Il2CppOutputProject/IL2CPP/external/mono/mono/mini/debugger-engine.h
[1395/2443  0s] CopyFiles Build/unityLibrary/src/main/Il2CppOutputProject/IL2CPP/external/mono/mono/mini/debugger-engine.c
[1396/2443  0s] CopyFiles Build/unityLibrary/src/main/Il2CppOutputProject/IL2CPP/external/mono/mono/mini/debugger-agent.h
[1397/2443  0s] CopyFiles Build/unityLibrary/src/main/Il2CppOutputProject/IL2CPP/external/mono/mono/metadata/w32socket.h
[1398/2443  0s] CopyFiles Build/unityLibrary/src/main/Il2CppOutputProject/IL2CPP/external/mono/mono/metadata/wrapper-types.h
[1399/2443  0s] CopyFiles Build/unityLibrary/src/main/Il2CppOutputProject/IL2CPP/external/mono/mono/metadata/w32socket-internals.h
[1400/2443  0s] CopyFiles Build/unityLibrary/src/main/Il2CppOutputProject/IL2CPP/external/mono/mono/metadata/w32socket-win32.c
[1401/2443  0s] CopyFiles Build/unityLibrary/src/main/Il2CppOutputProject/IL2CPP/external/mono/mono/metadata/w32semaphore.h
[1402/2443  0s] CopyFiles Build/unityLibrary/src/main/Il2CppOutputProject/IL2CPP/external/mono/mono/metadata/w32semaphore-unix.c
[1403/2443  0s] CopyFiles Build/unityLibrary/src/main/Il2CppOutputProject/IL2CPP/external/mono/mono/metadata/w32semaphore-win32.c
[1404/2443  0s] CopyFiles Build/unityLibrary/src/main/Il2CppOutputProject/IL2CPP/external/mono/mono/metadata/w32socket.c
[1405/2443  0s] CopyFiles Build/unityLibrary/src/main/Il2CppOutputProject/IL2CPP/external/mono/mono/metadata/w32process.c
[1406/2443  0s] CopyFiles Build/unityLibrary/src/main/Il2CppOutputProject/IL2CPP/external/mono/mono/metadata/w32process.h
[1407/2443  0s] CopyFiles Build/unityLibrary/src/main/Il2CppOutputProject/IL2CPP/external/mono/mono/mini/debugger-agent.c
[1408/2443  0s] CopyFiles Build/unityLibrary/src/main/Il2CppOutputProject/IL2CPP/external/mono/mono/metadata/w32process-win32.c
[1409/2443  0s] CopyFiles Build/unityLibrary/src/main/Il2CppOutputProject/IL2CPP/external/mono/mono/metadata/w32socket-unix.c
[1410/2443  0s] CopyFiles Build/unityLibrary/src/main/Il2CppOutputProject/IL2CPP/external/mono/mono/metadata/w32process-win32-internals.h
[1411/2443  0s] CopyFiles Build/unityLibrary/src/main/Il2CppOutputProject/IL2CPP/external/mono/mono/metadata/w32process-unix-internals.h
[1412/2443  0s] CopyFiles Build/unityLibrary/src/main/Il2CppOutputProject/IL2CPP/external/mono/mono/metadata/w32process-unix-default.c
[1413/2443  0s] CopyFiles Build/unityLibrary/src/main/Il2CppOutputProject/IL2CPP/external/mono/mono/metadata/w32process-unix-osx.c
[1414/2443  0s] CopyFiles Build/unityLibrary/src/main/Il2CppOutputProject/IL2CPP/external/mono/mono/metadata/w32process-internals.h
[1415/2443  0s] CopyFiles Build/unityLibrary/src/main/Il2CppOutputProject/IL2CPP/external/mono/mono/metadata/w32mutex.h
[1416/2443  0s] CopyFiles Build/unityLibrary/src/main/Il2CppOutputProject/IL2CPP/external/mono/mono/metadata/w32mutex-win32.c
[1417/2443  0s] CopyFiles Build/unityLibrary/src/main/Il2CppOutputProject/IL2CPP/external/mono/mono/metadata/w32handle-namespace.c
[1418/2443  0s] CopyFiles Build/unityLibrary/src/main/Il2CppOutputProject/IL2CPP/external/mono/mono/metadata/w32handle.h
[1419/2443  0s] CopyFiles Build/unityLibrary/src/main/Il2CppOutputProject/IL2CPP/external/mono/mono/metadata/w32file.h
[1420/2443  0s] CopyFiles Build/unityLibrary/src/main/Il2CppOutputProject/IL2CPP/external/mono/mono/metadata/w32handle-namespace.h
[1421/2443  0s] CopyFiles Build/unityLibrary/src/main/Il2CppOutputProject/IL2CPP/external/mono/mono/metadata/w32mutex-unix.c
[1422/2443  0s] CopyFiles Build/unityLibrary/src/main/Il2CppOutputProject/IL2CPP/external/mono/mono/metadata/w32handle.c
[1423/2443  0s] CopyFiles Build/unityLibrary/src/main/Il2CppOutputProject/IL2CPP/external/mono/mono/metadata/w32file-win32-internals.h
[1424/2443  0s] CopyFiles Build/unityLibrary/src/main/Il2CppOutputProject/IL2CPP/external/mono/mono/metadata/w32file-unix-glob.h
[1425/2443  0s] CopyFiles Build/unityLibrary/src/main/Il2CppOutputProject/IL2CPP/external/mono/mono/metadata/w32file-win32.c
[1426/2443  0s] CopyFiles Build/unityLibrary/src/main/Il2CppOutputProject/IL2CPP/external/mono/mono/metadata/w32process-unix.c
[1427/2443  0s] CopyFiles Build/unityLibrary/src/main/Il2CppOutputProject/IL2CPP/external/mono/mono/metadata/w32file-unix-glob.c
[1428/2443  0s] CopyFiles Build/unityLibrary/src/main/Il2CppOutputProject/IL2CPP/external/mono/mono/metadata/w32file.c
[1429/2443  0s] CopyFiles Build/unityLibrary/src/main/Il2CppOutputProject/IL2CPP/external/mono/mono/metadata/w32file-internals.h
[1430/2443  0s] CopyFiles Build/unityLibrary/src/main/Il2CppOutputProject/IL2CPP/external/mono/mono/metadata/w32event-win32.c
[1431/2443  0s] CopyFiles Build/unityLibrary/src/main/Il2CppOutputProject/IL2CPP/external/mono/mono/metadata/w32event-unix.c
[1432/2443  0s] CopyFiles Build/unityLibrary/src/main/Il2CppOutputProject/IL2CPP/external/mono/mono/metadata/w32event.h
[1433/2443  0s] CopyFiles Build/unityLibrary/src/main/Il2CppOutputProject/IL2CPP/external/mono/mono/metadata/w32error-unix.c
[1434/2443  0s] CopyFiles Build/unityLibrary/src/main/Il2CppOutputProject/IL2CPP/external/mono/mono/metadata/w32error-win32.c
[1435/2443  0s] CopyFiles Build/unityLibrary/src/main/Il2CppOutputProject/IL2CPP/external/mono/mono/metadata/verify-internals.h
[1436/2443  0s] CopyFiles Build/unityLibrary/src/main/Il2CppOutputProject/IL2CPP/external/mono/mono/metadata/w32error.h
[1437/2443  0s] CopyFiles Build/unityLibrary/src/main/Il2CppOutputProject/IL2CPP/external/mono/mono/metadata/unity-utils.c
[1438/2443  0s] CopyFiles Build/unityLibrary/src/main/Il2CppOutputProject/IL2CPP/external/mono/mono/metadata/w32file-unix.c
[1439/2443  0s] CopyFiles Build/unityLibrary/src/main/Il2CppOutputProject/IL2CPP/external/mono/mono/metadata/verify.h
[1440/2443  0s] CopyFiles Build/unityLibrary/src/main/Il2CppOutputProject/IL2CPP/external/mono/mono/metadata/unity-utils.h
[1441/2443  0s] CopyFiles Build/unityLibrary/src/main/Il2CppOutputProject/IL2CPP/external/mono/mono/metadata/threads.h
[1442/2443  0s] CopyFiles Build/unityLibrary/src/main/Il2CppOutputProject/IL2CPP/external/mono/mono/metadata/unity-icall.c
[1443/2443  0s] CopyFiles Build/unityLibrary/src/main/Il2CppOutputProject/IL2CPP/external/mono/mono/metadata/tokentype.h
[1444/2443  0s] CopyFiles Build/unityLibrary/src/main/Il2CppOutputProject/IL2CPP/external/mono/mono/metadata/threadpool.h
[1445/2443  0s] CopyFiles Build/unityLibrary/src/main/Il2CppOutputProject/IL2CPP/external/mono/mono/metadata/unity-liveness.c
[1446/2443  0s] CopyFiles Build/unityLibrary/src/main/Il2CppOutputProject/IL2CPP/external/mono/mono/metadata/threadpool-worker.h
[1447/2443  0s] CopyFiles Build/unityLibrary/src/main/Il2CppOutputProject/IL2CPP/external/mono/mono/metadata/threadpool.c
[1448/2443  0s] CopyFiles Build/unityLibrary/src/main/Il2CppOutputProject/IL2CPP/external/mono/mono/metadata/threads-types.h
[1449/2443  0s] CopyFiles Build/unityLibrary/src/main/Il2CppOutputProject/IL2CPP/external/mono/mono/metadata/verify.c
[1450/2443  0s] CopyFiles Build/unityLibrary/src/main/Il2CppOutputProject/IL2CPP/external/mono/mono/metadata/threadpool-worker-default.c
[1451/2443  0s] CopyFiles Build/unityLibrary/src/main/Il2CppOutputProject/IL2CPP/external/mono/mono/metadata/threadpool-io.h
[1452/2443  0s] CopyFiles Build/unityLibrary/src/main/Il2CppOutputProject/IL2CPP/external/mono/mono/metadata/threadpool-io.c
[1453/2443  0s] CopyFiles Build/unityLibrary/src/main/Il2CppOutputProject/IL2CPP/external/mono/mono/metadata/sysmath.h
[1454/2443  0s] CopyFiles Build/unityLibrary/src/main/Il2CppOutputProject/IL2CPP/external/mono/mono/metadata/sysmath.c
[1455/2443  0s] CopyFiles Build/unityLibrary/src/main/Il2CppOutputProject/IL2CPP/external/mono/mono/metadata/tabledefs.h
[1456/2443  0s] CopyFiles Build/unityLibrary/src/main/Il2CppOutputProject/IL2CPP/external/mono/mono/metadata/string-icalls.h
[1457/2443  0s] CopyFiles Build/unityLibrary/src/main/Il2CppOutputProject/IL2CPP/external/mono/mono/metadata/sgen-toggleref.h
[1458/2443  0s] CopyFiles Build/unityLibrary/src/main/Il2CppOutputProject/IL2CPP/external/mono/mono/metadata/string-icalls.c
[1459/2443  0s] CopyFiles Build/unityLibrary/src/main/Il2CppOutputProject/IL2CPP/external/mono/mono/metadata/sre-internals.h
[1460/2443  0s] CopyFiles Build/unityLibrary/src/main/Il2CppOutputProject/IL2CPP/external/mono/mono/metadata/sgen-toggleref.c
[1461/2443  0s] CopyFiles Build/unityLibrary/src/main/Il2CppOutputProject/IL2CPP/external/mono/mono/metadata/sgen-stw.c
[1462/2443  0s] CopyFiles Build/unityLibrary/src/main/Il2CppOutputProject/IL2CPP/external/mono/mono/metadata/sgen-tarjan-bridge.c
[1463/2443  0s] CopyFiles Build/unityLibrary/src/main/Il2CppOutputProject/IL2CPP/external/mono/mono/metadata/threads.c
[1464/2443  0s] CopyFiles Build/unityLibrary/src/main/Il2CppOutputProject/IL2CPP/external/mono/mono/metadata/sgen-dynarray.h
[1465/2443  0s] CopyFiles Build/unityLibrary/src/main/Il2CppOutputProject/IL2CPP/external/mono/mono/metadata/sgen-old-bridge.c
[1466/2443  0s] CopyFiles Build/unityLibrary/src/main/Il2CppOutputProject/IL2CPP/external/mono/mono/metadata/sre-encode.c
[1467/2443  0s] CopyFiles Build/unityLibrary/src/main/Il2CppOutputProject/IL2CPP/external/mono/mono/metadata/sre.c
[1468/2443  0s] CopyFiles Build/unityLibrary/src/main/Il2CppOutputProject/IL2CPP/external/mono/mono/metadata/sre-save.c
[1469/2443  0s] CopyFiles Build/unityLibrary/src/main/Il2CppOutputProject/IL2CPP/external/mono/mono/metadata/sgen-client-mono.h
[1470/2443  0s] CopyFiles Build/unityLibrary/src/main/Il2CppOutputProject/IL2CPP/external/mono/mono/metadata/sgen-bridge.h
[1471/2443  0s] CopyFiles Build/unityLibrary/src/main/Il2CppOutputProject/IL2CPP/external/mono/mono/metadata/sgen-bridge-internals.h
[1472/2443  0s] CopyFiles Build/unityLibrary/src/main/Il2CppOutputProject/IL2CPP/external/mono/mono/metadata/sgen-bridge.c
[1473/2443  0s] CopyFiles Build/unityLibrary/src/main/Il2CppOutputProject/IL2CPP/external/mono/mono/metadata/seq-points-data.h
[1474/2443  0s] CopyFiles Build/unityLibrary/src/main/Il2CppOutputProject/IL2CPP/external/mono/mono/metadata/sgen-new-bridge.c
[1475/2443  0s] CopyFiles Build/unityLibrary/src/main/Il2CppOutputProject/IL2CPP/external/mono/mono/metadata/sgen-mono.c
[1476/2443  0s] CopyFiles Build/unityLibrary/src/main/Il2CppOutputProject/IL2CPP/external/mono/mono/metadata/seq-points-data.c
[1477/2443  0s] CopyFiles Build/unityLibrary/src/main/Il2CppOutputProject/IL2CPP/external/mono/mono/metadata/security.h
[1478/2443  0s] CopyFiles Build/unityLibrary/src/main/Il2CppOutputProject/IL2CPP/external/mono/mono/metadata/security-manager.h
[1479/2443  0s] CopyFiles Build/unityLibrary/src/main/Il2CppOutputProject/IL2CPP/external/mono/mono/metadata/security-manager.c
[1480/2443  0s] CopyFiles Build/unityLibrary/src/main/Il2CppOutputProject/IL2CPP/external/mono/mono/metadata/security-core-clr.h
[1481/2443  0s] CopyFiles Build/unityLibrary/src/main/Il2CppOutputProject/IL2CPP/external/mono/mono/metadata/runtime.h
[1482/2443  0s] CopyFiles Build/unityLibrary/src/main/Il2CppOutputProject/IL2CPP/external/mono/mono/metadata/security-core-clr.c
[1483/2443  0s] CopyFiles Build/unityLibrary/src/main/Il2CppOutputProject/IL2CPP/external/mono/mono/metadata/runtime.c
[1484/2443  0s] CopyFiles Build/unityLibrary/src/main/Il2CppOutputProject/IL2CPP/external/mono/mono/metadata/reflection.h
[1485/2443  0s] CopyFiles Build/unityLibrary/src/main/Il2CppOutputProject/IL2CPP/external/mono/mono/metadata/reflection-cache.h
[1486/2443  0s] CopyFiles Build/unityLibrary/src/main/Il2CppOutputProject/IL2CPP/external/mono/mono/metadata/reflection-internals.h
[1487/2443  0s] CopyFiles Build/unityLibrary/src/main/Il2CppOutputProject/IL2CPP/external/mono/mono/metadata/remoting.h
[1488/2443  0s] CopyFiles Build/unityLibrary/src/main/Il2CppOutputProject/IL2CPP/external/mono/mono/metadata/row-indexes.h
[1489/2443  0s] CopyFiles Build/unityLibrary/src/main/Il2CppOutputProject/IL2CPP/external/mono/mono/metadata/property-bag.h
[1490/2443  0s] CopyFiles Build/unityLibrary/src/main/Il2CppOutputProject/IL2CPP/external/mono/mono/metadata/rand.c
[1491/2443  0s] CopyFiles Build/unityLibrary/src/main/Il2CppOutputProject/IL2CPP/external/mono/mono/metadata/rand.h
[1492/2443  0s] CopyFiles Build/unityLibrary/src/main/Il2CppOutputProject/IL2CPP/external/mono/mono/metadata/profiler.h
[1493/2443  0s] CopyFiles Build/unityLibrary/src/main/Il2CppOutputProject/IL2CPP/external/mono/mono/metadata/property-bag.c
[1494/2443  0s] CopyFiles Build/unityLibrary/src/main/Il2CppOutputProject/IL2CPP/external/mono/mono/metadata/profiler-private.h
[1495/2443  0s] CopyFiles Build/unityLibrary/src/main/Il2CppOutputProject/IL2CPP/external/mono/mono/metadata/profiler-events.h
[1496/2443  0s] CopyFiles Build/unityLibrary/src/main/Il2CppOutputProject/IL2CPP/external/mono/mono/metadata/profiler-legacy.h
[1497/2443  0s] CopyFiles Build/unityLibrary/src/main/Il2CppOutputProject/IL2CPP/external/mono/mono/metadata/private/threadpool-io-poll.c
[1498/2443  0s] CopyFiles Build/unityLibrary/src/main/Il2CppOutputProject/IL2CPP/external/mono/mono/metadata/remoting.c
[1499/2443  0s] CopyFiles Build/unityLibrary/src/main/Il2CppOutputProject/IL2CPP/external/mono/mono/metadata/reflection.c
[1500/2443  0s] CopyFiles Build/unityLibrary/src/main/Il2CppOutputProject/IL2CPP/external/mono/mono/metadata/profiler.c
[1501/2443  0s] CopyFiles Build/unityLibrary/src/main/Il2CppOutputProject/IL2CPP/external/mono/mono/metadata/private/threadpool-io-kqueue.c
[1502/2443  0s] CopyFiles Build/unityLibrary/src/main/Il2CppOutputProject/IL2CPP/external/mono/mono/metadata/private/threadpool-io-epoll.c
[1503/2443  0s] CopyFiles Build/unityLibrary/src/main/Il2CppOutputProject/IL2CPP/external/mono/mono/metadata/opcodes.h
[1504/2443  0s] CopyFiles Build/unityLibrary/src/main/Il2CppOutputProject/IL2CPP/external/mono/mono/metadata/opcodes.c
[1505/2443  0s] CopyFiles Build/unityLibrary/src/main/Il2CppOutputProject/IL2CPP/external/mono/mono/metadata/object-offsets.h
[1506/2443  0s] CopyFiles Build/unityLibrary/src/main/Il2CppOutputProject/IL2CPP/external/mono/mono/metadata/object.h
[1507/2443  0s] CopyFiles Build/unityLibrary/src/main/Il2CppOutputProject/IL2CPP/external/mono/mono/metadata/number-ms.c
[1508/2443  0s] CopyFiles Build/unityLibrary/src/main/Il2CppOutputProject/IL2CPP/external/mono/mono/metadata/object-forward.h
[1509/2443  0s] CopyFiles Build/unityLibrary/src/main/Il2CppOutputProject/IL2CPP/external/mono/mono/metadata/number-ms.h
[1510/2443  0s] CopyFiles Build/unityLibrary/src/main/Il2CppOutputProject/IL2CPP/external/mono/mono/metadata/null-gc-handles.h
[1511/2443  0s] CopyFiles Build/unityLibrary/src/main/Il2CppOutputProject/IL2CPP/external/mono/mono/metadata/null-gc.c
[1512/2443  0s] CopyFiles Build/unityLibrary/src/main/Il2CppOutputProject/IL2CPP/external/mono/mono/metadata/object.c
[1513/2443  0s] CopyFiles Build/unityLibrary/src/main/Il2CppOutputProject/IL2CPP/external/mono/mono/metadata/mono-security-windows.c
[1514/2443  0s] CopyFiles Build/unityLibrary/src/main/Il2CppOutputProject/IL2CPP/external/mono/mono/metadata/mono-security.c
[1515/2443  0s] CopyFiles Build/unityLibrary/src/main/Il2CppOutputProject/IL2CPP/external/mono/mono/metadata/mono-route.c
[1516/2443  0s] CopyFiles Build/unityLibrary/src/main/Il2CppOutputProject/IL2CPP/external/mono/mono/metadata/number-formatter.h
[1517/2443  0s] CopyFiles Build/unityLibrary/src/main/Il2CppOutputProject/IL2CPP/external/mono/mono/metadata/mono-security-windows-internals.h
[1518/2443  0s] CopyFiles Build/unityLibrary/src/main/Il2CppOutputProject/IL2CPP/external/mono/mono/metadata/mono-route.h
[1519/2443  0s] CopyFiles Build/unityLibrary/src/main/Il2CppOutputProject/IL2CPP/external/mono/mono/metadata/object-internals.h
[1520/2443  0s] CopyFiles Build/unityLibrary/src/main/Il2CppOutputProject/IL2CPP/external/mono/mono/metadata/mono-perfcounters.h
[1521/2443  0s] CopyFiles Build/unityLibrary/src/main/Il2CppOutputProject/IL2CPP/external/mono/mono/metadata/mono-ptr-array.h
[1522/2443  0s] CopyFiles Build/unityLibrary/src/main/Il2CppOutputProject/IL2CPP/external/mono/mono/metadata/mono-perfcounters-def.h
[1523/2443  0s] CopyFiles Build/unityLibrary/src/main/Il2CppOutputProject/IL2CPP/external/mono/mono/metadata/mono-mlist.c
[1524/2443  0s] CopyFiles Build/unityLibrary/src/main/Il2CppOutputProject/IL2CPP/external/mono/mono/metadata/mono-mlist.h
[1525/2443  0s] CopyFiles Build/unityLibrary/src/main/Il2CppOutputProject/IL2CPP/external/mono/mono/metadata/mono-perfcounters.c
[1526/2443  0s] CopyFiles Build/unityLibrary/src/main/Il2CppOutputProject/IL2CPP/external/mono/mono/metadata/normalization-tables.h
[1527/2443  0s] CopyFiles Build/unityLibrary/src/main/Il2CppOutputProject/IL2CPP/external/mono/mono/metadata/mono-hash-internals.h
[1528/2443  0s] CopyFiles Build/unityLibrary/src/main/Il2CppOutputProject/IL2CPP/external/mono/mono/metadata/mono-hash.h
[1529/2443  0s] CopyFiles Build/unityLibrary/src/main/Il2CppOutputProject/IL2CPP/external/mono/mono/metadata/mono-hash.c
[1530/2443  0s] CopyFiles Build/unityLibrary/src/main/Il2CppOutputProject/IL2CPP/external/mono/mono/metadata/mono-debug.h
[1531/2443  0s] CopyFiles Build/unityLibrary/src/main/Il2CppOutputProject/IL2CPP/external/mono/mono/metadata/mono-debug.c
[1532/2443  0s] CopyFiles Build/unityLibrary/src/main/Il2CppOutputProject/IL2CPP/external/mono/mono/metadata/mono-gc.h
[1533/2443  0s] CopyFiles Build/unityLibrary/src/main/Il2CppOutputProject/IL2CPP/external/mono/mono/metadata/mono-endian.h
[1534/2443  0s] CopyFiles Build/unityLibrary/src/main/Il2CppOutputProject/IL2CPP/external/mono/mono/metadata/mono-endian.c
[1535/2443  0s] CopyFiles Build/unityLibrary/src/main/Il2CppOutputProject/IL2CPP/external/mono/mono/metadata/mono-config.h
[1536/2443  0s] CopyFiles Build/unityLibrary/src/main/Il2CppOutputProject/IL2CPP/external/mono/mono/metadata/mono-config.c
[1537/2443  0s] CopyFiles Build/unityLibrary/src/main/Il2CppOutputProject/IL2CPP/external/mono/mono/metadata/mono-config-dirs.c
[1538/2443  0s] CopyFiles Build/unityLibrary/src/main/Il2CppOutputProject/IL2CPP/external/mono/mono/metadata/mono-conc-hash.h
[1539/2443  0s] CopyFiles Build/unityLibrary/src/main/Il2CppOutputProject/IL2CPP/external/mono/mono/metadata/monitor.h
[1540/2443  0s] CopyFiles Build/unityLibrary/src/main/Il2CppOutputProject/IL2CPP/external/mono/mono/metadata/mono-basic-block.h
[1541/2443  0s] CopyFiles Build/unityLibrary/src/main/Il2CppOutputProject/IL2CPP/external/mono/mono/metadata/mono-config-dirs.h
[1542/2443  0s] CopyFiles Build/unityLibrary/src/main/Il2CppOutputProject/IL2CPP/external/mono/mono/metadata/mono-conc-hash.c
[1543/2443  0s] CopyFiles Build/unityLibrary/src/main/Il2CppOutputProject/IL2CPP/external/mono/mono/metadata/monitor.c
[1544/2443  0s] CopyFiles Build/unityLibrary/src/main/Il2CppOutputProject/IL2CPP/external/mono/mono/metadata/mono-basic-block.c
[1545/2443  0s] CopyFiles Build/unityLibrary/src/main/Il2CppOutputProject/IL2CPP/external/mono/mono/metadata/method-builder.h
[1546/2443  0s] CopyFiles Build/unityLibrary/src/main/Il2CppOutputProject/IL2CPP/external/mono/mono/metadata/method-builder.c
[1547/2443  0s] CopyFiles Build/unityLibrary/src/main/Il2CppOutputProject/IL2CPP/external/mono/mono/metadata/metadata-cross-helpers.c
[1548/2443  0s] CopyFiles Build/unityLibrary/src/main/Il2CppOutputProject/IL2CPP/external/mono/mono/metadata/metadata.h
[1549/2443  0s] CopyFiles Build/unityLibrary/src/main/Il2CppOutputProject/IL2CPP/external/mono/mono/metadata/metadata-internals.h
[1550/2443  0s] CopyFiles Build/unityLibrary/src/main/Il2CppOutputProject/IL2CPP/external/mono/mono/metadata/mempool.h
[1551/2443  0s] CopyFiles Build/unityLibrary/src/main/Il2CppOutputProject/IL2CPP/external/mono/mono/metadata/mempool.c
[1552/2443  0s] CopyFiles Build/unityLibrary/src/main/Il2CppOutputProject/IL2CPP/external/mono/mono/metadata/marshal.h
[1553/2443  0s] CopyFiles Build/unityLibrary/src/main/Il2CppOutputProject/IL2CPP/external/mono/mono/metadata/mempool-internals.h
[1554/2443  0s] CopyFiles Build/unityLibrary/src/main/Il2CppOutputProject/IL2CPP/external/mono/mono/metadata/lock-tracer.h
[1555/2443  0s] CopyFiles Build/unityLibrary/src/main/Il2CppOutputProject/IL2CPP/external/mono/mono/metadata/marshal-internals.h
[1556/2443  0s] CopyFiles Build/unityLibrary/src/main/Il2CppOutputProject/IL2CPP/external/mono/mono/metadata/marshal-windows-internals.h
[1557/2443  0s] CopyFiles Build/unityLibrary/src/main/Il2CppOutputProject/IL2CPP/external/mono/mono/metadata/marshal-windows.c
[1558/2443  0s] CopyFiles Build/unityLibrary/src/main/Il2CppOutputProject/IL2CPP/external/mono/mono/metadata/metadata-verify.c
[1559/2443  0s] CopyFiles Build/unityLibrary/src/main/Il2CppOutputProject/IL2CPP/external/mono/mono/metadata/lock-tracer.c
[1560/2443  0s] CopyFiles Build/unityLibrary/src/main/Il2CppOutputProject/IL2CPP/external/mono/mono/metadata/locales.h
[1561/2443  0s] CopyFiles Build/unityLibrary/src/main/Il2CppOutputProject/IL2CPP/external/mono/mono/metadata/loader-internals.h
[1562/2443  0s] CopyFiles Build/unityLibrary/src/main/Il2CppOutputProject/IL2CPP/external/mono/mono/metadata/locales.c
[1563/2443  0s] CopyFiles Build/unityLibrary/src/main/Il2CppOutputProject/IL2CPP/external/mono/mono/metadata/metadata.c
[1564/2443  0s] CopyFiles Build/unityLibrary/src/main/Il2CppOutputProject/IL2CPP/external/mono/mono/metadata/loader.h
[1565/2443  0s] CopyFiles Build/unityLibrary/src/main/Il2CppOutputProject/IL2CPP/external/mono/mono/metadata/jit-icall-reg.h
[1566/2443  0s] CopyFiles Build/unityLibrary/src/main/Il2CppOutputProject/IL2CPP/external/mono/mono/metadata/marshal.c
[1567/2443  0s] CopyFiles Build/unityLibrary/src/main/Il2CppOutputProject/IL2CPP/external/mono/mono/metadata/jit-info.c
[1568/2443  0s] CopyFiles Build/unityLibrary/src/main/Il2CppOutputProject/IL2CPP/external/mono/mono/metadata/image.h
[1569/2443  0s] CopyFiles Build/unityLibrary/src/main/Il2CppOutputProject/IL2CPP/external/mono/mono/metadata/image-internals.h
[1570/2443  0s] CopyFiles Build/unityLibrary/src/main/Il2CppOutputProject/IL2CPP/external/mono/mono/metadata/loader.c
[1571/2443  0s] CopyFiles Build/unityLibrary/src/main/Il2CppOutputProject/IL2CPP/external/mono/mono/metadata/icall-windows.c
[1572/2443  0s] CopyFiles Build/unityLibrary/src/main/Il2CppOutputProject/IL2CPP/external/mono/mono/metadata/icalls.h
[1573/2443  0s] CopyFiles Build/unityLibrary/src/main/Il2CppOutputProject/IL2CPP/external/mono/mono/metadata/icall-windows-internals.h
[1574/2443  0s] CopyFiles Build/unityLibrary/src/main/Il2CppOutputProject/IL2CPP/external/mono/mono/metadata/icall-internals.h
[1575/2443  0s] CopyFiles Build/unityLibrary/src/main/Il2CppOutputProject/IL2CPP/external/mono/mono/metadata/handle-decl.h
[1576/2443  0s] CopyFiles Build/unityLibrary/src/main/Il2CppOutputProject/IL2CPP/external/mono/mono/metadata/handle.c
[1577/2443  0s] CopyFiles Build/unityLibrary/src/main/Il2CppOutputProject/IL2CPP/external/mono/mono/metadata/image.c
[1578/2443  0s] CopyFiles Build/unityLibrary/src/main/Il2CppOutputProject/IL2CPP/external/mono/mono/metadata/handle.h
[1579/2443  0s] CopyFiles Build/unityLibrary/src/main/Il2CppOutputProject/IL2CPP/external/mono/mono/metadata/gc-stats.c
[1580/2443  0s] CopyFiles Build/unityLibrary/src/main/Il2CppOutputProject/IL2CPP/external/mono/mono/metadata/filewatcher.h
[1581/2443  0s] CopyFiles Build/unityLibrary/src/main/Il2CppOutputProject/IL2CPP/external/mono/mono/metadata/gc-internals.h
[1582/2443  0s] CopyFiles Build/unityLibrary/src/main/Il2CppOutputProject/IL2CPP/external/mono/mono/metadata/filewatcher.c
[1583/2443  0s] CopyFiles Build/unityLibrary/src/main/Il2CppOutputProject/IL2CPP/external/mono/mono/metadata/gc.c
[1584/2443  0s] CopyFiles Build/unityLibrary/src/main/Il2CppOutputProject/IL2CPP/external/mono/mono/metadata/icall-def.h
[1585/2443  0s] CopyFiles Build/unityLibrary/src/main/Il2CppOutputProject/IL2CPP/external/mono/mono/metadata/file-mmap.h
[1586/2443  0s] CopyFiles Build/unityLibrary/src/main/Il2CppOutputProject/IL2CPP/external/mono/mono/metadata/file-mmap-windows.c
[1587/2443  0s] CopyFiles Build/unityLibrary/src/main/Il2CppOutputProject/IL2CPP/external/mono/mono/metadata/icall.c
[1588/2443  0s] CopyFiles Build/unityLibrary/src/main/Il2CppOutputProject/IL2CPP/external/mono/mono/metadata/file-mmap-posix.c
[1589/2443  0s] CopyFiles Build/unityLibrary/src/main/Il2CppOutputProject/IL2CPP/external/mono/mono/metadata/fdhandle.c
[1590/2443  0s] CopyFiles Build/unityLibrary/src/main/Il2CppOutputProject/IL2CPP/external/mono/mono/metadata/fdhandle.h
[1591/2443  0s] CopyFiles Build/unityLibrary/src/main/Il2CppOutputProject/IL2CPP/external/mono/mono/metadata/exception-internals.h
[1592/2443  0s] CopyFiles Build/unityLibrary/src/main/Il2CppOutputProject/IL2CPP/external/mono/mono/metadata/exception.h
[1593/2443  0s] CopyFiles Build/unityLibrary/src/main/Il2CppOutputProject/IL2CPP/external/mono/mono/metadata/environment.c
[1594/2443  0s] CopyFiles Build/unityLibrary/src/main/Il2CppOutputProject/IL2CPP/external/mono/mono/metadata/environment.h
[1595/2443  0s] CopyFiles Build/unityLibrary/src/main/Il2CppOutputProject/IL2CPP/external/mono/mono/metadata/dynamic-stream-internals.h
[1596/2443  0s] CopyFiles Build/unityLibrary/src/main/Il2CppOutputProject/IL2CPP/external/mono/mono/metadata/dynamic-stream.c
[1597/2443  0s] CopyFiles Build/unityLibrary/src/main/Il2CppOutputProject/IL2CPP/external/mono/mono/metadata/exception.c
[1598/2443  0s] CopyFiles Build/unityLibrary/src/main/Il2CppOutputProject/IL2CPP/external/mono/mono/metadata/dynamic-image.c
[1599/2443  0s] CopyFiles Build/unityLibrary/src/main/Il2CppOutputProject/IL2CPP/external/mono/mono/metadata/decimal-ms.h
[1600/2443  0s] CopyFiles Build/unityLibrary/src/main/Il2CppOutputProject/IL2CPP/external/mono/mono/metadata/dynamic-image-internals.h
[1601/2443  0s] CopyFiles Build/unityLibrary/src/main/Il2CppOutputProject/IL2CPP/external/mono/mono/metadata/debug-mono-symfile.h
[1602/2443  0s] CopyFiles Build/unityLibrary/src/main/Il2CppOutputProject/IL2CPP/external/mono/mono/metadata/domain-internals.h
[1603/2443  0s] CopyFiles Build/unityLibrary/src/main/Il2CppOutputProject/IL2CPP/external/mono/mono/metadata/debug-mono-ppdb.h
[1604/2443  0s] CopyFiles Build/unityLibrary/src/main/Il2CppOutputProject/IL2CPP/external/mono/mono/metadata/debug-internals.h
[1605/2443  0s] CopyFiles Build/unityLibrary/src/main/Il2CppOutputProject/IL2CPP/external/mono/mono/metadata/domain.c
[1606/2443  0s] CopyFiles Build/unityLibrary/src/main/Il2CppOutputProject/IL2CPP/external/mono/mono/metadata/decimal-ms.c
[1607/2443  0s] CopyFiles Build/unityLibrary/src/main/Il2CppOutputProject/IL2CPP/external/mono/mono/metadata/debug-mono-ppdb.c
[1608/2443  0s] CopyFiles Build/unityLibrary/src/main/Il2CppOutputProject/IL2CPP/external/mono/mono/metadata/debug-helpers.h
[1609/2443  0s] CopyFiles Build/unityLibrary/src/main/Il2CppOutputProject/IL2CPP/external/mono/mono/metadata/debug-helpers.c
[1610/2443  0s] CopyFiles Build/unityLibrary/src/main/Il2CppOutputProject/IL2CPP/external/mono/mono/metadata/debug-mono-symfile.c
[1611/2443  0s] CopyFiles Build/unityLibrary/src/main/Il2CppOutputProject/IL2CPP/external/mono/mono/metadata/culture-info.h
[1612/2443  0s] CopyFiles Build/unityLibrary/src/main/Il2CppOutputProject/IL2CPP/external/mono/mono/metadata/custom-attrs-internals.h
[1613/2443  0s] CopyFiles Build/unityLibrary/src/main/Il2CppOutputProject/IL2CPP/external/mono/mono/metadata/coree.h
[1614/2443  0s] CopyFiles Build/unityLibrary/src/main/Il2CppOutputProject/IL2CPP/external/mono/mono/metadata/coree-internals.h
[1615/2443  0s] CopyFiles Build/unityLibrary/src/main/Il2CppOutputProject/IL2CPP/external/mono/mono/metadata/console-win32.c
[1616/2443  0s] CopyFiles Build/unityLibrary/src/main/Il2CppOutputProject/IL2CPP/external/mono/mono/metadata/console-unix.c
[1617/2443  0s] CopyFiles Build/unityLibrary/src/main/Il2CppOutputProject/IL2CPP/external/mono/mono/metadata/cominterop.h
[1618/2443  0s] CopyFiles Build/unityLibrary/src/main/Il2CppOutputProject/IL2CPP/external/mono/mono/metadata/coree.c
[1619/2443  0s] CopyFiles Build/unityLibrary/src/main/Il2CppOutputProject/IL2CPP/external/mono/mono/metadata/console-io.h
[1620/2443  0s] CopyFiles Build/unityLibrary/src/main/Il2CppOutputProject/IL2CPP/external/mono/mono/metadata/custom-attrs.c
[1621/2443  0s] CopyFiles Build/unityLibrary/src/main/Il2CppOutputProject/IL2CPP/external/mono/mono/metadata/cominterop-win32-internals.h
[1622/2443  0s] CopyFiles Build/unityLibrary/src/main/Il2CppOutputProject/IL2CPP/external/mono/mono/metadata/class.h
[1623/2443  0s] CopyFiles Build/unityLibrary/src/main/Il2CppOutputProject/IL2CPP/external/mono/mono/metadata/class-private-definition.h
[1624/2443  0s] CopyFiles Build/unityLibrary/src/main/Il2CppOutputProject/IL2CPP/external/mono/mono/metadata/class.c
[1625/2443  0s] CopyFiles Build/unityLibrary/src/main/Il2CppOutputProject/IL2CPP/external/mono/mono/metadata/class-getters.h
[1626/2443  0s] CopyFiles Build/unityLibrary/src/main/Il2CppOutputProject/IL2CPP/external/mono/mono/metadata/class-inlines.h
[1627/2443  0s] CopyFiles Build/unityLibrary/src/main/Il2CppOutputProject/IL2CPP/external/mono/mono/metadata/class-accessors.c
[1628/2443  0s] CopyFiles Build/unityLibrary/src/main/Il2CppOutputProject/IL2CPP/external/mono/mono/metadata/callspec.h
[1629/2443  0s] CopyFiles Build/unityLibrary/src/main/Il2CppOutputProject/IL2CPP/external/mono/mono/metadata/culture-info-tables.h
[1630/2443  0s] CopyFiles Build/unityLibrary/src/main/Il2CppOutputProject/IL2CPP/external/mono/mono/metadata/class-internals.h
[1631/2443  0s] CopyFiles Build/unityLibrary/src/main/Il2CppOutputProject/IL2CPP/external/mono/mono/metadata/cil-coff.h
[1632/2443  0s] CopyFiles Build/unityLibrary/src/main/Il2CppOutputProject/IL2CPP/external/mono/mono/metadata/cominterop.c
[1633/2443  0s] CopyFiles Build/unityLibrary/src/main/Il2CppOutputProject/IL2CPP/external/mono/mono/metadata/blob.h
[1634/2443  0s] CopyFiles Build/unityLibrary/src/main/Il2CppOutputProject/IL2CPP/external/mono/mono/metadata/boehm-gc.c
[1635/2443  0s] CopyFiles Build/unityLibrary/src/main/Il2CppOutputProject/IL2CPP/external/mono/mono/metadata/assembly.h
[1636/2443  0s] CopyFiles Build/unityLibrary/src/main/Il2CppOutputProject/IL2CPP/external/mono/mono/metadata/attach.h
[1637/2443  0s] CopyFiles Build/unityLibrary/src/main/Il2CppOutputProject/IL2CPP/external/mono/mono/metadata/attrdefs.h
[1638/2443  0s] CopyFiles Build/unityLibrary/src/main/Il2CppOutputProject/IL2CPP/external/mono/mono/metadata/assembly-internals.h
[1639/2443  0s] CopyFiles Build/unityLibrary/src/main/Il2CppOutputProject/IL2CPP/external/mono/mono/metadata/attach.c
[1640/2443  0s] CopyFiles Build/unityLibrary/src/main/Il2CppOutputProject/IL2CPP/external/mono/mono/metadata/appdomain.h
[1641/2443  0s] CopyFiles Build/unityLibrary/src/main/Il2CppOutputProject/IL2CPP/external/mono/mono/metadata/abi-details.h
[1642/2443  0s] CopyFiles Build/unityLibrary/src/main/Il2CppOutputProject/IL2CPP/external/mono/mono/metadata/appdomain-icalls.h
[1643/2443  0s] CopyFiles Build/unityLibrary/src/main/Il2CppOutputProject/IL2CPP/external/mono/mono/eglib/gutf8.c
[1644/2443  0s] CopyFiles Build/unityLibrary/src/main/Il2CppOutputProject/IL2CPP/external/mono/mono/eglib/sort.frag.h
[1645/2443  0s] CopyFiles Build/unityLibrary/src/main/Il2CppOutputProject/IL2CPP/external/mono/mono/eglib/gunicode.c
[1646/2443  0s] CopyFiles Build/unityLibrary/src/main/Il2CppOutputProject/IL2CPP/external/mono/mono/metadata/appdomain.c
[1647/2443  0s] CopyFiles Build/unityLibrary/src/main/Il2CppOutputProject/IL2CPP/external/mono/mono/eglib/gunicode-win32-uwp.c
[1648/2443  0s] CopyFiles Build/unityLibrary/src/main/Il2CppOutputProject/IL2CPP/external/mono/mono/metadata/assembly.c
[1649/2443  0s] CopyFiles Build/unityLibrary/src/main/Il2CppOutputProject/IL2CPP/external/mono/mono/eglib/gspawn.c
[1650/2443  0s] CopyFiles Build/unityLibrary/src/main/Il2CppOutputProject/IL2CPP/external/mono/mono/eglib/gslist.c
[1651/2443  0s] CopyFiles Build/unityLibrary/src/main/Il2CppOutputProject/IL2CPP/external/mono/mono/eglib/gstr.c
[1652/2443  0s] CopyFiles Build/unityLibrary/src/main/Il2CppOutputProject/IL2CPP/external/mono/mono/eglib/gshell.c
[1653/2443  0s] CopyFiles Build/unityLibrary/src/main/Il2CppOutputProject/IL2CPP/external/mono/mono/eglib/gqueue.c
[1654/2443  0s] CopyFiles Build/unityLibrary/src/main/Il2CppOutputProject/IL2CPP/external/mono/mono/eglib/gqsort.c
[1655/2443  0s] CopyFiles Build/unityLibrary/src/main/Il2CppOutputProject/IL2CPP/external/mono/mono/eglib/unicode-data.h
[1656/2443  0s] CopyFiles Build/unityLibrary/src/main/Il2CppOutputProject/IL2CPP/external/mono/mono/eglib/gunicode-win32.c
[1657/2443  0s] CopyFiles Build/unityLibrary/src/main/Il2CppOutputProject/IL2CPP/external/mono/mono/eglib/gstring.c
[1658/2443  0s] CopyFiles Build/unityLibrary/src/main/Il2CppOutputProject/IL2CPP/external/mono/mono/eglib/gpattern.c
[1659/2443  0s] CopyFiles Build/unityLibrary/src/main/Il2CppOutputProject/IL2CPP/external/mono/mono/eglib/gptrarray.c
[1660/2443  0s] CopyFiles Build/unityLibrary/src/main/Il2CppOutputProject/IL2CPP/external/mono/mono/eglib/gpath.c
[1661/2443  0s] CopyFiles Build/unityLibrary/src/main/Il2CppOutputProject/IL2CPP/external/mono/mono/eglib/gmodule.h
[1662/2443  0s] CopyFiles Build/unityLibrary/src/main/Il2CppOutputProject/IL2CPP/external/mono/mono/eglib/glist.c
[1663/2443  0s] CopyFiles Build/unityLibrary/src/main/Il2CppOutputProject/IL2CPP/external/mono/mono/eglib/gmem.c
[1664/2443  0s] CopyFiles Build/unityLibrary/src/main/Il2CppOutputProject/IL2CPP/external/mono/mono/eglib/gmisc-unity.c
[1665/2443  0s] CopyFiles Build/unityLibrary/src/main/Il2CppOutputProject/IL2CPP/external/mono/mono/eglib/glib.h
[1666/2443  0s] CopyFiles Build/unityLibrary/src/main/Il2CppOutputProject/IL2CPP/external/mono/mono/eglib/goutput.c
[1667/2443  0s] CopyFiles Build/unityLibrary/src/main/Il2CppOutputProject/IL2CPP/external/mono/mono/eglib/giconv.c
[1668/2443  0s] CopyFiles Build/unityLibrary/src/main/Il2CppOutputProject/IL2CPP/external/mono/mono/eglib/gfile.c
[1669/2443  0s] CopyFiles Build/unityLibrary/src/main/Il2CppOutputProject/IL2CPP/external/mono/mono/eglib/gfile-unity.c
[1670/2443  0s] CopyFiles Build/unityLibrary/src/main/Il2CppOutputProject/IL2CPP/external/mono/mono/eglib/gmarkup.c
[1671/2443  0s] CopyFiles Build/unityLibrary/src/main/Il2CppOutputProject/IL2CPP/external/mono/mono/eglib/ghashtable.c
[1672/2443  0s] CopyFiles Build/unityLibrary/src/main/Il2CppOutputProject/IL2CPP/external/mono/mono/eglib/gerror.c
[1673/2443  0s] CopyFiles Build/unityLibrary/src/main/Il2CppOutputProject/IL2CPP/external/mono/mono/eglib/gdir-unity.c
[1674/2443  0s] CopyFiles Build/unityLibrary/src/main/Il2CppOutputProject/IL2CPP/external/mono/mono/eglib/gbytearray.c
[1675/2443  0s] CopyFiles Build/unityLibrary/src/main/Il2CppOutputProject/IL2CPP/external/mono/mono/eglib/eglib-remap.h
[1676/2443  0s] CopyFiles Build/unityLibrary/src/main/Il2CppOutputProject/IL2CPP/external/mono/mono/cil/opcode.def
[1677/2443  0s] CopyFiles Build/unityLibrary/src/main/Il2CppOutputProject/IL2CPP/external/mono/mono/cil/tables.def
[1678/2443  0s] CopyFiles Build/unityLibrary/src/main/Il2CppOutputProject/IL2CPP/external/mono/mono/eglib/garray.c
[1679/2443  0s] CopyFiles Build/unityLibrary/src/main/Il2CppOutputProject/IL2CPP/external/mono/mono/eglib/gdate-unity.c
[1680/2443  0s] CopyFiles Build/unityLibrary/src/main/Il2CppOutputProject/IL2CPP/external/mono/mono/arch/x86/x86-codegen.h
[1681/2443  0s] CopyFiles Build/unityLibrary/src/main/Il2CppOutputProject/IL2CPP/external/mono/mono/arch/arm64/arm64-codegen.h
[1682/2443  0s] CopyFiles Build/unityLibrary/src/main/Il2CppOutputProject/IL2CPP/external/mono/mono/arch/arm/arm_dpimacros.h
[1683/2443  0s] CopyFiles Build/unityLibrary/src/main/Il2CppOutputProject/IL2CPP/external/mono/mono/arch/arm/arm-vfp-codegen.h
[1684/2443  0s] CopyFiles Build/unityLibrary/src/main/Il2CppOutputProject/IL2CPP/external/mono/mono/arch/arm/arm_vfpmacros.h
[1685/2443  0s] CopyFiles Build/unityLibrary/src/main/Il2CppOutputProject/IL2CPP/external/google/sparsehash/type_traits.h
[1686/2443  0s] CopyFiles Build/unityLibrary/src/main/Il2CppOutputProject/IL2CPP/external/mono/mono/arch/amd64/amd64-codegen.h
[1687/2443  0s] CopyFiles Build/unityLibrary/src/main/Il2CppOutputProject/IL2CPP/external/mono/mono/arch/arm/arm-codegen.h
[1688/2443  0s] CopyFiles Build/unityLibrary/src/main/Il2CppOutputProject/IL2CPP/external/google/sparsehash/template_util.h
[1689/2443  0s] CopyFiles Build/unityLibrary/src/main/Il2CppOutputProject/IL2CPP/external/google/sparsehash/sparse_hash_set.h
[1690/2443  0s] CopyFiles Build/unityLibrary/src/main/Il2CppOutputProject/IL2CPP/external/google/sparsehash/sparse_hash_map.h
[1691/2443  0s] CopyFiles Build/unityLibrary/src/main/Il2CppOutputProject/IL2CPP/external/google/sparsehash/internal/sparseconfig.h
[1692/2443  0s] CopyFiles Build/unityLibrary/src/main/Il2CppOutputProject/IL2CPP/external/google/sparsehash/sparsetable.h
[1693/2443  0s] CopyFiles Build/unityLibrary/src/main/Il2CppOutputProject/IL2CPP/external/google/sparsehash/internal/libc_allocator_with_realloc.h
[1694/2443  0s] CopyFiles Build/unityLibrary/src/main/Il2CppOutputProject/IL2CPP/external/google/sparsehash/internal/hashtable-common.h
[1695/2443  0s] CopyFiles Build/unityLibrary/src/main/Il2CppOutputProject/IL2CPP/external/google/sparsehash/internal/sparsehashtable.h
[1696/2443  0s] CopyFiles Build/unityLibrary/src/main/Il2CppOutputProject/IL2CPP/external/google/sparsehash/dense_hash_map.h
[1697/2443  0s] CopyFiles Build/unityLibrary/src/main/Il2CppOutputProject/IL2CPP/external/google/sparsehash/dense_hash_set.h
[1698/2443  0s] CopyFiles Build/unityLibrary/src/main/Il2CppOutputProject/IL2CPP/external/bdwgc/vector_mlc.c
[1699/2443  0s] CopyFiles Build/unityLibrary/src/main/Il2CppOutputProject/IL2CPP/external/bdwgc/windows-untested/stdafx.h
[1700/2443  0s] CopyFiles Build/unityLibrary/src/main/Il2CppOutputProject/IL2CPP/external/google/sparsehash/internal/densehashtable.h
[1701/2443  0s] CopyFiles Build/unityLibrary/src/main/Il2CppOutputProject/IL2CPP/external/bdwgc/typd_mlc.c
[1702/2443  0s] CopyFiles Build/unityLibrary/src/main/Il2CppOutputProject/IL2CPP/external/bdwgc/tools/threadlibs.c
[1703/2443  0s] CopyFiles Build/unityLibrary/src/main/Il2CppOutputProject/IL2CPP/external/bdwgc/tools/if_not_there.c
[1704/2443  0s] CopyFiles Build/unityLibrary/src/main/Il2CppOutputProject/IL2CPP/external/bdwgc/tools/if_mach.c
[1705/2443  0s] CopyFiles Build/unityLibrary/src/main/Il2CppOutputProject/IL2CPP/external/bdwgc/windows-untested/stdafx.c
[1706/2443  0s] CopyFiles Build/unityLibrary/src/main/Il2CppOutputProject/IL2CPP/external/bdwgc/tools/setjmp_t.c
[1707/2443  0s] CopyFiles Build/unityLibrary/src/main/Il2CppOutputProject/IL2CPP/external/bdwgc/win32_threads.c
[1708/2443  0s] CopyFiles Build/unityLibrary/src/main/Il2CppOutputProject/IL2CPP/external/bdwgc/tests/trace_test.c
[1709/2443  0s] CopyFiles Build/unityLibrary/src/main/Il2CppOutputProject/IL2CPP/external/bdwgc/thread_local_alloc.c
[1710/2443  0s] CopyFiles Build/unityLibrary/src/main/Il2CppOutputProject/IL2CPP/external/bdwgc/tests/thread_leak_test.c
[1711/2443  0s] CopyFiles Build/unityLibrary/src/main/Il2CppOutputProject/IL2CPP/external/bdwgc/tests/staticrootslib.c
[1712/2443  0s] CopyFiles Build/unityLibrary/src/main/Il2CppOutputProject/IL2CPP/external/bdwgc/tests/subthread_create.c
[1713/2443  0s] CopyFiles Build/unityLibrary/src/main/Il2CppOutputProject/IL2CPP/external/bdwgc/tests/staticrootstest.c
[1714/2443  0s] CopyFiles Build/unityLibrary/src/main/Il2CppOutputProject/IL2CPP/external/bdwgc/tests/test_atomic_ops.c
[1715/2443  0s] CopyFiles Build/unityLibrary/src/main/Il2CppOutputProject/IL2CPP/external/bdwgc/tests/smash_test.c
[1716/2443  0s] CopyFiles Build/unityLibrary/src/main/Il2CppOutputProject/IL2CPP/external/bdwgc/tests/realloc_test.c
[1717/2443  0s] CopyFiles Build/unityLibrary/src/main/Il2CppOutputProject/IL2CPP/external/bdwgc/tests/middle.c
[1718/2443  0s] CopyFiles Build/unityLibrary/src/main/Il2CppOutputProject/IL2CPP/external/bdwgc/tests/threadkey_test.c
[1719/2443  0s] CopyFiles Build/unityLibrary/src/main/Il2CppOutputProject/IL2CPP/external/bdwgc/tests/initsecondarythread.c
[1720/2443  0s] CopyFiles Build/unityLibrary/src/main/Il2CppOutputProject/IL2CPP/external/bdwgc/tests/leak_test.c
[1721/2443  0s] CopyFiles Build/unityLibrary/src/main/Il2CppOutputProject/IL2CPP/external/bdwgc/tests/huge_test.c
[1722/2443  0s] CopyFiles Build/unityLibrary/src/main/Il2CppOutputProject/IL2CPP/external/bdwgc/specific.c
[1723/2443  0s] CopyFiles Build/unityLibrary/src/main/Il2CppOutputProject/IL2CPP/external/bdwgc/tests/test.c
[1724/2443  0s] CopyFiles Build/unityLibrary/src/main/Il2CppOutputProject/IL2CPP/external/bdwgc/README.md
[1725/2443  0s] CopyFiles Build/unityLibrary/src/main/Il2CppOutputProject/IL2CPP/external/bdwgc/tests/disclaim_test.c
[1726/2443  0s] CopyFiles Build/unityLibrary/src/main/Il2CppOutputProject/IL2CPP/external/bdwgc/tests/disclaim_bench.c
[1727/2443  0s] CopyFiles Build/unityLibrary/src/main/Il2CppOutputProject/IL2CPP/external/bdwgc/ptr_chck.c
[1728/2443  0s] CopyFiles Build/unityLibrary/src/main/Il2CppOutputProject/IL2CPP/external/bdwgc/reclaim.c
[1729/2443  0s] CopyFiles Build/unityLibrary/src/main/Il2CppOutputProject/IL2CPP/external/bdwgc/obj_map.c
[1730/2443  0s] CopyFiles Build/unityLibrary/src/main/Il2CppOutputProject/IL2CPP/external/bdwgc/new_hblk.c
[1731/2443  0s] CopyFiles Build/unityLibrary/src/main/Il2CppOutputProject/IL2CPP/external/bdwgc/pthread_start.c
[1732/2443  0s] CopyFiles Build/unityLibrary/src/main/Il2CppOutputProject/IL2CPP/external/bdwgc/pthread_support.c
[1733/2443  0s] CopyFiles Build/unityLibrary/src/main/Il2CppOutputProject/IL2CPP/external/bdwgc/pthread_stop_world.c
[1734/2443  0s] CopyFiles Build/unityLibrary/src/main/Il2CppOutputProject/IL2CPP/external/bdwgc/mallocx.c
[1735/2443  0s] CopyFiles Build/unityLibrary/src/main/Il2CppOutputProject/IL2CPP/external/bdwgc/mach_dep.c
[1736/2443  0s] CopyFiles Build/unityLibrary/src/main/Il2CppOutputProject/IL2CPP/external/bdwgc/malloc.c
[1737/2443  0s] CopyFiles Build/unityLibrary/src/main/Il2CppOutputProject/IL2CPP/external/bdwgc/mark_rts.c
[1738/2443  0s] CopyFiles Build/unityLibrary/src/main/Il2CppOutputProject/IL2CPP/external/bdwgc/misc.c
[1739/2443  0s] CopyFiles Build/unityLibrary/src/main/Il2CppOutputProject/IL2CPP/external/bdwgc/libatomic_ops/src/atomic_ops/sysdeps/test_and_set_t_is_ao_t.h
[1740/2443  0s] CopyFiles Build/unityLibrary/src/main/Il2CppOutputProject/IL2CPP/external/bdwgc/mark.c
[1741/2443  0s] CopyFiles Build/unityLibrary/src/main/Il2CppOutputProject/IL2CPP/external/bdwgc/libatomic_ops/src/atomic_ops/sysdeps/sunc/x86.h
[1742/2443  0s] CopyFiles Build/unityLibrary/src/main/Il2CppOutputProject/IL2CPP/external/bdwgc/libatomic_ops/src/atomic_ops/sysdeps/test_and_set_t_is_char.h
[1743/2443  0s] CopyFiles Build/unityLibrary/src/main/Il2CppOutputProject/IL2CPP/external/bdwgc/libatomic_ops/src/atomic_ops/sysdeps/standard_ao_double_t.h
[1744/2443  0s] CopyFiles Build/unityLibrary/src/main/Il2CppOutputProject/IL2CPP/external/bdwgc/libatomic_ops/src/atomic_ops/sysdeps/sunc/sparc.h
[1745/2443  0s] CopyFiles Build/unityLibrary/src/main/Il2CppOutputProject/IL2CPP/external/bdwgc/os_dep.c
[1746/2443  0s] CopyFiles Build/unityLibrary/src/main/Il2CppOutputProject/IL2CPP/external/bdwgc/libatomic_ops/src/atomic_ops/sysdeps/ordered.h
[1747/2443  0s] CopyFiles Build/unityLibrary/src/main/Il2CppOutputProject/IL2CPP/external/bdwgc/libatomic_ops/src/atomic_ops/sysdeps/ordered_except_wr.h
[1748/2443  0s] CopyFiles Build/unityLibrary/src/main/Il2CppOutputProject/IL2CPP/external/bdwgc/libatomic_ops/src/atomic_ops/sysdeps/read_ordered.h
[1749/2443  0s] CopyFiles Build/unityLibrary/src/main/Il2CppOutputProject/IL2CPP/external/bdwgc/libatomic_ops/src/atomic_ops/sysdeps/msftc/x86.h
[1750/2443  0s] CopyFiles Build/unityLibrary/src/main/Il2CppOutputProject/IL2CPP/external/bdwgc/libatomic_ops/src/atomic_ops/sysdeps/msftc/x86_64.h
[1751/2443  0s] CopyFiles Build/unityLibrary/src/main/Il2CppOutputProject/IL2CPP/external/bdwgc/libatomic_ops/src/atomic_ops/sysdeps/msftc/common32_defs.h
[1752/2443  0s] CopyFiles Build/unityLibrary/src/main/Il2CppOutputProject/IL2CPP/external/bdwgc/libatomic_ops/src/atomic_ops/sysdeps/msftc/arm.h
[1753/2443  0s] CopyFiles Build/unityLibrary/src/main/Il2CppOutputProject/IL2CPP/external/bdwgc/libatomic_ops/src/atomic_ops/sysdeps/loadstore/int_atomic_store.h
[1754/2443  0s] CopyFiles Build/unityLibrary/src/main/Il2CppOutputProject/IL2CPP/external/bdwgc/libatomic_ops/src/atomic_ops/sysdeps/loadstore/ordered_stores_only.h
[1755/2443  0s] CopyFiles Build/unityLibrary/src/main/Il2CppOutputProject/IL2CPP/external/bdwgc/libatomic_ops/src/atomic_ops/sysdeps/loadstore/ordered_loads_only.h
[1756/2443  0s] CopyFiles Build/unityLibrary/src/main/Il2CppOutputProject/IL2CPP/external/bdwgc/libatomic_ops/src/atomic_ops/sysdeps/loadstore/short_atomic_store.h
[1757/2443  0s] CopyFiles Build/unityLibrary/src/main/Il2CppOutputProject/IL2CPP/external/bdwgc/libatomic_ops/src/atomic_ops/sysdeps/loadstore/short_atomic_load.h
[1758/2443  0s] CopyFiles Build/unityLibrary/src/main/Il2CppOutputProject/IL2CPP/external/bdwgc/libatomic_ops/src/atomic_ops/sysdeps/loadstore/short_acquire_release_volatile.h
[1759/2443  0s] CopyFiles Build/unityLibrary/src/main/Il2CppOutputProject/IL2CPP/external/bdwgc/libatomic_ops/src/atomic_ops/sysdeps/loadstore/int_atomic_load.h
[1760/2443  0s] CopyFiles Build/unityLibrary/src/main/Il2CppOutputProject/IL2CPP/external/bdwgc/libatomic_ops/src/atomic_ops/sysdeps/loadstore/int_acquire_release_volatile.h
[1761/2443  0s] CopyFiles Build/unityLibrary/src/main/Il2CppOutputProject/IL2CPP/external/bdwgc/libatomic_ops/src/atomic_ops/sysdeps/loadstore/double_atomic_load_store.h
[1762/2443  0s] CopyFiles Build/unityLibrary/src/main/Il2CppOutputProject/IL2CPP/external/bdwgc/libatomic_ops/src/atomic_ops/sysdeps/loadstore/char_atomic_store.h
[1763/2443  0s] CopyFiles Build/unityLibrary/src/main/Il2CppOutputProject/IL2CPP/external/bdwgc/libatomic_ops/src/atomic_ops/sysdeps/loadstore/char_acquire_release_volatile.h
[1764/2443  0s] CopyFiles Build/unityLibrary/src/main/Il2CppOutputProject/IL2CPP/external/bdwgc/libatomic_ops/src/atomic_ops/sysdeps/loadstore/char_atomic_load.h
[1765/2443  0s] CopyFiles Build/unityLibrary/src/main/Il2CppOutputProject/IL2CPP/external/bdwgc/libatomic_ops/src/atomic_ops/sysdeps/loadstore/atomic_store.h
[1766/2443  0s] CopyFiles Build/unityLibrary/src/main/Il2CppOutputProject/IL2CPP/external/bdwgc/libatomic_ops/src/atomic_ops/sysdeps/loadstore/atomic_load.h
[1767/2443  0s] CopyFiles Build/unityLibrary/src/main/Il2CppOutputProject/IL2CPP/external/bdwgc/libatomic_ops/src/atomic_ops/sysdeps/loadstore/acquire_release_volatile.h
[1768/2443  0s] CopyFiles Build/unityLibrary/src/main/Il2CppOutputProject/IL2CPP/external/bdwgc/libatomic_ops/src/atomic_ops/sysdeps/hpc/hppa.h
[1769/2443  0s] CopyFiles Build/unityLibrary/src/main/Il2CppOutputProject/IL2CPP/external/bdwgc/libatomic_ops/src/atomic_ops/sysdeps/hpc/ia64.h
[1770/2443  0s] CopyFiles Build/unityLibrary/src/main/Il2CppOutputProject/IL2CPP/external/bdwgc/libatomic_ops/src/atomic_ops/sysdeps/generic_pthread.h
[1771/2443  0s] CopyFiles Build/unityLibrary/src/main/Il2CppOutputProject/IL2CPP/external/bdwgc/libatomic_ops/src/atomic_ops/sysdeps/gcc/x86.h
[1772/2443  0s] CopyFiles Build/unityLibrary/src/main/Il2CppOutputProject/IL2CPP/external/bdwgc/libatomic_ops/src/atomic_ops/sysdeps/gcc/sparc.h
[1773/2443  0s] CopyFiles Build/unityLibrary/src/main/Il2CppOutputProject/IL2CPP/external/bdwgc/libatomic_ops/src/atomic_ops/sysdeps/icc/ia64.h
[1774/2443  0s] CopyFiles Build/unityLibrary/src/main/Il2CppOutputProject/IL2CPP/external/bdwgc/libatomic_ops/src/atomic_ops/sysdeps/gcc/mips.h
[1775/2443  0s] CopyFiles Build/unityLibrary/src/main/Il2CppOutputProject/IL2CPP/external/bdwgc/libatomic_ops/src/atomic_ops/sysdeps/gcc/ia64.h
[1776/2443  0s] CopyFiles Build/unityLibrary/src/main/Il2CppOutputProject/IL2CPP/external/bdwgc/libatomic_ops/src/atomic_ops/sysdeps/gcc/sh.h
[1777/2443  0s] CopyFiles Build/unityLibrary/src/main/Il2CppOutputProject/IL2CPP/external/bdwgc/libatomic_ops/src/atomic_ops/sysdeps/gcc/s390.h
[1778/2443  0s] CopyFiles Build/unityLibrary/src/main/Il2CppOutputProject/IL2CPP/external/bdwgc/libatomic_ops/src/atomic_ops/sysdeps/gcc/powerpc.h
[1779/2443  0s] CopyFiles Build/unityLibrary/src/main/Il2CppOutputProject/IL2CPP/external/bdwgc/libatomic_ops/src/atomic_ops/sysdeps/ibmc/powerpc.h
[1780/2443  0s] CopyFiles Build/unityLibrary/src/main/Il2CppOutputProject/IL2CPP/external/bdwgc/libatomic_ops/src/atomic_ops/sysdeps/gcc/m68k.h
[1781/2443  0s] CopyFiles Build/unityLibrary/src/main/Il2CppOutputProject/IL2CPP/external/bdwgc/libatomic_ops/src/atomic_ops/sysdeps/gcc/hexagon.h
[1782/2443  0s] CopyFiles Build/unityLibrary/src/main/Il2CppOutputProject/IL2CPP/external/bdwgc/libatomic_ops/src/atomic_ops/sysdeps/gcc/hppa.h
[1783/2443  0s] CopyFiles Build/unityLibrary/src/main/Il2CppOutputProject/IL2CPP/external/bdwgc/libatomic_ops/src/atomic_ops/sysdeps/gcc/cris.h
[1784/2443  0s] CopyFiles Build/unityLibrary/src/main/Il2CppOutputProject/IL2CPP/external/bdwgc/libatomic_ops/src/atomic_ops/sysdeps/gcc/generic.h
[1785/2443  0s] CopyFiles Build/unityLibrary/src/main/Il2CppOutputProject/IL2CPP/external/bdwgc/libatomic_ops/src/atomic_ops/sysdeps/gcc/avr32.h
[1786/2443  0s] CopyFiles Build/unityLibrary/src/main/Il2CppOutputProject/IL2CPP/external/bdwgc/libatomic_ops/src/atomic_ops/sysdeps/gcc/generic-small.h
[1787/2443  0s] CopyFiles Build/unityLibrary/src/main/Il2CppOutputProject/IL2CPP/external/bdwgc/libatomic_ops/src/atomic_ops/sysdeps/gcc/generic-arithm.h
[1788/2443  0s] CopyFiles Build/unityLibrary/src/main/Il2CppOutputProject/IL2CPP/external/bdwgc/libatomic_ops/src/atomic_ops/sysdeps/gcc/arm.h
[1789/2443  0s] CopyFiles Build/unityLibrary/src/main/Il2CppOutputProject/IL2CPP/external/bdwgc/libatomic_ops/src/atomic_ops/sysdeps/gcc/alpha.h
[1790/2443  0s] CopyFiles Build/unityLibrary/src/main/Il2CppOutputProject/IL2CPP/external/bdwgc/libatomic_ops/src/atomic_ops/sysdeps/emul_cas.h
[1791/2443  0s] CopyFiles Build/unityLibrary/src/main/Il2CppOutputProject/IL2CPP/external/bdwgc/libatomic_ops/src/atomic_ops/sysdeps/armcc/arm_v6.h
[1792/2443  0s] CopyFiles Build/unityLibrary/src/main/Il2CppOutputProject/IL2CPP/external/bdwgc/libatomic_ops/src/atomic_ops/sysdeps/all_atomic_load_store.h
[1793/2443  0s] CopyFiles Build/unityLibrary/src/main/Il2CppOutputProject/IL2CPP/external/bdwgc/libatomic_ops/src/atomic_ops/sysdeps/all_atomic_only_load.h
[1794/2443  0s] CopyFiles Build/unityLibrary/src/main/Il2CppOutputProject/IL2CPP/external/bdwgc/libatomic_ops/src/atomic_ops/sysdeps/all_acquire_release_volatile.h
[1795/2443  0s] CopyFiles Build/unityLibrary/src/main/Il2CppOutputProject/IL2CPP/external/bdwgc/libatomic_ops/src/atomic_ops/sysdeps/all_aligned_atomic_load_store.h
[1796/2443  0s] CopyFiles Build/unityLibrary/src/main/Il2CppOutputProject/IL2CPP/external/bdwgc/libatomic_ops/src/atomic_ops/sysdeps/gcc/aarch64.h
[1797/2443  0s] CopyFiles Build/unityLibrary/src/main/Il2CppOutputProject/IL2CPP/external/bdwgc/libatomic_ops/src/atomic_ops/sysdeps/ao_t_is_int.h
[1798/2443  0s] CopyFiles Build/unityLibrary/src/main/Il2CppOutputProject/IL2CPP/external/bdwgc/libatomic_ops/README.md
[1799/2443  0s] CopyFiles Build/unityLibrary/src/main/Il2CppOutputProject/IL2CPP/external/bdwgc/libatomic_ops/src/atomic_ops/ao_version.h
[1800/2443  0s] CopyFiles Build/unityLibrary/src/main/Il2CppOutputProject/IL2CPP/external/bdwgc/libatomic_ops/doc/LICENSING.txt
[1801/2443  0s] CopyFiles Build/unityLibrary/src/main/Il2CppOutputProject/IL2CPP/external/bdwgc/libatomic_ops/src/atomic_ops.c
[1802/2443  0s] CopyFiles Build/unityLibrary/src/main/Il2CppOutputProject/IL2CPP/external/bdwgc/libatomic_ops/src/atomic_ops/generalize.h
[1803/2443  0s] CopyFiles Build/unityLibrary/src/main/Il2CppOutputProject/IL2CPP/external/bdwgc/libatomic_ops/doc/README.txt
[1804/2443  0s] CopyFiles Build/unityLibrary/src/main/Il2CppOutputProject/IL2CPP/external/bdwgc/libatomic_ops/src/atomic_ops.h
[1805/2443  0s] CopyFiles Build/unityLibrary/src/main/Il2CppOutputProject/IL2CPP/external/bdwgc/libatomic_ops/COPYING
[1806/2443  0s] CopyFiles Build/unityLibrary/src/main/Il2CppOutputProject/IL2CPP/external/bdwgc/include/private/specific.h
[1807/2443  0s] CopyFiles Build/unityLibrary/src/main/Il2CppOutputProject/IL2CPP/external/bdwgc/include/private/thread_local_alloc.h
[1808/2443  0s] CopyFiles Build/unityLibrary/src/main/Il2CppOutputProject/IL2CPP/external/bdwgc/include/private/pthread_stop_world.h
[1809/2443  0s] CopyFiles Build/unityLibrary/src/main/Il2CppOutputProject/IL2CPP/external/bdwgc/include/weakpointer.h
[1810/2443  0s] CopyFiles Build/unityLibrary/src/main/Il2CppOutputProject/IL2CPP/external/bdwgc/include/private/pthread_support.h
[1811/2443  0s] CopyFiles Build/unityLibrary/src/main/Il2CppOutputProject/IL2CPP/external/bdwgc/libatomic_ops/src/atomic_ops/generalize-arithm.h
[1812/2443  0s] CopyFiles Build/unityLibrary/src/main/Il2CppOutputProject/IL2CPP/external/bdwgc/include/private/msvc_dbg.h
[1813/2443  0s] CopyFiles Build/unityLibrary/src/main/Il2CppOutputProject/IL2CPP/external/bdwgc/libatomic_ops/src/atomic_ops/generalize-small.h
[1814/2443  0s] CopyFiles Build/unityLibrary/src/main/Il2CppOutputProject/IL2CPP/external/bdwgc/include/private/gc_hdrs.h
[1815/2443  0s] CopyFiles Build/unityLibrary/src/main/Il2CppOutputProject/IL2CPP/external/bdwgc/include/private/gc_atomic_ops.h
[1816/2443  0s] CopyFiles Build/unityLibrary/src/main/Il2CppOutputProject/IL2CPP/external/bdwgc/include/private/gc_locks.h
[1817/2443  0s] CopyFiles Build/unityLibrary/src/main/Il2CppOutputProject/IL2CPP/external/bdwgc/include/private/dbg_mlc.h
[1818/2443  0s] CopyFiles Build/unityLibrary/src/main/Il2CppOutputProject/IL2CPP/external/bdwgc/include/private/darwin_semaphore.h
[1819/2443  0s] CopyFiles Build/unityLibrary/src/main/Il2CppOutputProject/IL2CPP/external/bdwgc/include/private/gc_pmark.h
[1820/2443  0s] CopyFiles Build/unityLibrary/src/main/Il2CppOutputProject/IL2CPP/external/bdwgc/include/private/darwin_stop_world.h
[1821/2443  0s] CopyFiles Build/unityLibrary/src/main/Il2CppOutputProject/IL2CPP/external/bdwgc/include/gc_version.h
[1822/2443  0s] CopyFiles Build/unityLibrary/src/main/Il2CppOutputProject/IL2CPP/external/bdwgc/include/javaxfc.h
[1823/2443  0s] CopyFiles Build/unityLibrary/src/main/Il2CppOutputProject/IL2CPP/external/bdwgc/include/new_gc_alloc.h
[1824/2443  0s] CopyFiles Build/unityLibrary/src/main/Il2CppOutputProject/IL2CPP/external/bdwgc/include/leak_detector.h
[1825/2443  0s] CopyFiles Build/unityLibrary/src/main/Il2CppOutputProject/IL2CPP/external/bdwgc/include/private/gcconfig.h
[1826/2443  0s] CopyFiles Build/unityLibrary/src/main/Il2CppOutputProject/IL2CPP/external/bdwgc/include/private/gc_priv.h
[1827/2443  0s] CopyFiles Build/unityLibrary/src/main/Il2CppOutputProject/IL2CPP/external/bdwgc/include/gc_pthread_redirects.h
[1828/2443  0s] CopyFiles Build/unityLibrary/src/main/Il2CppOutputProject/IL2CPP/external/bdwgc/include/gc_vector.h
[1829/2443  0s] CopyFiles Build/unityLibrary/src/main/Il2CppOutputProject/IL2CPP/external/bdwgc/include/gc_typed.h
[1830/2443  0s] CopyFiles Build/unityLibrary/src/main/Il2CppOutputProject/IL2CPP/external/bdwgc/include/gc_gcj.h
[1831/2443  0s] CopyFiles Build/unityLibrary/src/main/Il2CppOutputProject/IL2CPP/external/bdwgc/include/gc_mark.h
[1832/2443  0s] CopyFiles Build/unityLibrary/src/main/Il2CppOutputProject/IL2CPP/external/bdwgc/include/gc_tiny_fl.h
[1833/2443  0s] CopyFiles Build/unityLibrary/src/main/Il2CppOutputProject/IL2CPP/external/bdwgc/include/gc_inline.h
[1834/2443  0s] CopyFiles Build/unityLibrary/src/main/Il2CppOutputProject/IL2CPP/external/bdwgc/include/gc_config_macros.h
[1835/2443  0s] CopyFiles Build/unityLibrary/src/main/Il2CppOutputProject/IL2CPP/external/bdwgc/include/gc_disclaim.h
[1836/2443  0s] CopyFiles Build/unityLibrary/src/main/Il2CppOutputProject/IL2CPP/external/bdwgc/include/gc_allocator.h
[1837/2443  0s] CopyFiles Build/unityLibrary/src/main/Il2CppOutputProject/IL2CPP/external/bdwgc/include/gc_backptr.h
[1838/2443  0s] CopyFiles Build/unityLibrary/src/main/Il2CppOutputProject/IL2CPP/external/bdwgc/include/gc_cpp.h
[1839/2443  0s] CopyFiles Build/unityLibrary/src/main/Il2CppOutputProject/IL2CPP/external/bdwgc/include/gc_alloc_ptrs.h
[1840/2443  0s] CopyFiles Build/unityLibrary/src/main/Il2CppOutputProject/IL2CPP/external/bdwgc/include/extra/gc_cpp.h
[1841/2443  0s] CopyFiles Build/unityLibrary/src/main/Il2CppOutputProject/IL2CPP/external/bdwgc/include/extra/gc.h
[1842/2443  0s] CopyFiles Build/unityLibrary/src/main/Il2CppOutputProject/IL2CPP/external/bdwgc/include/cord_pos.h
[1843/2443  0s] CopyFiles Build/unityLibrary/src/main/Il2CppOutputProject/IL2CPP/external/bdwgc/include/ec.h
[1844/2443  0s] CopyFiles Build/unityLibrary/src/main/Il2CppOutputProject/IL2CPP/external/bdwgc/heapsections.c
[1845/2443  0s] CopyFiles Build/unityLibrary/src/main/Il2CppOutputProject/IL2CPP/external/bdwgc/headers.c
[1846/2443  0s] CopyFiles Build/unityLibrary/src/main/Il2CppOutputProject/IL2CPP/external/bdwgc/gc_dlopen.c
[1847/2443  0s] CopyFiles Build/unityLibrary/src/main/Il2CppOutputProject/IL2CPP/external/bdwgc/fnlz_mlc.c
[1848/2443  0s] CopyFiles Build/unityLibrary/src/main/Il2CppOutputProject/IL2CPP/external/bdwgc/include/cord.h
[1849/2443  0s] CopyFiles Build/unityLibrary/src/main/Il2CppOutputProject/IL2CPP/external/bdwgc/extra/real_malloc.c
[1850/2443  0s] CopyFiles Build/unityLibrary/src/main/Il2CppOutputProject/IL2CPP/external/bdwgc/include/gc.h
[1851/2443  0s] CopyFiles Build/unityLibrary/src/main/Il2CppOutputProject/IL2CPP/external/bdwgc/gcj_mlc.c
[1852/2443  0s] CopyFiles Build/unityLibrary/src/main/Il2CppOutputProject/IL2CPP/external/bdwgc/extra/pcr_interface.c
[1853/2443  0s] CopyFiles Build/unityLibrary/src/main/Il2CppOutputProject/IL2CPP/external/bdwgc/finalize.c
[1854/2443  0s] CopyFiles Build/unityLibrary/src/main/Il2CppOutputProject/IL2CPP/external/bdwgc/extra/msvc_dbg.c
[1855/2443  0s] CopyFiles Build/unityLibrary/src/main/Il2CppOutputProject/IL2CPP/external/bdwgc/extra/Mac_files/MacOS_config.h
[1856/2443  0s] CopyFiles Build/unityLibrary/src/main/Il2CppOutputProject/IL2CPP/external/bdwgc/extra/Mac_files/dataend.c
[1857/2443  0s] CopyFiles Build/unityLibrary/src/main/Il2CppOutputProject/IL2CPP/external/bdwgc/extra/krait_signal_handler.c
[1858/2443  0s] CopyFiles Build/unityLibrary/src/main/Il2CppOutputProject/IL2CPP/external/bdwgc/extra/gc.c
[1859/2443  0s] CopyFiles Build/unityLibrary/src/main/Il2CppOutputProject/IL2CPP/external/bdwgc/extra/MacOS.c
[1860/2443  0s] CopyFiles Build/unityLibrary/src/main/Il2CppOutputProject/IL2CPP/external/bdwgc/dyn_load.c
[1861/2443  0s] CopyFiles Build/unityLibrary/src/main/Il2CppOutputProject/IL2CPP/external/bdwgc/cord/tests/de_win.c
[1862/2443  0s] CopyFiles Build/unityLibrary/src/main/Il2CppOutputProject/IL2CPP/external/bdwgc/cord/tests/de_win.h
[1863/2443  0s] CopyFiles Build/unityLibrary/src/main/Il2CppOutputProject/IL2CPP/external/bdwgc/extra/Mac_files/datastart.c
[1864/2443  0s] CopyFiles Build/unityLibrary/src/main/Il2CppOutputProject/IL2CPP/external/bdwgc/cord/tests/de_cmds.h
[1865/2443  0s] CopyFiles Build/unityLibrary/src/main/Il2CppOutputProject/IL2CPP/external/bdwgc/darwin_stop_world.c
[1866/2443  0s] CopyFiles Build/unityLibrary/src/main/Il2CppOutputProject/IL2CPP/external/bdwgc/extra/AmigaOS.c
[1867/2443  0s] CopyFiles Build/unityLibrary/src/main/Il2CppOutputProject/IL2CPP/external/bdwgc/cord/cordbscs.c
[1868/2443  0s] CopyFiles Build/unityLibrary/src/main/Il2CppOutputProject/IL2CPP/external/bdwgc/cord/tests/de.c
[1869/2443  0s] CopyFiles Build/unityLibrary/src/main/Il2CppOutputProject/IL2CPP/external/bdwgc/cord/tests/cordtest.c
[1870/2443  0s] CopyFiles Build/unityLibrary/src/main/Il2CppOutputProject/IL2CPP/external/bdwgc/cord/cordxtra.c
[1871/2443  0s] CopyFiles Build/unityLibrary/src/main/Il2CppOutputProject/IL2CPP/external/bdwgc/cord/cordprnt.c
[1872/2443  0s] CopyFiles Build/unityLibrary/src/main/Il2CppOutputProject/IL2CPP/external/bdwgc/dbg_mlc.c
[1873/2443  0s] CopyFiles Build/unityLibrary/src/main/Il2CppOutputProject/IL2CPP/external/bdwgc/checksums.c
[1874/2443  0s] CopyFiles Build/unityLibrary/src/main/Il2CppOutputProject/IL2CPP/external/bdwgc/blacklst.c
[1875/2443  0s] CopyFiles Build/unityLibrary/src/main/Il2CppOutputProject/IL2CPP/external/bdwgc/backgraph.c
[1876/2443  0s] CopyFiles Build/unityLibrary/src/main/Il2CppOutputProject/IL2CPP/external/baselib/Platforms/WindowsGames/Include/C/Baselib_ErrorState.inl.h
[1877/2443  0s] CopyFiles Build/unityLibrary/src/main/Il2CppOutputProject/IL2CPP/external/baselib/Platforms/WindowsGames/Include/C/Baselib_FileIO.inl.h
[1878/2443  0s] CopyFiles Build/unityLibrary/src/main/Il2CppOutputProject/IL2CPP/external/baselib/Platforms/WindowsGames/Include/C/Baselib_ThreadLocalStorage.inl.h
[1879/2443  0s] CopyFiles Build/unityLibrary/src/main/Il2CppOutputProject/IL2CPP/external/baselib/Platforms/WindowsGames/Include/C/Baselib_DynamicLibrary.inl.h
[1880/2443  0s] CopyFiles Build/unityLibrary/src/main/Il2CppOutputProject/IL2CPP/external/baselib/Platforms/WindowsGames/Include/BaselibPlatformSpecificEnvironment.h
[1881/2443  0s] CopyFiles Build/unityLibrary/src/main/Il2CppOutputProject/IL2CPP/external/bdwgc/alloc.c
[1882/2443  0s] CopyFiles Build/unityLibrary/src/main/Il2CppOutputProject/IL2CPP/external/bdwgc/allchblk.c
[1883/2443  0s] CopyFiles Build/unityLibrary/src/main/Il2CppOutputProject/IL2CPP/external/baselib/Platforms/Windows/Include/C/Baselib_FileIO.inl.h
[1884/2443  0s] CopyFiles Build/unityLibrary/src/main/Il2CppOutputProject/IL2CPP/external/baselib/Platforms/Windows/Include/C/Baselib_ThreadLocalStorage.inl.h
[1885/2443  0s] CopyFiles Build/unityLibrary/src/main/Il2CppOutputProject/IL2CPP/external/baselib/Platforms/Windows/Include/C/Baselib_ErrorState.inl.h
[1886/2443  0s] CopyFiles Build/unityLibrary/src/main/Il2CppOutputProject/IL2CPP/external/baselib/Platforms/Windows/Include/BaselibPlatformSpecificEnvironment.h
[1887/2443  0s] CopyFiles Build/unityLibrary/src/main/Il2CppOutputProject/IL2CPP/external/baselib/Platforms/Windows/Include/C/Baselib_DynamicLibrary.inl.h
[1888/2443  0s] CopyFiles Build/unityLibrary/src/main/Il2CppOutputProject/IL2CPP/external/baselib/Platforms/WebGL/Include/C/Baselib_ThreadLocalStorage.inl.h
[1889/2443  0s] CopyFiles Build/unityLibrary/src/main/Il2CppOutputProject/IL2CPP/external/baselib/Platforms/WebGL/Include/C/Baselib_FileIO.inl.h
[1890/2443  0s] CopyFiles Build/unityLibrary/src/main/Il2CppOutputProject/IL2CPP/external/baselib/Platforms/WebGL/Include/C/Baselib_ErrorState.inl.h
[1891/2443  0s] CopyFiles Build/unityLibrary/src/main/Il2CppOutputProject/IL2CPP/external/baselib/Platforms/WebGL/Include/BaselibPlatformSpecificEnvironment.h
[1892/2443  0s] CopyFiles Build/unityLibrary/src/main/Il2CppOutputProject/IL2CPP/external/baselib/Platforms/VisionOS/Include/C/Baselib_DynamicLibrary.inl.h
[1893/2443  0s] CopyFiles Build/unityLibrary/src/main/Il2CppOutputProject/IL2CPP/external/baselib/Platforms/WebGL/Include/C/Baselib_DynamicLibrary.inl.h
[1894/2443  0s] CopyFiles Build/unityLibrary/src/main/Il2CppOutputProject/IL2CPP/external/baselib/Platforms/VisionOS/Include/C/Baselib_ThreadLocalStorage.inl.h
[1895/2443  0s] CopyFiles Build/unityLibrary/src/main/Il2CppOutputProject/IL2CPP/external/baselib/Platforms/VisionOS/Include/C/Baselib_ErrorState.inl.h
[1896/2443  0s] CopyFiles Build/unityLibrary/src/main/Il2CppOutputProject/IL2CPP/external/baselib/Platforms/VisionOS/Include/C/Baselib_FileIO.inl.h
[1897/2443  0s] CopyFiles Build/unityLibrary/src/main/Il2CppOutputProject/IL2CPP/external/baselib/Platforms/VisionOS/Include/BaselibPlatformSpecificEnvironment.h
[1898/2443  0s] CopyFiles Build/unityLibrary/src/main/Il2CppOutputProject/IL2CPP/external/baselib/Platforms/UniversalWindows/Include/C/Baselib_FileIO.inl.h
[1899/2443  0s] CopyFiles Build/unityLibrary/src/main/Il2CppOutputProject/IL2CPP/external/baselib/Platforms/UniversalWindows/Include/C/Baselib_ErrorState.inl.h
[1900/2443  0s] CopyFiles Build/unityLibrary/src/main/Il2CppOutputProject/IL2CPP/external/baselib/Platforms/UniversalWindows/Include/C/Baselib_ThreadLocalStorage.inl.h
[1901/2443  0s] CopyFiles Build/unityLibrary/src/main/Il2CppOutputProject/IL2CPP/external/baselib/Platforms/UniversalWindows/Include/C/Baselib_DynamicLibrary.inl.h
[1902/2443  0s] CopyFiles Build/unityLibrary/src/main/Il2CppOutputProject/IL2CPP/external/baselib/Platforms/UniversalWindows/Include/BaselibPlatformSpecificEnvironment.h
[1903/2443  0s] CopyFiles Build/unityLibrary/src/main/Il2CppOutputProject/IL2CPP/external/baselib/Platforms/Tvos/Include/C/Baselib_ThreadLocalStorage.inl.h
[1904/2443  0s] CopyFiles Build/unityLibrary/src/main/Il2CppOutputProject/IL2CPP/external/baselib/Platforms/Tvos/Include/C/Baselib_FileIO.inl.h
[1905/2443  0s] CopyFiles Build/unityLibrary/src/main/Il2CppOutputProject/IL2CPP/external/baselib/Platforms/Tvos/Include/C/Baselib_DynamicLibrary.inl.h
[1906/2443  0s] CopyFiles Build/unityLibrary/src/main/Il2CppOutputProject/IL2CPP/external/baselib/Platforms/Tvos/Include/C/Baselib_ErrorState.inl.h
[1907/2443  0s] CopyFiles Build/unityLibrary/src/main/Il2CppOutputProject/IL2CPP/external/baselib/Platforms/OSX/Include/C/Baselib_FileIO.inl.h
[1908/2443  0s] CopyFiles Build/unityLibrary/src/main/Il2CppOutputProject/IL2CPP/external/baselib/Platforms/OSX/Include/BaselibPlatformSpecificEnvironment.h
[1909/2443  0s] CopyFiles Build/unityLibrary/src/main/Il2CppOutputProject/IL2CPP/external/baselib/Platforms/OSX/Include/C/Baselib_ThreadLocalStorage.inl.h
[1910/2443  0s] CopyFiles Build/unityLibrary/src/main/Il2CppOutputProject/IL2CPP/external/baselib/Platforms/OSX/Include/C/Baselib_ErrorState.inl.h
[1911/2443  0s] CopyFiles Build/unityLibrary/src/main/Il2CppOutputProject/IL2CPP/external/baselib/Platforms/OSX/Include/C/Baselib_DynamicLibrary.inl.h
[1912/2443  0s] CopyFiles Build/unityLibrary/src/main/Il2CppOutputProject/IL2CPP/external/baselib/Platforms/Linux/Include/C/Baselib_FileIO.inl.h
[1913/2443  0s] CopyFiles Build/unityLibrary/src/main/Il2CppOutputProject/IL2CPP/external/baselib/Platforms/Linux/Include/C/Baselib_ThreadLocalStorage.inl.h
[1914/2443  0s] CopyFiles Build/unityLibrary/src/main/Il2CppOutputProject/IL2CPP/external/baselib/Platforms/Tvos/Include/BaselibPlatformSpecificEnvironment.h
[1915/2443  0s] CopyFiles Build/unityLibrary/src/main/Il2CppOutputProject/IL2CPP/external/baselib/Platforms/Linux/Include/C/Baselib_ErrorState.inl.h
[1916/2443  0s] CopyFiles Build/unityLibrary/src/main/Il2CppOutputProject/IL2CPP/external/baselib/Platforms/Linux/Include/C/Baselib_DynamicLibrary.inl.h
[1917/2443  0s] CopyFiles Build/unityLibrary/src/main/Il2CppOutputProject/IL2CPP/external/baselib/Platforms/IOS/Include/C/Baselib_ThreadLocalStorage.inl.h
[1918/2443  0s] CopyFiles Build/unityLibrary/src/main/Il2CppOutputProject/IL2CPP/external/baselib/Platforms/Linux/Include/BaselibPlatformSpecificEnvironment.h
[1919/2443  0s] CopyFiles Build/unityLibrary/src/main/Il2CppOutputProject/IL2CPP/external/baselib/Platforms/IOS/Include/C/Baselib_FileIO.inl.h
[1920/2443  0s] CopyFiles Build/unityLibrary/src/main/Il2CppOutputProject/IL2CPP/external/baselib/Platforms/IOS/Include/BaselibPlatformSpecificEnvironment.h
[1921/2443  0s] CopyFiles Build/unityLibrary/src/main/Il2CppOutputProject/IL2CPP/external/baselib/Platforms/IOS/Include/C/Baselib_ErrorState.inl.h
[1922/2443  0s] CopyFiles Build/unityLibrary/src/main/Il2CppOutputProject/IL2CPP/external/baselib/Platforms/EmbeddedLinux/Include/C/Baselib_ErrorState.inl.h
[1923/2443  0s] CopyFiles Build/unityLibrary/src/main/Il2CppOutputProject/IL2CPP/external/baselib/Platforms/EmbeddedLinux/Include/BaselibPlatformSpecificEnvironment.h
[1924/2443  0s] CopyFiles Build/unityLibrary/src/main/Il2CppOutputProject/IL2CPP/external/baselib/Platforms/IOS/Include/C/Baselib_DynamicLibrary.inl.h
[1925/2443  0s] CopyFiles Build/unityLibrary/src/main/Il2CppOutputProject/IL2CPP/external/baselib/Platforms/EmbeddedLinux/Include/C/Baselib_FileIO.inl.h
[1926/2443  0s] CopyFiles Build/unityLibrary/src/main/Il2CppOutputProject/IL2CPP/external/baselib/Platforms/EmbeddedLinux/Include/C/Baselib_DynamicLibrary.inl.h
[1927/2443  0s] CopyFiles Build/unityLibrary/src/main/Il2CppOutputProject/IL2CPP/external/baselib/Platforms/EmbeddedLinux/Include/C/Baselib_ThreadLocalStorage.inl.h
[1928/2443  0s] CopyFiles Build/unityLibrary/src/main/Il2CppOutputProject/IL2CPP/external/baselib/Platforms/Android/Include/C/Baselib_ErrorState.inl.h
[1929/2443  0s] CopyFiles Build/unityLibrary/src/main/Il2CppOutputProject/IL2CPP/external/baselib/Platforms/Android/Include/C/Baselib_FileIO.inl.h
[1930/2443  0s] CopyFiles Build/unityLibrary/src/main/Il2CppOutputProject/IL2CPP/external/baselib/Platforms/Android/Include/C/Baselib_ThreadLocalStorage.inl.h
[1931/2443  0s] CopyFiles Build/unityLibrary/src/main/Il2CppOutputProject/IL2CPP/external/baselib/Platforms/Android/Include/BaselibPlatformSpecificEnvironment.h
[1932/2443  0s] CopyFiles Build/unityLibrary/src/main/Il2CppOutputProject/IL2CPP/external/baselib/Platforms/Android/Include/C/Baselib_DynamicLibrary.inl.h
[1933/2443  0s] CopyFiles Build/unityLibrary/src/main/Il2CppOutputProject/IL2CPP/external/baselib/Include/PreExternalInclude.h
[1934/2443  0s] CopyFiles Build/unityLibrary/src/main/Il2CppOutputProject/IL2CPP/external/baselib/Include/PostExternalInclude.h
[1935/2443  0s] CopyFiles Build/unityLibrary/src/main/Il2CppOutputProject/IL2CPP/external/baselib/Include/Internal/UndefineCoreMacros.h
[1936/2443  0s] CopyFiles Build/unityLibrary/src/main/Il2CppOutputProject/IL2CPP/external/baselib/Include/Internal/VerifyPlatformEnvironment.h
[1937/2443  0s] CopyFiles Build/unityLibrary/src/main/Il2CppOutputProject/IL2CPP/external/baselib/Include/Internal/PlatformEnvironment.h
[1938/2443  0s] CopyFiles Build/unityLibrary/src/main/Il2CppOutputProject/IL2CPP/external/baselib/Include/Internal/RedefineCompilerMacros.h
[1939/2443  0s] CopyFiles Build/unityLibrary/src/main/Il2CppOutputProject/IL2CPP/external/baselib/Include/Internal/PlatformDetection.h
[1940/2443  0s] CopyFiles Build/unityLibrary/src/main/Il2CppOutputProject/IL2CPP/external/baselib/Include/Internal/CoreMacros.h
[1941/2443  0s] CopyFiles Build/unityLibrary/src/main/Il2CppOutputProject/IL2CPP/external/baselib/Include/Internal/UndefineCompilerMacros.h
[1942/2443  0s] CopyFiles Build/unityLibrary/src/main/Il2CppOutputProject/IL2CPP/external/baselib/Include/Internal/Compiler/CompilerEnvironmentGcc.h
[1943/2443  0s] CopyFiles Build/unityLibrary/src/main/Il2CppOutputProject/IL2CPP/external/baselib/Include/Internal/Compiler/CompilerEnvironmentMsvc.h
[1944/2443  0s] CopyFiles Build/unityLibrary/src/main/Il2CppOutputProject/IL2CPP/external/baselib/Include/Internal/BasicTypes.h
[1945/2443  0s] CopyFiles Build/unityLibrary/src/main/Il2CppOutputProject/IL2CPP/external/baselib/Include/Internal/Compiler/CompilerEnvironmentClang.h
[1946/2443  0s] CopyFiles Build/unityLibrary/src/main/Il2CppOutputProject/IL2CPP/external/baselib/Include/Internal/ArchitectureDetection.h
[1947/2443  0s] CopyFiles Build/unityLibrary/src/main/Il2CppOutputProject/IL2CPP/external/baselib/Include/Internal/Assert.h
[1948/2443  0s] CopyFiles Build/unityLibrary/src/main/Il2CppOutputProject/IL2CPP/external/baselib/Include/External/utfcpp/source/utf8/unchecked.h
[1949/2443  0s] CopyFiles Build/unityLibrary/src/main/Il2CppOutputProject/IL2CPP/external/baselib/Include/External/utfcpp/source/utf8/cpp17.h
[1950/2443  0s] CopyFiles Build/unityLibrary/src/main/Il2CppOutputProject/IL2CPP/external/baselib/Include/External/utfcpp/source/utf8/cpp11.h
[1951/2443  0s] CopyFiles Build/unityLibrary/src/main/Il2CppOutputProject/IL2CPP/external/baselib/Include/External/utfcpp/source/utf8/core.h
[1952/2443  0s] CopyFiles Build/unityLibrary/src/main/Il2CppOutputProject/IL2CPP/external/baselib/Include/External/utfcpp/source/utf8.h
[1953/2443  0s] CopyFiles Build/unityLibrary/src/main/Il2CppOutputProject/IL2CPP/external/baselib/Include/External/utfcpp/source/utf8/checked.h
[1954/2443  0s] CopyFiles Build/unityLibrary/src/main/Il2CppOutputProject/IL2CPP/external/baselib/Include/Cpp/Thread.h
[1955/2443  0s] CopyFiles Build/unityLibrary/src/main/Il2CppOutputProject/IL2CPP/external/baselib/Include/Cpp/ThreadLocalStorage.h
[1956/2443  0s] CopyFiles Build/unityLibrary/src/main/Il2CppOutputProject/IL2CPP/external/baselib/Include/Cpp/Time.h
[1957/2443  0s] CopyFiles Build/unityLibrary/src/main/Il2CppOutputProject/IL2CPP/external/baselib/Include/Cpp/Stopwatch.h
[1958/2443  0s] CopyFiles Build/unityLibrary/src/main/Il2CppOutputProject/IL2CPP/external/baselib/Include/Cpp/tlsf_allocator.h
[1959/2443  0s] CopyFiles Build/unityLibrary/src/main/Il2CppOutputProject/IL2CPP/external/baselib/Include/Cpp/Semaphore.h
[1960/2443  0s] CopyFiles Build/unityLibrary/src/main/Il2CppOutputProject/IL2CPP/external/baselib/Include/Cpp/source_location.h
[1961/2443  0s] CopyFiles Build/unityLibrary/src/main/Il2CppOutputProject/IL2CPP/external/baselib/Include/Cpp/ScopedAcquire.h
[1962/2443  0s] CopyFiles Build/unityLibrary/src/main/Il2CppOutputProject/IL2CPP/external/baselib/Include/Cpp/ReentrantLock.h
[1963/2443  0s] CopyFiles Build/unityLibrary/src/main/Il2CppOutputProject/IL2CPP/external/baselib/Include/Cpp/mpsc_node_queue.h
[1964/2443  0s] CopyFiles Build/unityLibrary/src/main/Il2CppOutputProject/IL2CPP/external/baselib/Include/Cpp/page_allocator.h
[1965/2443  0s] CopyFiles Build/unityLibrary/src/main/Il2CppOutputProject/IL2CPP/external/baselib/Include/Cpp/mpsc_node_stack.h
[1966/2443  0s] CopyFiles Build/unityLibrary/src/main/Il2CppOutputProject/IL2CPP/external/baselib/Include/Cpp/mpsc_node.h
[1967/2443  0s] CopyFiles Build/unityLibrary/src/main/Il2CppOutputProject/IL2CPP/external/baselib/Include/Cpp/mpmc_node_stack.h
[1968/2443  0s] CopyFiles Build/unityLibrary/src/main/Il2CppOutputProject/IL2CPP/external/baselib/Include/Cpp/Internal/TypeTraits.h
[1969/2443  0s] CopyFiles Build/unityLibrary/src/main/Il2CppOutputProject/IL2CPP/external/baselib/Include/Cpp/Lock.h
[1970/2443  0s] CopyFiles Build/unityLibrary/src/main/Il2CppOutputProject/IL2CPP/external/baselib/Include/Cpp/mpmc_fixed_queue.h
[1971/2443  0s] CopyFiles Build/unityLibrary/src/main/Il2CppOutputProject/IL2CPP/external/baselib/Include/Cpp/mpmc_node.h
[1972/2443  0s] CopyFiles Build/unityLibrary/src/main/Il2CppOutputProject/IL2CPP/external/baselib/Include/Cpp/Internal/page_allocator.inl.h
[1973/2443  0s] CopyFiles Build/unityLibrary/src/main/Il2CppOutputProject/IL2CPP/external/baselib/Include/Cpp/mpmc_node_queue.h
[1974/2443  0s] CopyFiles Build/unityLibrary/src/main/Il2CppOutputProject/IL2CPP/external/baselib/Include/Cpp/Internal/ConditionVariable_SemaphoreBased.inl.h
[1975/2443  0s] CopyFiles Build/unityLibrary/src/main/Il2CppOutputProject/IL2CPP/external/baselib/Include/Cpp/Internal/ConditionVariableData_SemaphoreBased.inl.h
[1976/2443  0s] CopyFiles Build/unityLibrary/src/main/Il2CppOutputProject/IL2CPP/external/baselib/Include/Cpp/Internal/heap_allocator.inl.h
[1977/2443  0s] CopyFiles Build/unityLibrary/src/main/Il2CppOutputProject/IL2CPP/external/baselib/Include/Cpp/Internal/ScopedAcquireMixin.h
[1978/2443  0s] CopyFiles Build/unityLibrary/src/main/Il2CppOutputProject/IL2CPP/external/baselib/Include/Cpp/Internal/ConditionVariable_FutexBased.inl.h
[1979/2443  0s] CopyFiles Build/unityLibrary/src/main/Il2CppOutputProject/IL2CPP/external/baselib/Include/Cpp/Internal/tlsf_allocator.inl.h
[1980/2443  0s] CopyFiles Build/unityLibrary/src/main/Il2CppOutputProject/IL2CPP/external/baselib/Include/Cpp/Internal/ConditionVariableData_FutexBased.inl.h
[1981/2443  0s] CopyFiles Build/unityLibrary/src/main/Il2CppOutputProject/IL2CPP/external/baselib/Include/Cpp/Internal/Algorithm.inl.h
[1982/2443  0s] CopyFiles Build/unityLibrary/src/main/Il2CppOutputProject/IL2CPP/external/baselib/Include/Cpp/Internal/Compiler/ClangOrGcc/AlgorithmClangOrGcc.inl.h
[1983/2443  0s] CopyFiles Build/unityLibrary/src/main/Il2CppOutputProject/IL2CPP/external/baselib/Include/Cpp/fallback_allocator.h
[1984/2443  0s] CopyFiles Build/unityLibrary/src/main/Il2CppOutputProject/IL2CPP/external/baselib/Include/Cpp/heap_allocator.h
[1985/2443  0s] CopyFiles Build/unityLibrary/src/main/Il2CppOutputProject/IL2CPP/external/baselib/Include/Cpp/EventSemaphore.h
[1986/2443  0s] CopyFiles Build/unityLibrary/src/main/Il2CppOutputProject/IL2CPP/external/baselib/Include/Cpp/Internal/Compiler/Msvc/AlgorithmMsvc.inl.h
[1987/2443  0s] CopyFiles Build/unityLibrary/src/main/Il2CppOutputProject/IL2CPP/external/baselib/Include/Cpp/CountdownTimer.h
[1988/2443  0s] CopyFiles Build/unityLibrary/src/main/Il2CppOutputProject/IL2CPP/external/baselib/Include/Cpp/HighCapacitySemaphore.h
[1989/2443  0s] CopyFiles Build/unityLibrary/src/main/Il2CppOutputProject/IL2CPP/external/baselib/Include/Cpp/ConditionVariable.h
[1990/2443  0s] CopyFiles Build/unityLibrary/src/main/Il2CppOutputProject/IL2CPP/external/baselib/Include/Cpp/BinarySemaphore.h
[1991/2443  0s] CopyFiles Build/unityLibrary/src/main/Il2CppOutputProject/IL2CPP/external/baselib/Include/Cpp/CappedSemaphore.h
[1992/2443  0s] CopyFiles Build/unityLibrary/src/main/Il2CppOutputProject/IL2CPP/external/baselib/Include/Cpp/Barrier.h
[1993/2443  0s] CopyFiles Build/unityLibrary/src/main/Il2CppOutputProject/IL2CPP/external/baselib/Include/Cpp/Baselib_DynamicLibrary.h
[1994/2443  0s] CopyFiles Build/unityLibrary/src/main/Il2CppOutputProject/IL2CPP/external/baselib/Include/Cpp/Internal/chunked_allocator.inl.h
[1995/2443  0s] CopyFiles Build/unityLibrary/src/main/Il2CppOutputProject/IL2CPP/external/baselib/Include/Cpp/chunked_allocator.h
[1996/2443  0s] CopyFiles Build/unityLibrary/src/main/Il2CppOutputProject/IL2CPP/external/baselib/Include/C/Internal/Compiler/Baselib_Cpu_Gcc.inl.h
[1997/2443  0s] CopyFiles Build/unityLibrary/src/main/Il2CppOutputProject/IL2CPP/external/baselib/Include/Cpp/AtomicReferenceCounter.h
[1998/2443  0s] CopyFiles Build/unityLibrary/src/main/Il2CppOutputProject/IL2CPP/external/baselib/Include/Cpp/Atomic.h
[1999/2443  0s] CopyFiles Build/unityLibrary/src/main/Il2CppOutputProject/IL2CPP/external/baselib/Include/C/Internal/Compiler/Baselib_Cpu_Msvc.inl.h
[2000/2443  0s] CopyFiles Build/unityLibrary/src/main/Il2CppOutputProject/IL2CPP/external/baselib/Include/C/Internal/Compiler/Baselib_Atomic_MsvcIntrinsics.h
[2001/2443  0s] CopyFiles Build/unityLibrary/src/main/Il2CppOutputProject/IL2CPP/external/baselib/Include/Cpp/affix_allocator.h
[2002/2443  0s] CopyFiles Build/unityLibrary/src/main/Il2CppOutputProject/IL2CPP/external/baselib/Include/C/Internal/Compiler/Baselib_Atomic_LLSC_Gcc.inl.h
[2003/2443  0s] CopyFiles Build/unityLibrary/src/main/Il2CppOutputProject/IL2CPP/external/baselib/Include/C/Internal/Compiler/Baselib_Atomic_Msvc.h
[2004/2443  0s] CopyFiles Build/unityLibrary/src/main/Il2CppOutputProject/IL2CPP/external/baselib/Include/Cpp/Algorithm.h
[2005/2443  0s] CopyFiles Build/unityLibrary/src/main/Il2CppOutputProject/IL2CPP/external/baselib/Include/C/Internal/Compiler/Baselib_Atomic_Gcc_Patch_PostInclude.h
[2006/2443  0s] CopyFiles Build/unityLibrary/src/main/Il2CppOutputProject/IL2CPP/external/baselib/Include/C/Internal/Compiler/Baselib_Atomic_Gcc_Patch.h
[2007/2443  0s] CopyFiles Build/unityLibrary/src/main/Il2CppOutputProject/IL2CPP/external/baselib/Include/C/Internal/Baselib_SpinLoop.h
[2008/2443  0s] CopyFiles Build/unityLibrary/src/main/Il2CppOutputProject/IL2CPP/external/baselib/Include/C/Internal/Compiler/Baselib_Atomic_Gcc.h
[2009/2443  0s] CopyFiles Build/unityLibrary/src/main/Il2CppOutputProject/IL2CPP/external/baselib/Include/C/Internal/Baselib_Lock_SemaphoreBased.inl.h
[2010/2443  0s] CopyFiles Build/unityLibrary/src/main/Il2CppOutputProject/IL2CPP/external/baselib/Include/C/Internal/Baselib_Semaphore_SemaphoreBased.inl.h
[2011/2443  0s] CopyFiles Build/unityLibrary/src/main/Il2CppOutputProject/IL2CPP/external/baselib/Include/C/Internal/Baselib_ReentrantLock.inl.h
[2012/2443  0s] CopyFiles Build/unityLibrary/src/main/Il2CppOutputProject/IL2CPP/external/baselib/Include/C/Internal/Baselib_Lock_FutexBased.inl.h
[2013/2443  0s] CopyFiles Build/unityLibrary/src/main/Il2CppOutputProject/IL2CPP/external/baselib/Include/C/Internal/Baselib_HighCapacitySemaphore_SemaphoreBased.inl.h
[2014/2443  0s] CopyFiles Build/unityLibrary/src/main/Il2CppOutputProject/IL2CPP/external/baselib/Include/C/Internal/Baselib_HighCapacitySemaphore_FutexBased.inl.h
[2015/2443  0s] CopyFiles Build/unityLibrary/src/main/Il2CppOutputProject/IL2CPP/external/baselib/Include/C/Internal/Baselib_Semaphore_FutexBased.inl.h
[2016/2443  0s] CopyFiles Build/unityLibrary/src/main/Il2CppOutputProject/IL2CPP/external/baselib/Include/C/Internal/Baselib_EventSemaphore_FutexBased.inl.h
[2017/2443  0s] CopyFiles Build/unityLibrary/src/main/Il2CppOutputProject/IL2CPP/external/baselib/Include/C/Internal/Baselib_EnumSizeCheck.h
[2018/2443  0s] CopyFiles Build/unityLibrary/src/main/Il2CppOutputProject/IL2CPP/external/baselib/Include/C/Internal/Baselib_BinarySemaphore_SemaphoreBased.inl.h
[2019/2443  0s] CopyFiles Build/unityLibrary/src/main/Il2CppOutputProject/IL2CPP/external/baselib/Include/C/Internal/Baselib_BinarySemaphore_FutexBased.inl.h
[2020/2443  0s] CopyFiles Build/unityLibrary/src/main/Il2CppOutputProject/IL2CPP/external/baselib/Include/C/Internal/Baselib_CappedSemaphore_SemaphoreBased.inl.h
[2021/2443  0s] CopyFiles Build/unityLibrary/src/main/Il2CppOutputProject/IL2CPP/external/baselib/Include/C/Internal/Baselib_Atomic_Extensions.h
[2022/2443  0s] CopyFiles Build/unityLibrary/src/main/Il2CppOutputProject/IL2CPP/external/baselib/Include/C/Internal/Baselib_CappedSemaphore_FutexBased.inl.h
[2023/2443  0s] CopyFiles Build/unityLibrary/src/main/Il2CppOutputProject/IL2CPP/external/baselib/Include/C/Internal/Baselib_EventSemaphore_SemaphoreBased.inl.h
[2024/2443  0s] CopyFiles Build/unityLibrary/src/main/Il2CppOutputProject/IL2CPP/external/baselib/Include/C/Baselib_Thread.h
[2025/2443  0s] CopyFiles Build/unityLibrary/src/main/Il2CppOutputProject/IL2CPP/external/baselib/Include/C/Baselib_Timer.h
[2026/2443  0s] CopyFiles Build/unityLibrary/src/main/Il2CppOutputProject/IL2CPP/external/baselib/Include/C/Baselib_ThreadLocalStorage.h
[2027/2443  0s] CopyFiles Build/unityLibrary/src/main/Il2CppOutputProject/IL2CPP/external/baselib/Include/C/Baselib_WakeupFallbackStrategy.h
[2028/2443  0s] CopyFiles Build/unityLibrary/src/main/Il2CppOutputProject/IL2CPP/external/baselib/Include/C/Baselib_SystemFutex.h
[2029/2443  0s] CopyFiles Build/unityLibrary/src/main/Il2CppOutputProject/IL2CPP/external/baselib/Include/C/Baselib_SystemSemaphore.h
[2030/2443  0s] CopyFiles Build/unityLibrary/src/main/Il2CppOutputProject/IL2CPP/external/baselib/Include/C/Baselib_Socket.h
[2031/2443  0s] CopyFiles Build/unityLibrary/src/main/Il2CppOutputProject/IL2CPP/external/baselib/Include/C/Baselib_StaticAssert.h
[2032/2443  0s] CopyFiles Build/unityLibrary/src/main/Il2CppOutputProject/IL2CPP/external/baselib/Include/C/Baselib_Semaphore.h
[2033/2443  0s] CopyFiles Build/unityLibrary/src/main/Il2CppOutputProject/IL2CPP/external/baselib/Include/C/Baselib_SourceLocation.h
[2034/2443  0s] CopyFiles Build/unityLibrary/src/main/Il2CppOutputProject/IL2CPP/external/baselib/Include/C/Baselib_ReentrantLock.h
[2035/2443  0s] CopyFiles Build/unityLibrary/src/main/Il2CppOutputProject/IL2CPP/external/baselib/Include/C/Baselib_RegisteredNetwork.h
[2036/2443  0s] CopyFiles Build/unityLibrary/src/main/Il2CppOutputProject/IL2CPP/external/baselib/Include/C/Baselib_Lock.h
[2037/2443  0s] CopyFiles Build/unityLibrary/src/main/Il2CppOutputProject/IL2CPP/external/baselib/Include/C/Baselib_Memory.h
[2038/2443  0s] CopyFiles Build/unityLibrary/src/main/Il2CppOutputProject/IL2CPP/external/baselib/Include/C/Baselib_HostnameLookup.h
[2039/2443  0s] CopyFiles Build/unityLibrary/src/main/Il2CppOutputProject/IL2CPP/external/baselib/Include/C/Baselib_HighCapacitySemaphore.h
[2040/2443  0s] CopyFiles Build/unityLibrary/src/main/Il2CppOutputProject/IL2CPP/external/baselib/Include/C/Baselib_EventSemaphore.h
[2041/2443  0s] CopyFiles Build/unityLibrary/src/main/Il2CppOutputProject/IL2CPP/external/baselib/Include/C/Baselib_ErrorState.h
[2042/2443  0s] CopyFiles Build/unityLibrary/src/main/Il2CppOutputProject/IL2CPP/external/baselib/Include/C/Baselib_FileIO.h
[2043/2443  0s] CopyFiles Build/unityLibrary/src/main/Il2CppOutputProject/IL2CPP/external/baselib/Include/C/Baselib_ErrorCode.h
[2044/2443  0s] CopyFiles Build/unityLibrary/src/main/Il2CppOutputProject/IL2CPP/external/baselib/Include/C/Baselib_Debug.h
[2045/2443  0s] CopyFiles Build/unityLibrary/src/main/Il2CppOutputProject/IL2CPP/external/baselib/Include/C/Baselib_Cpu_Features.h
[2046/2443  0s] CopyFiles Build/unityLibrary/src/main/Il2CppOutputProject/IL2CPP/external/baselib/Include/C/Baselib_Cpu.h
[2047/2443  0s] CopyFiles Build/unityLibrary/src/main/Il2CppOutputProject/IL2CPP/external/baselib/Include/C/Baselib_Process.h
[2048/2443  0s] CopyFiles Build/unityLibrary/src/main/Il2CppOutputProject/IL2CPP/external/baselib/Include/C/Baselib_NetworkAddress.h
[2049/2443  0s] CopyFiles Build/unityLibrary/src/main/Il2CppOutputProject/IL2CPP/external/baselib/Include/C/Baselib_DynamicLibrary.h
[2050/2443  0s] CopyFiles Build/unityLibrary/src/main/Il2CppOutputProject/IL2CPP/external/baselib/Include/C/Baselib_CappedSemaphore.h
[2051/2443  0s] CopyFiles Build/unityLibrary/src/main/Il2CppOutputProject/IL2CPP/external/baselib/Include/C/Baselib_BinarySemaphore.h
[2052/2443  0s] CopyFiles Build/unityLibrary/src/main/Il2CppOutputProject/IL2CPP/external/baselib/Include/C/Baselib_CountdownTimer.h
[2053/2443  0s] CopyFiles Build/unityLibrary/src/main/Il2CppOutputProject/IL2CPP/external/baselib/Include/C/Baselib_Alignment.h
[2054/2443  0s] CopyFiles Build/unityLibrary/src/main/Il2CppOutputProject/IL2CPP/external/baselib/Include/C/Baselib_Atomic_LLSC.h
[2055/2443  0s] CopyFiles Build/unityLibrary/src/main/Il2CppOutputProject/IL2CPP/external/baselib/Include/Baselib.h
[2056/2443  0s] CopyFiles Build/unityLibrary/src/main/Il2CppOutputProject/IL2CPP/external/baselib/Include/C/Baselib_Atomic.h
[2057/2443  0s] CopyFiles Build/unityLibrary/src/main/Il2CppOutputProject/IL2CPP/external/baselib/Include/C/Baselib_Atomic_Macros.h
[2058/2443  0s] CopyFiles Build/unityLibrary/src/main/Il2CppOutputProject/IL2CPP/external/baselib/Include/C/Baselib_Atomic_TypeSafe.h
[2059/2443  0s] CopyFiles Build/unityLibrary/src/main/Il2CppOutputProject/IL2CPP/build/deploy/UnityLinkerOld.runtimeconfig.json
[2060/2443  0s] CopyFiles Build/unityLibrary/src/main/Il2CppOutputProject/IL2CPP/build/deploy/UnityLinkerOld
[2061/2443  0s] CopyFiles Build/unityLibrary/src/main/Il2CppOutputProject/IL2CPP/build/deploy/UnityLinker.runtimeconfig.json
[2062/2443  0s] CopyFiles Build/unityLibrary/src/main/Il2CppOutputProject/IL2CPP/build/deploy/UnityLinkerOld.deps.json
[2063/2443  0s] CopyFiles Build/unityLibrary/src/main/Il2CppOutputProject/IL2CPP/build/deploy/WindowsBase.dll
[2064/2443  0s] CopyFiles Build/unityLibrary/src/main/Il2CppOutputProject/IL2CPP/build/deploy/UnityLinkerOld.pdb
[2065/2443  0s] CopyFiles Build/unityLibrary/src/main/Il2CppOutputProject/IL2CPP/build/deploy/UnityLinker
[2066/2443  0s] CopyFiles Build/unityLibrary/src/main/Il2CppOutputProject/IL2CPP/build/deploy/Unity.TinyProfiler.pdb
[2067/2443  0s] CopyFiles Build/unityLibrary/src/main/Il2CppOutputProject/IL2CPP/build/deploy/Unity.TinyProfiler.dll
[2068/2443  0s] CopyFiles Build/unityLibrary/src/main/Il2CppOutputProject/IL2CPP/build/deploy/UnityLinker.deps.json
[2069/2443  0s] CopyFiles Build/unityLibrary/src/main/Il2CppOutputProject/IL2CPP/build/deploy/Unity.Options.pdb
[2070/2443  0s] CopyFiles Build/unityLibrary/src/main/Il2CppOutputProject/IL2CPP/build/deploy/UnityLinkerOld.dll
[2071/2443  0s] CopyFiles Build/unityLibrary/src/main/Il2CppOutputProject/IL2CPP/build/deploy/UnityLinker.dll
[2072/2443  0s] CopyFiles Build/unityLibrary/src/main/Il2CppOutputProject/IL2CPP/build/deploy/Unity.Linker.Api.Output.xml
[2073/2443  0s] CopyFiles Build/unityLibrary/src/main/Il2CppOutputProject/IL2CPP/build/deploy/UnityLinker.pdb
[2074/2443  0s] CopyFiles Build/unityLibrary/src/main/Il2CppOutputProject/IL2CPP/build/deploy/Unity.Linker.Api.pdb
[2075/2443  0s] CopyFiles Build/unityLibrary/src/main/Il2CppOutputProject/IL2CPP/build/deploy/Unity.Linker.Api.Output.dll
[2076/2443  0s] CopyFiles Build/unityLibrary/src/main/Il2CppOutputProject/IL2CPP/build/deploy/Unity.Linker.Api.dll
[2077/2443  0s] CopyFiles Build/unityLibrary/src/main/Il2CppOutputProject/IL2CPP/build/deploy/Unity.IL2CPP.Shell.dll
[2078/2443  0s] CopyFiles Build/unityLibrary/src/main/Il2CppOutputProject/IL2CPP/build/deploy/Unity.Options.dll
[2079/2443  0s] CopyFiles Build/unityLibrary/src/main/Il2CppOutputProject/IL2CPP/build/deploy/Unity.Linker.Api.Output.pdb
[2080/2443  0s] CopyFiles Build/unityLibrary/src/main/Il2CppOutputProject/IL2CPP/build/deploy/Unity.IL2CPP.Shell.pdb
[2081/2443  0s] CopyFiles Build/unityLibrary/src/main/Il2CppOutputProject/IL2CPP/build/deploy/Unity.IL2CPP.InternalizedMapping.pdb
[2082/2443  0s] CopyFiles Build/unityLibrary/src/main/Il2CppOutputProject/IL2CPP/build/deploy/Unity.IL2CPP.InternalizedMapping.dll
[2083/2443  0s] CopyFiles Build/unityLibrary/src/main/Il2CppOutputProject/IL2CPP/build/deploy/Unity.IL2CPP.CompilerServices.dll
[2084/2443  0s] CopyFiles Build/unityLibrary/src/main/Il2CppOutputProject/IL2CPP/build/deploy/Unity.IL2CPP.CompilerServices.pdb
[2085/2443  0s] CopyFiles Build/unityLibrary/src/main/Il2CppOutputProject/IL2CPP/build/deploy/Unity.IL2CPP.Compile.pdb
[2086/2443  0s] CopyFiles Build/unityLibrary/src/main/Il2CppOutputProject/IL2CPP/build/deploy/Unity.IL2CPP.pdb
[2087/2443  0s] CopyFiles Build/unityLibrary/src/main/Il2CppOutputProject/IL2CPP/build/deploy/Unity.IL2CPP.Compile.dll
[2088/2443  0s] CopyFiles Build/unityLibrary/src/main/Il2CppOutputProject/IL2CPP/build/deploy/Unity.IL2CPP.DataModel.pdb
[2089/2443  0s] CopyFiles Build/unityLibrary/src/main/Il2CppOutputProject/IL2CPP/build/deploy/Unity.IL2CPP.Common.pdb
[2090/2443  0s] CopyFiles Build/unityLibrary/src/main/Il2CppOutputProject/IL2CPP/build/deploy/Unity.IL2CPP.Common35.dll
[2091/2443  0s] CopyFiles Build/unityLibrary/src/main/Il2CppOutputProject/IL2CPP/build/deploy/Unity.IL2CPP.Bee.IL2CPPExeCompileCppBuildProgram.pdb
[2092/2443  0s] CopyFiles Build/unityLibrary/src/main/Il2CppOutputProject/IL2CPP/build/deploy/Unity.IL2CPP.dll
[2093/2443  0s] CopyFiles Build/unityLibrary/src/main/Il2CppOutputProject/IL2CPP/build/deploy/Unity.IL2CPP.Bee.IL2CPPExeCompileCppBuildProgram.dll
[2094/2443  0s] CopyFiles Build/unityLibrary/src/main/Il2CppOutputProject/IL2CPP/build/deploy/Unity.IL2CPP.DataModel.dll
[2095/2443  0s] CopyFiles Build/unityLibrary/src/main/Il2CppOutputProject/IL2CPP/build/deploy/Unity.IL2CPP.Common35.pdb
[2096/2443  0s] CopyFiles Build/unityLibrary/src/main/Il2CppOutputProject/IL2CPP/build/deploy/Unity.IL2CPP.Common.dll
[2097/2443  0s] CopyFiles Build/unityLibrary/src/main/Il2CppOutputProject/IL2CPP/build/deploy/Unity.IL2CPP.Bee.IL2CPPExeCompileCppBuildProgram.Data.dll
[2098/2443  0s] CopyFiles Build/unityLibrary/src/main/Il2CppOutputProject/IL2CPP/build/deploy/Unity.IL2CPP.Bee.IL2CPPExeCompileCppBuildProgram.Data.pdb
[2099/2443  0s] CopyFiles Build/unityLibrary/src/main/Il2CppOutputProject/IL2CPP/build/deploy/Unity.IL2CPP.Bee.BuildLogic.WindowsDesktop.pdb
[2100/2443  0s] CopyFiles Build/unityLibrary/src/main/Il2CppOutputProject/IL2CPP/build/deploy/Unity.IL2CPP.Bee.BuildLogic.VisionOS.pdb
[2101/2443  0s] CopyFiles Build/unityLibrary/src/main/Il2CppOutputProject/IL2CPP/build/deploy/Unity.IL2CPP.Bee.BuildLogic.WindowsDesktop.dll
[2102/2443  0s] CopyFiles Build/unityLibrary/src/main/Il2CppOutputProject/IL2CPP/build/deploy/Unity.IL2CPP.Bee.BuildLogic.WebGL.dll
[2103/2443  0s] CopyFiles Build/unityLibrary/src/main/Il2CppOutputProject/IL2CPP/build/deploy/Unity.IL2CPP.Bee.BuildLogic.VisionOS.dll
[2104/2443  0s] CopyFiles Build/unityLibrary/src/main/Il2CppOutputProject/IL2CPP/build/deploy/Unity.IL2CPP.Bee.BuildLogic.pdb
[2105/2443  0s] CopyFiles Build/unityLibrary/src/main/Il2CppOutputProject/IL2CPP/build/deploy/Unity.IL2CPP.Bee.BuildLogic.WebGL.pdb
[2106/2443  0s] CopyFiles Build/unityLibrary/src/main/Il2CppOutputProject/IL2CPP/build/deploy/Unity.IL2CPP.Bee.BuildLogic.MacOSX.pdb
[2107/2443  0s] CopyFiles Build/unityLibrary/src/main/Il2CppOutputProject/IL2CPP/build/deploy/Unity.IL2CPP.Bee.BuildLogic.UniversalWindows.pdb
[2108/2443  0s] CopyFiles Build/unityLibrary/src/main/Il2CppOutputProject/IL2CPP/build/deploy/Unity.IL2CPP.Bee.BuildLogic.UniversalWindows.dll
[2109/2443  0s] CopyFiles Build/unityLibrary/src/main/Il2CppOutputProject/IL2CPP/build/deploy/Unity.IL2CPP.Bee.BuildLogic.Linux.pdb
[2110/2443  0s] CopyFiles Build/unityLibrary/src/main/Il2CppOutputProject/IL2CPP/build/deploy/Unity.IL2CPP.Bee.BuildLogic.MacOSX.dll
[2111/2443  0s] CopyFiles Build/unityLibrary/src/main/Il2CppOutputProject/IL2CPP/build/deploy/Unity.IL2CPP.Bee.BuildLogic.Linux.dll
[2112/2443  0s] CopyFiles Build/unityLibrary/src/main/Il2CppOutputProject/IL2CPP/build/deploy/Unity.IL2CPP.Bee.BuildLogic.iOS.pdb
[2113/2443  0s] CopyFiles Build/unityLibrary/src/main/Il2CppOutputProject/IL2CPP/build/deploy/Unity.IL2CPP.Bee.BuildLogic.EmbeddedLinux.pdb
[2114/2443  0s] CopyFiles Build/unityLibrary/src/main/Il2CppOutputProject/IL2CPP/build/deploy/Unity.IL2CPP.Bee.BuildLogic.iOS.dll
[2115/2443  0s] CopyFiles Build/unityLibrary/src/main/Il2CppOutputProject/IL2CPP/build/deploy/Unity.IL2CPP.Bee.BuildLogic.EmbeddedLinux.dll
[2116/2443  0s] CopyFiles Build/unityLibrary/src/main/Il2CppOutputProject/IL2CPP/build/deploy/Unity.IL2CPP.Bee.BuildLogic.Android.pdb
[2117/2443  0s] CopyFiles Build/unityLibrary/src/main/Il2CppOutputProject/IL2CPP/build/deploy/Unity.IL2CPP.Bee.BuildLogic.AppleTV.pdb
[2118/2443  0s] CopyFiles Build/unityLibrary/src/main/Il2CppOutputProject/IL2CPP/build/deploy/Unity.IL2CPP.Api.pdb
[2119/2443  0s] CopyFiles Build/unityLibrary/src/main/Il2CppOutputProject/IL2CPP/build/deploy/Unity.IL2CPP.Bee.BuildLogic.Android.dll
[2120/2443  0s] CopyFiles Build/unityLibrary/src/main/Il2CppOutputProject/IL2CPP/build/deploy/Unity.IL2CPP.Bee.BuildLogic.AppleTV.dll
[2121/2443  0s] CopyFiles Build/unityLibrary/src/main/Il2CppOutputProject/IL2CPP/build/deploy/Unity.IL2CPP.Api.Output.xml
[2122/2443  0s] CopyFiles Build/unityLibrary/src/main/Il2CppOutputProject/IL2CPP/build/deploy/Unity.IL2CPP.Bee.BuildLogic.dll
[2123/2443  0s] CopyFiles Build/unityLibrary/src/main/Il2CppOutputProject/IL2CPP/build/deploy/Unity.IL2CPP.Api.Output.dll
[2124/2443  0s] CopyFiles Build/unityLibrary/src/main/Il2CppOutputProject/IL2CPP/build/deploy/Unity.IL2CPP.Api.dll
[2125/2443  0s] CopyFiles Build/unityLibrary/src/main/Il2CppOutputProject/IL2CPP/build/deploy/Unity.IL2CPP.Api.Output.pdb
[2126/2443  0s] CopyFiles Build/unityLibrary/src/main/Il2CppOutputProject/IL2CPP/build/deploy/Unity.Cecil.Visitor.dll
[2127/2443  0s] CopyFiles Build/unityLibrary/src/main/Il2CppOutputProject/IL2CPP/build/deploy/Unity.Cecil.Visitor.pdb
[2128/2443  0s] CopyFiles Build/unityLibrary/src/main/Il2CppOutputProject/IL2CPP/build/deploy/Unity.Api.Attributes.pdb
[2129/2443  0s] CopyFiles Build/unityLibrary/src/main/Il2CppOutputProject/IL2CPP/build/deploy/Unity.Cecil.Awesome.pdb
[2130/2443  0s] CopyFiles Build/unityLibrary/src/main/Il2CppOutputProject/IL2CPP/build/deploy/Unity.Cecil.Awesome.dll
[2131/2443  0s] CopyFiles Build/unityLibrary/src/main/Il2CppOutputProject/IL2CPP/build/deploy/Unity.Api.Attributes.dll
[2132/2443  0s] CopyFiles Build/unityLibrary/src/main/Il2CppOutputProject/IL2CPP/build/deploy/System.Xml.XPath.XDocument.dll
[2133/2443  0s] CopyFiles Build/unityLibrary/src/main/Il2CppOutputProject/IL2CPP/build/deploy/System.Xml.XDocument.dll
[2134/2443  0s] CopyFiles Build/unityLibrary/src/main/Il2CppOutputProject/IL2CPP/build/deploy/System.Xml.XmlDocument.dll
[2135/2443  0s] CopyFiles Build/unityLibrary/src/main/Il2CppOutputProject/IL2CPP/build/deploy/System.Xml.Linq.dll
[2136/2443  0s] CopyFiles Build/unityLibrary/src/main/Il2CppOutputProject/IL2CPP/build/deploy/System.Xml.Serialization.dll
[2137/2443  0s] CopyFiles Build/unityLibrary/src/main/Il2CppOutputProject/IL2CPP/build/deploy/System.Xml.XmlSerializer.dll
[2138/2443  0s] CopyFiles Build/unityLibrary/src/main/Il2CppOutputProject/IL2CPP/build/deploy/System.Xml.XPath.dll
[2139/2443  0s] CopyFiles Build/unityLibrary/src/main/Il2CppOutputProject/IL2CPP/build/deploy/System.Xml.ReaderWriter.dll
[2140/2443  0s] CopyFiles Build/unityLibrary/src/main/Il2CppOutputProject/IL2CPP/build/deploy/System.Xml.dll
[2141/2443  0s] CopyFiles Build/unityLibrary/src/main/Il2CppOutputProject/IL2CPP/build/deploy/System.Windows.dll
[2142/2443  0s] CopyFiles Build/unityLibrary/src/main/Il2CppOutputProject/IL2CPP/build/deploy/System.Web.dll
[2143/2443  0s] CopyFiles Build/unityLibrary/src/main/Il2CppOutputProject/IL2CPP/build/deploy/System.ValueTuple.dll
[2144/2443  0s] CopyFiles Build/unityLibrary/src/main/Il2CppOutputProject/IL2CPP/build/deploy/System.Threading.Timer.dll
[2145/2443  0s] CopyFiles Build/unityLibrary/src/main/Il2CppOutputProject/IL2CPP/build/deploy/System.Transactions.dll
[2146/2443  0s] CopyFiles Build/unityLibrary/src/main/Il2CppOutputProject/IL2CPP/build/deploy/System.Web.HttpUtility.dll
[2147/2443  0s] CopyFiles Build/unityLibrary/src/main/Il2CppOutputProject/IL2CPP/build/deploy/System.Threading.Thread.dll
[2148/2443  0s] CopyFiles Build/unityLibrary/src/main/Il2CppOutputProject/IL2CPP/build/deploy/System.Threading.Tasks.Extensions.dll
[2149/2443  0s] CopyFiles Build/unityLibrary/src/main/Il2CppOutputProject/IL2CPP/build/deploy/System.Threading.ThreadPool.dll
[2150/2443  0s] CopyFiles Build/unityLibrary/src/main/Il2CppOutputProject/IL2CPP/build/deploy/System.Threading.Tasks.dll
[2151/2443  0s] CopyFiles Build/unityLibrary/src/main/Il2CppOutputProject/IL2CPP/build/deploy/System.Transactions.Local.dll
[2152/2443  0s] CopyFiles Build/unityLibrary/src/main/Il2CppOutputProject/IL2CPP/build/deploy/System.Threading.Tasks.Parallel.dll
[2153/2443  0s] CopyFiles Build/unityLibrary/src/main/Il2CppOutputProject/IL2CPP/build/deploy/System.Threading.Overlapped.dll
[2154/2443  0s] CopyFiles Build/unityLibrary/src/main/Il2CppOutputProject/IL2CPP/build/deploy/System.Threading.dll
[2155/2443  0s] CopyFiles Build/unityLibrary/src/main/Il2CppOutputProject/IL2CPP/build/deploy/System.Text.Encoding.Extensions.dll
[2156/2443  0s] CopyFiles Build/unityLibrary/src/main/Il2CppOutputProject/IL2CPP/build/deploy/System.Threading.Channels.dll
[2157/2443  0s] CopyFiles Build/unityLibrary/src/main/Il2CppOutputProject/IL2CPP/build/deploy/System.Text.Encoding.dll
[2158/2443  0s] CopyFiles Build/unityLibrary/src/main/Il2CppOutputProject/IL2CPP/build/deploy/System.ServiceProcess.dll
[2159/2443  0s] CopyFiles Build/unityLibrary/src/main/Il2CppOutputProject/IL2CPP/build/deploy/System.Text.Encodings.Web.dll
[2160/2443  0s] CopyFiles Build/unityLibrary/src/main/Il2CppOutputProject/IL2CPP/build/deploy/System.Security.SecureString.dll
[2161/2443  0s] CopyFiles Build/unityLibrary/src/main/Il2CppOutputProject/IL2CPP/build/deploy/System.Threading.Tasks.Dataflow.dll
[2162/2443  0s] CopyFiles Build/unityLibrary/src/main/Il2CppOutputProject/IL2CPP/build/deploy/System.ServiceModel.Web.dll
[2163/2443  0s] CopyFiles Build/unityLibrary/src/main/Il2CppOutputProject/IL2CPP/build/deploy/System.Security.Principal.Windows.dll
[2164/2443  0s] CopyFiles Build/unityLibrary/src/main/Il2CppOutputProject/IL2CPP/build/deploy/System.Security.dll
[2165/2443  0s] CopyFiles Build/unityLibrary/src/main/Il2CppOutputProject/IL2CPP/build/deploy/System.Text.RegularExpressions.dll
[2166/2443  0s] CopyFiles Build/unityLibrary/src/main/Il2CppOutputProject/IL2CPP/build/deploy/System.Security.Principal.dll
[2167/2443  0s] CopyFiles Build/unityLibrary/src/main/Il2CppOutputProject/IL2CPP/build/deploy/System.Security.Cryptography.X509Certificates.dll
[2168/2443  0s] CopyFiles Build/unityLibrary/src/main/Il2CppOutputProject/IL2CPP/build/deploy/System.Text.Encoding.CodePages.dll
[2169/2443  0s] CopyFiles Build/unityLibrary/src/main/Il2CppOutputProject/IL2CPP/build/deploy/System.Security.Cryptography.Primitives.dll
[2170/2443  0s] CopyFiles Build/unityLibrary/src/main/Il2CppOutputProject/IL2CPP/build/deploy/System.Security.Cryptography.Csp.dll
[2171/2443  0s] CopyFiles Build/unityLibrary/src/main/Il2CppOutputProject/IL2CPP/build/deploy/System.Security.Cryptography.OpenSsl.dll
[2172/2443  0s] CopyFiles Build/unityLibrary/src/main/Il2CppOutputProject/IL2CPP/build/deploy/System.Text.Json.dll
[2173/2443  0s] CopyFiles Build/unityLibrary/src/main/Il2CppOutputProject/IL2CPP/build/deploy/System.Security.Cryptography.Encoding.dll
[2174/2443  0s] CopyFiles Build/unityLibrary/src/main/Il2CppOutputProject/IL2CPP/build/deploy/System.Security.Cryptography.Cng.dll
[2175/2443  0s] CopyFiles Build/unityLibrary/src/main/Il2CppOutputProject/IL2CPP/build/deploy/System.Security.Cryptography.Algorithms.dll
[2176/2443  0s] CopyFiles Build/unityLibrary/src/main/Il2CppOutputProject/IL2CPP/build/deploy/System.Runtime.Serialization.Xml.dll
[2177/2443  0s] CopyFiles Build/unityLibrary/src/main/Il2CppOutputProject/IL2CPP/build/deploy/System.Security.AccessControl.dll
[2178/2443  0s] CopyFiles Build/unityLibrary/src/main/Il2CppOutputProject/IL2CPP/build/deploy/System.Runtime.Serialization.Json.dll
[2179/2443  0s] CopyFiles Build/unityLibrary/src/main/Il2CppOutputProject/IL2CPP/build/deploy/System.Runtime.Serialization.Primitives.dll
[2180/2443  0s] CopyFiles Build/unityLibrary/src/main/Il2CppOutputProject/IL2CPP/build/deploy/System.Security.Claims.dll
[2181/2443  0s] CopyFiles Build/unityLibrary/src/main/Il2CppOutputProject/IL2CPP/build/deploy/System.Runtime.Loader.dll
[2182/2443  0s] CopyFiles Build/unityLibrary/src/main/Il2CppOutputProject/IL2CPP/build/deploy/System.Runtime.Serialization.dll
[2183/2443  0s] CopyFiles Build/unityLibrary/src/main/Il2CppOutputProject/IL2CPP/build/deploy/System.Runtime.Serialization.Formatters.dll
[2184/2443  0s] CopyFiles Build/unityLibrary/src/main/Il2CppOutputProject/IL2CPP/build/deploy/System.Runtime.Intrinsics.dll
[2185/2443  0s] CopyFiles Build/unityLibrary/src/main/Il2CppOutputProject/IL2CPP/build/deploy/System.Runtime.Extensions.dll
[2186/2443  0s] CopyFiles Build/unityLibrary/src/main/Il2CppOutputProject/IL2CPP/build/deploy/System.Runtime.InteropServices.RuntimeInformation.dll
[2187/2443  0s] CopyFiles Build/unityLibrary/src/main/Il2CppOutputProject/IL2CPP/build/deploy/System.Runtime.Handles.dll
[2188/2443  0s] CopyFiles Build/unityLibrary/src/main/Il2CppOutputProject/IL2CPP/build/deploy/System.Runtime.InteropServices.JavaScript.dll
[2189/2443  0s] CopyFiles Build/unityLibrary/src/main/Il2CppOutputProject/IL2CPP/build/deploy/System.Runtime.CompilerServices.Unsafe.dll
[2190/2443  0s] CopyFiles Build/unityLibrary/src/main/Il2CppOutputProject/IL2CPP/build/deploy/System.Runtime.InteropServices.dll
[2191/2443  0s] CopyFiles Build/unityLibrary/src/main/Il2CppOutputProject/IL2CPP/build/deploy/System.Runtime.CompilerServices.VisualC.dll
[2192/2443  0s] CopyFiles Build/unityLibrary/src/main/Il2CppOutputProject/IL2CPP/build/deploy/System.Security.Cryptography.dll
[2193/2443  0s] CopyFiles Build/unityLibrary/src/main/Il2CppOutputProject/IL2CPP/build/deploy/System.Runtime.Numerics.dll
[2194/2443  0s] CopyFiles Build/unityLibrary/src/main/Il2CppOutputProject/IL2CPP/build/deploy/System.Runtime.dll
[2195/2443  0s] CopyFiles Build/unityLibrary/src/main/Il2CppOutputProject/IL2CPP/build/deploy/System.Resources.Reader.dll
[2196/2443  0s] CopyFiles Build/unityLibrary/src/main/Il2CppOutputProject/IL2CPP/build/deploy/System.Resources.Writer.dll
[2197/2443  0s] CopyFiles Build/unityLibrary/src/main/Il2CppOutputProject/IL2CPP/build/deploy/System.Resources.ResourceManager.dll
[2198/2443  0s] CopyFiles Build/unityLibrary/src/main/Il2CppOutputProject/IL2CPP/build/deploy/System.Reflection.Primitives.dll
[2199/2443  0s] CopyFiles Build/unityLibrary/src/main/Il2CppOutputProject/IL2CPP/build/deploy/System.Reflection.Extensions.dll
[2200/2443  0s] CopyFiles Build/unityLibrary/src/main/Il2CppOutputProject/IL2CPP/build/deploy/System.Reflection.TypeExtensions.dll
[2201/2443  0s] CopyFiles Build/unityLibrary/src/main/Il2CppOutputProject/IL2CPP/build/deploy/System.Reflection.Emit.Lightweight.dll
[2202/2443  0s] CopyFiles Build/unityLibrary/src/main/Il2CppOutputProject/IL2CPP/build/deploy/System.Reflection.dll
[2203/2443  0s] CopyFiles Build/unityLibrary/src/main/Il2CppOutputProject/IL2CPP/build/deploy/System.Reflection.Emit.ILGeneration.dll
[2204/2443  0s] CopyFiles Build/unityLibrary/src/main/Il2CppOutputProject/IL2CPP/build/deploy/System.Reflection.DispatchProxy.dll
[2205/2443  0s] CopyFiles Build/unityLibrary/src/main/Il2CppOutputProject/IL2CPP/build/deploy/System.Reflection.Emit.dll
[2206/2443  0s] CopyFiles Build/unityLibrary/src/main/Il2CppOutputProject/IL2CPP/build/deploy/System.Reflection.Metadata.dll
[2207/2443  0s] CopyFiles Build/unityLibrary/src/main/Il2CppOutputProject/IL2CPP/build/deploy/System.Private.Uri.dll
[2208/2443  0s] CopyFiles Build/unityLibrary/src/main/Il2CppOutputProject/IL2CPP/build/deploy/System.Numerics.Vectors.dll
[2209/2443  0s] CopyFiles Build/unityLibrary/src/main/Il2CppOutputProject/IL2CPP/build/deploy/System.Private.Xml.Linq.dll
[2210/2443  0s] CopyFiles Build/unityLibrary/src/main/Il2CppOutputProject/IL2CPP/build/deploy/System.ObjectModel.dll
[2211/2443  0s] CopyFiles Build/unityLibrary/src/main/Il2CppOutputProject/IL2CPP/build/deploy/System.Net.WebProxy.dll
[2212/2443  0s] CopyFiles Build/unityLibrary/src/main/Il2CppOutputProject/IL2CPP/build/deploy/System.Numerics.dll
[2213/2443  0s] CopyFiles Build/unityLibrary/src/main/Il2CppOutputProject/IL2CPP/build/deploy/System.Net.WebSockets.Client.dll
[2214/2443  0s] CopyFiles Build/unityLibrary/src/main/Il2CppOutputProject/IL2CPP/build/deploy/System.Net.WebHeaderCollection.dll
[2215/2443  0s] CopyFiles Build/unityLibrary/src/main/Il2CppOutputProject/IL2CPP/build/deploy/System.Net.WebSockets.dll
[2216/2443  0s] CopyFiles Build/unityLibrary/src/main/Il2CppOutputProject/IL2CPP/build/deploy/System.Net.ServicePoint.dll
[2217/2443  0s] CopyFiles Build/unityLibrary/src/main/Il2CppOutputProject/IL2CPP/build/deploy/System.Private.DataContractSerialization.dll
[2218/2443  0s] CopyFiles Build/unityLibrary/src/main/Il2CppOutputProject/IL2CPP/build/deploy/System.Net.WebClient.dll
[2219/2443  0s] CopyFiles Build/unityLibrary/src/main/Il2CppOutputProject/IL2CPP/build/deploy/System.Net.Primitives.dll
[2220/2443  0s] CopyFiles Build/unityLibrary/src/main/Il2CppOutputProject/IL2CPP/build/deploy/System.Net.Requests.dll
[2221/2443  0s] CopyFiles Build/unityLibrary/src/main/Il2CppOutputProject/IL2CPP/build/deploy/System.Net.Quic.dll
[2222/2443  0s] CopyFiles Build/unityLibrary/src/main/Il2CppOutputProject/IL2CPP/build/deploy/System.Net.Sockets.dll
[2223/2443  0s] CopyFiles Build/unityLibrary/src/main/Il2CppOutputProject/IL2CPP/build/deploy/System.Net.Security.dll
[2224/2443  0s] CopyFiles Build/unityLibrary/src/main/Il2CppOutputProject/IL2CPP/build/deploy/System.Private.Xml.dll
[2225/2443  0s] CopyFiles Build/unityLibrary/src/main/Il2CppOutputProject/IL2CPP/build/deploy/System.Net.Ping.dll
[2226/2443  0s] CopyFiles Build/unityLibrary/src/main/Il2CppOutputProject/IL2CPP/build/deploy/System.Net.NameResolution.dll
[2227/2443  0s] CopyFiles Build/unityLibrary/src/main/Il2CppOutputProject/IL2CPP/build/deploy/System.Net.NetworkInformation.dll
[2228/2443  0s] CopyFiles Build/unityLibrary/src/main/Il2CppOutputProject/IL2CPP/build/deploy/System.Net.Mail.dll
[2229/2443  0s] CopyFiles Build/unityLibrary/src/main/Il2CppOutputProject/IL2CPP/build/deploy/System.Net.dll
[2230/2443  0s] CopyFiles Build/unityLibrary/src/main/Il2CppOutputProject/IL2CPP/build/deploy/System.Net.Http.Json.dll
[2231/2443  0s] CopyFiles Build/unityLibrary/src/main/Il2CppOutputProject/IL2CPP/build/deploy/System.Net.HttpListener.dll
[2232/2443  0s] CopyFiles Build/unityLibrary/src/main/Il2CppOutputProject/IL2CPP/build/deploy/System.Memory.dll
[2233/2443  0s] CopyFiles Build/unityLibrary/src/main/Il2CppOutputProject/IL2CPP/build/deploy/System.Linq.Queryable.dll
[2234/2443  0s] CopyFiles Build/unityLibrary/src/main/Il2CppOutputProject/IL2CPP/build/deploy/System.IO.UnmanagedMemoryStream.dll
[2235/2443  0s] CopyFiles Build/unityLibrary/src/main/Il2CppOutputProject/IL2CPP/build/deploy/System.Private.CoreLib.dll
[2236/2443  0s] CopyFiles Build/unityLibrary/src/main/Il2CppOutputProject/IL2CPP/build/deploy/System.IO.Pipes.AccessControl.dll
[2237/2443  0s] CopyFiles Build/unityLibrary/src/main/Il2CppOutputProject/IL2CPP/build/deploy/System.Net.Http.dll
[2238/2443  0s] CopyFiles Build/unityLibrary/src/main/Il2CppOutputProject/IL2CPP/build/deploy/System.Linq.Parallel.dll
[2239/2443  0s] CopyFiles Build/unityLibrary/src/main/Il2CppOutputProject/IL2CPP/build/deploy/System.IO.Pipes.dll
[2240/2443  0s] CopyFiles Build/unityLibrary/src/main/Il2CppOutputProject/IL2CPP/build/deploy/System.IO.FileSystem.Primitives.dll
[2241/2443  0s] CopyFiles Build/unityLibrary/src/main/Il2CppOutputProject/IL2CPP/build/deploy/System.Linq.dll
[2242/2443  0s] CopyFiles Build/unityLibrary/src/main/Il2CppOutputProject/IL2CPP/build/deploy/System.IO.Pipelines.dll
[2243/2443  0s] CopyFiles Build/unityLibrary/src/main/Il2CppOutputProject/IL2CPP/build/deploy/System.IO.MemoryMappedFiles.dll
[2244/2443  0s] CopyFiles Build/unityLibrary/src/main/Il2CppOutputProject/IL2CPP/build/deploy/System.IO.IsolatedStorage.dll
[2245/2443  0s] CopyFiles Build/unityLibrary/src/main/Il2CppOutputProject/IL2CPP/build/deploy/System.IO.FileSystem.dll
[2246/2443  0s] CopyFiles Build/unityLibrary/src/main/Il2CppOutputProject/IL2CPP/build/deploy/System.IO.FileSystem.Watcher.dll
[2247/2443  0s] CopyFiles Build/unityLibrary/src/main/Il2CppOutputProject/IL2CPP/build/deploy/System.IO.dll
[2248/2443  0s] CopyFiles Build/unityLibrary/src/main/Il2CppOutputProject/IL2CPP/build/deploy/System.IO.Compression.FileSystem.dll
[2249/2443  0s] CopyFiles Build/unityLibrary/src/main/Il2CppOutputProject/IL2CPP/build/deploy/System.IO.FileSystem.DriveInfo.dll
[2250/2443  0s] CopyFiles Build/unityLibrary/src/main/Il2CppOutputProject/IL2CPP/build/deploy/System.IO.FileSystem.AccessControl.dll
[2251/2443  0s] CopyFiles Build/unityLibrary/src/main/Il2CppOutputProject/IL2CPP/build/deploy/System.IO.Compression.ZipFile.dll
[2252/2443  0s] CopyFiles Build/unityLibrary/src/main/Il2CppOutputProject/IL2CPP/build/deploy/System.IO.Compression.Brotli.dll
[2253/2443  0s] CopyFiles Build/unityLibrary/src/main/Il2CppOutputProject/IL2CPP/build/deploy/System.Globalization.Extensions.dll
[2254/2443  0s] CopyFiles Build/unityLibrary/src/main/Il2CppOutputProject/IL2CPP/build/deploy/System.Globalization.dll
[2255/2443  0s] CopyFiles Build/unityLibrary/src/main/Il2CppOutputProject/IL2CPP/build/deploy/System.IO.Compression.dll
[2256/2443  0s] CopyFiles Build/unityLibrary/src/main/Il2CppOutputProject/IL2CPP/build/deploy/System.Globalization.Calendars.dll
[2257/2443  0s] CopyFiles Build/unityLibrary/src/main/Il2CppOutputProject/IL2CPP/build/deploy/System.Linq.Expressions.dll
[2258/2443  0s] CopyFiles Build/unityLibrary/src/main/Il2CppOutputProject/IL2CPP/build/deploy/System.Drawing.Primitives.dll
[2259/2443  0s] CopyFiles Build/unityLibrary/src/main/Il2CppOutputProject/IL2CPP/build/deploy/System.Diagnostics.Tracing.dll
[2260/2443  0s] CopyFiles Build/unityLibrary/src/main/Il2CppOutputProject/IL2CPP/build/deploy/System.Dynamic.Runtime.dll
[2261/2443  0s] CopyFiles Build/unityLibrary/src/main/Il2CppOutputProject/IL2CPP/build/deploy/System.Drawing.dll
[2262/2443  0s] CopyFiles Build/unityLibrary/src/main/Il2CppOutputProject/IL2CPP/build/deploy/System.dll
[2263/2443  0s] CopyFiles Build/unityLibrary/src/main/Il2CppOutputProject/IL2CPP/build/deploy/System.Formats.Asn1.dll
[2264/2443  0s] CopyFiles Build/unityLibrary/src/main/Il2CppOutputProject/IL2CPP/build/deploy/System.Diagnostics.StackTrace.dll
[2265/2443  0s] CopyFiles Build/unityLibrary/src/main/Il2CppOutputProject/IL2CPP/build/deploy/System.Diagnostics.Tools.dll
[2266/2443  0s] CopyFiles Build/unityLibrary/src/main/Il2CppOutputProject/IL2CPP/build/deploy/System.Formats.Tar.dll
[2267/2443  0s] CopyFiles Build/unityLibrary/src/main/Il2CppOutputProject/IL2CPP/build/deploy/System.Diagnostics.TextWriterTraceListener.dll
[2268/2443  0s] CopyFiles Build/unityLibrary/src/main/Il2CppOutputProject/IL2CPP/build/deploy/System.Diagnostics.TraceSource.dll
[2269/2443  0s] CopyFiles Build/unityLibrary/src/main/Il2CppOutputProject/IL2CPP/build/deploy/System.Diagnostics.Debug.dll
[2270/2443  0s] CopyFiles Build/unityLibrary/src/main/Il2CppOutputProject/IL2CPP/build/deploy/System.Diagnostics.Contracts.dll
[2271/2443  0s] CopyFiles Build/unityLibrary/src/main/Il2CppOutputProject/IL2CPP/build/deploy/System.Diagnostics.FileVersionInfo.dll
[2272/2443  0s] CopyFiles Build/unityLibrary/src/main/Il2CppOutputProject/IL2CPP/build/deploy/System.Data.DataSetExtensions.dll
[2273/2443  0s] CopyFiles Build/unityLibrary/src/main/Il2CppOutputProject/IL2CPP/build/deploy/System.Core.dll
[2274/2443  0s] CopyFiles Build/unityLibrary/src/main/Il2CppOutputProject/IL2CPP/build/deploy/System.Data.dll
[2275/2443  0s] CopyFiles Build/unityLibrary/src/main/Il2CppOutputProject/IL2CPP/build/deploy/System.Diagnostics.Process.dll
[2276/2443  0s] CopyFiles Build/unityLibrary/src/main/Il2CppOutputProject/IL2CPP/build/deploy/System.Diagnostics.DiagnosticSource.dll
[2277/2443  0s] CopyFiles Build/unityLibrary/src/main/Il2CppOutputProject/IL2CPP/build/deploy/System.Configuration.dll
[2278/2443  0s] CopyFiles Build/unityLibrary/src/main/Il2CppOutputProject/IL2CPP/build/deploy/System.ComponentModel.dll
[2279/2443  0s] CopyFiles Build/unityLibrary/src/main/Il2CppOutputProject/IL2CPP/build/deploy/System.ComponentModel.EventBasedAsync.dll
[2280/2443  0s] CopyFiles Build/unityLibrary/src/main/Il2CppOutputProject/IL2CPP/build/deploy/System.ComponentModel.DataAnnotations.dll
[2281/2443  0s] CopyFiles Build/unityLibrary/src/main/Il2CppOutputProject/IL2CPP/build/deploy/System.ComponentModel.Primitives.dll
[2282/2443  0s] CopyFiles Build/unityLibrary/src/main/Il2CppOutputProject/IL2CPP/build/deploy/System.Console.dll
[2283/2443  0s] CopyFiles Build/unityLibrary/src/main/Il2CppOutputProject/IL2CPP/build/deploy/System.Collections.Specialized.dll
[2284/2443  0s] CopyFiles Build/unityLibrary/src/main/Il2CppOutputProject/IL2CPP/build/deploy/System.ComponentModel.Annotations.dll
[2285/2443  0s] CopyFiles Build/unityLibrary/src/main/Il2CppOutputProject/IL2CPP/build/deploy/System.ComponentModel.TypeConverter.dll
[2286/2443  0s] CopyFiles Build/unityLibrary/src/main/Il2CppOutputProject/IL2CPP/build/deploy/System.Buffers.dll
[2287/2443  0s] CopyFiles Build/unityLibrary/src/main/Il2CppOutputProject/IL2CPP/build/deploy/System.Collections.NonGeneric.dll
[2288/2443  0s] CopyFiles Build/unityLibrary/src/main/Il2CppOutputProject/IL2CPP/build/deploy/System.AppContext.dll
[2289/2443  0s] CopyFiles Build/unityLibrary/src/main/Il2CppOutputProject/IL2CPP/build/deploy/System.Data.Common.dll
[2290/2443  0s] CopyFiles Build/unityLibrary/src/main/Il2CppOutputProject/IL2CPP/build/deploy/System.Collections.Concurrent.dll
[2291/2443  0s] CopyFiles Build/unityLibrary/src/main/Il2CppOutputProject/IL2CPP/build/deploy/NiceIO.pdb
[2292/2443  0s] CopyFiles Build/unityLibrary/src/main/Il2CppOutputProject/IL2CPP/build/deploy/System.Collections.dll
[2293/2443  0s] CopyFiles Build/unityLibrary/src/main/Il2CppOutputProject/IL2CPP/build/deploy/System.Collections.Immutable.dll
[2294/2443  0s] CopyFiles Build/unityLibrary/src/main/Il2CppOutputProject/IL2CPP/build/deploy/NiceIO.dll
[2295/2443  0s] CopyFiles Build/unityLibrary/src/main/Il2CppOutputProject/IL2CPP/build/deploy/SharpYaml.dll
[2296/2443  0s] CopyFiles Build/unityLibrary/src/main/Il2CppOutputProject/IL2CPP/build/deploy/Mono.Cecil.Rocks.pdb
[2297/2443  0s] CopyFiles Build/unityLibrary/src/main/Il2CppOutputProject/IL2CPP/build/deploy/netstandard.dll
[2298/2443  0s] CopyFiles Build/unityLibrary/src/main/Il2CppOutputProject/IL2CPP/build/deploy/monolinkerold.dll
[2299/2443  0s] CopyFiles Build/unityLibrary/src/main/Il2CppOutputProject/IL2CPP/build/deploy/Mono.Cecil.Pdb.pdb
[2300/2443  0s] CopyFiles Build/unityLibrary/src/main/Il2CppOutputProject/IL2CPP/build/deploy/Mono.Cecil.Rocks.dll
[2301/2443  0s] CopyFiles Build/unityLibrary/src/main/Il2CppOutputProject/IL2CPP/build/deploy/mscorlib.dll
[2302/2443  0s] CopyFiles Build/unityLibrary/src/main/Il2CppOutputProject/IL2CPP/build/deploy/monolinkerold.pdb
[2303/2443  0s] CopyFiles Build/unityLibrary/src/main/Il2CppOutputProject/IL2CPP/build/deploy/Mono.Cecil.Mdb.pdb
[2304/2443  0s] CopyFiles Build/unityLibrary/src/main/Il2CppOutputProject/IL2CPP/build/deploy/Newtonsoft.Json.dll
[2305/2443  0s] CopyFiles Build/unityLibrary/src/main/Il2CppOutputProject/IL2CPP/build/deploy/Mono.Cecil.Pdb.dll
[2306/2443  0s] CopyFiles Build/unityLibrary/src/main/Il2CppOutputProject/IL2CPP/build/deploy/Mono.Cecil.Mdb.dll
[2307/2443  0s] CopyFiles Build/unityLibrary/src/main/Il2CppOutputProject/IL2CPP/build/deploy/Mono.Cecil.pdb
[2308/2443  0s] CopyFiles Build/unityLibrary/src/main/Il2CppOutputProject/IL2CPP/build/deploy/Microsoft.Win32.Primitives.dll
[2309/2443  0s] CopyFiles Build/unityLibrary/src/main/Il2CppOutputProject/IL2CPP/build/deploy/Microsoft.VisualBasic.dll
[2310/2443  0s] CopyFiles Build/unityLibrary/src/main/Il2CppOutputProject/IL2CPP/build/deploy/Microsoft.Bcl.HashCode.dll
[2311/2443  0s] CopyFiles Build/unityLibrary/src/main/Il2CppOutputProject/IL2CPP/build/deploy/Microsoft.Win32.Registry.dll
[2312/2443  0s] CopyFiles Build/unityLibrary/src/main/Il2CppOutputProject/IL2CPP/build/deploy/Mono.Cecil.dll
[2313/2443  0s] CopyFiles Build/unityLibrary/src/main/Il2CppOutputProject/IL2CPP/build/deploy/libSystem.Security.Cryptography.Native.OpenSsl.dylib
[2314/2443  0s] CopyFiles Build/unityLibrary/src/main/Il2CppOutputProject/IL2CPP/build/deploy/MemoryPack.Core.dll
[2315/2443  0s] CopyFiles Build/unityLibrary/src/main/Il2CppOutputProject/IL2CPP/build/deploy/libSystem.Security.Cryptography.Native.Apple.dylib
[2316/2443  0s] CopyFiles Build/unityLibrary/src/main/Il2CppOutputProject/IL2CPP/build/deploy/libSystem.Native.dylib
[2317/2443  0s] CopyFiles Build/unityLibrary/src/main/Il2CppOutputProject/IL2CPP/build/deploy/libSystem.Net.Security.Native.dylib
[2318/2443  0s] CopyFiles Build/unityLibrary/src/main/Il2CppOutputProject/IL2CPP/build/deploy/Microsoft.CSharp.dll
[2319/2443  0s] CopyFiles Build/unityLibrary/src/main/Il2CppOutputProject/IL2CPP/build/deploy/Microsoft.VisualBasic.Core.dll
[2320/2443  0s] CopyFiles Build/unityLibrary/src/main/Il2CppOutputProject/IL2CPP/build/deploy/libSystem.IO.Compression.Native.dylib
[2321/2443  0s] CopyFiles Build/unityLibrary/src/main/Il2CppOutputProject/IL2CPP/build/deploy/libSystem.Globalization.Native.dylib
[2322/2443  0s] CopyFiles Build/unityLibrary/src/main/Il2CppOutputProject/IL2CPP/build/deploy/libmscordbi.dylib
[2323/2443  0s] CopyFiles Build/unityLibrary/src/main/Il2CppOutputProject/IL2CPP/build/deploy/libhostpolicy.dylib
[2324/2443  0s] CopyFiles Build/unityLibrary/src/main/Il2CppOutputProject/IL2CPP/build/deploy/libmscordaccore.dylib
[2325/2443  0s] CopyFiles Build/unityLibrary/src/main/Il2CppOutputProject/IL2CPP/build/deploy/libcoreclr.dylib
[2326/2443  0s] CopyFiles Build/unityLibrary/src/main/Il2CppOutputProject/IL2CPP/build/deploy/libhostfxr.dylib
[2327/2443  0s] CopyFiles Build/unityLibrary/src/main/Il2CppOutputProject/IL2CPP/build/deploy/libclrgcexp.dylib
[2328/2443  0s] CopyFiles Build/unityLibrary/src/main/Il2CppOutputProject/IL2CPP/build/deploy/libclrgc.dylib
[2329/2443  0s] CopyFiles Build/unityLibrary/src/main/Il2CppOutputProject/IL2CPP/build/deploy/JetBrains.Profiler.Api.dll
[2330/2443  0s] CopyFiles Build/unityLibrary/src/main/Il2CppOutputProject/IL2CPP/build/deploy/libclrjit.dylib
[2331/2443  0s] CopyFiles Build/unityLibrary/src/main/Il2CppOutputProject/IL2CPP/build/deploy/il2cpp.runtimeconfig.json
[2332/2443  0s] CopyFiles Build/unityLibrary/src/main/Il2CppOutputProject/IL2CPP/build/deploy/illink.pdb
[2333/2443  0s] CopyFiles Build/unityLibrary/src/main/Il2CppOutputProject/IL2CPP/build/deploy/il2cpp.dll.config
[2334/2443  0s] CopyFiles Build/unityLibrary/src/main/Il2CppOutputProject/IL2CPP/build/deploy/il2cpp.deps.json
[2335/2443  0s] CopyFiles Build/unityLibrary/src/main/Il2CppOutputProject/IL2CPP/build/deploy/il2cpp-compile.runtimeconfig.json
[2336/2443  0s] CopyFiles Build/unityLibrary/src/main/Il2CppOutputProject/IL2CPP/build/deploy/il2cpp.dll
[2337/2443  0s] CopyFiles Build/unityLibrary/src/main/Il2CppOutputProject/IL2CPP/build/deploy/il2cpp-compile
[2338/2443  0s] CopyFiles Build/unityLibrary/src/main/Il2CppOutputProject/IL2CPP/build/deploy/il2cpp-compile.pdb
[2339/2443  0s] CopyFiles Build/unityLibrary/src/main/Il2CppOutputProject/IL2CPP/build/deploy/il2cpp-compile.dll
[2340/2443  0s] CopyFiles Build/unityLibrary/src/main/Il2CppOutputProject/IL2CPP/build/deploy/createdump
[2341/2443  0s] CopyFiles Build/unityLibrary/src/main/Il2CppOutputProject/IL2CPP/build/deploy/il2cpp
[2342/2443  0s] CopyFiles Build/unityLibrary/src/main/Il2CppOutputProject/IL2CPP/build/deploy/il2cpp.pdb
[2343/2443  0s] CopyFiles Build/unityLibrary/src/main/Il2CppOutputProject/IL2CPP/build/deploy/bee_backend/mac-arm64/bee_backend
[2344/2443  0s] CopyFiles Build/unityLibrary/src/main/Il2CppOutputProject/IL2CPP/build/deploy/il2cpp-compile.deps.json
[2345/2443  0s] CopyFiles Build/unityLibrary/src/main/Il2CppOutputProject/IL2CPP/build/deploy/Bee.TundraBackend.dll
[2346/2443  0s] CopyFiles Build/unityLibrary/src/main/Il2CppOutputProject/IL2CPP/build/deploy/Bee.VisualStudioSolution.pdb
[2347/2443  0s] CopyFiles Build/unityLibrary/src/main/Il2CppOutputProject/IL2CPP/build/deploy/illink.dll
[2348/2443  0s] CopyFiles Build/unityLibrary/src/main/Il2CppOutputProject/IL2CPP/build/deploy/Bee.VisualStudioSolution.dll
[2349/2443  0s] CopyFiles Build/unityLibrary/src/main/Il2CppOutputProject/IL2CPP/build/deploy/Bee.Tools.pdb
[2350/2443  0s] CopyFiles Build/unityLibrary/src/main/Il2CppOutputProject/IL2CPP/build/deploy/Bee.TundraBackend.pdb
[2351/2443  0s] CopyFiles Build/unityLibrary/src/main/Il2CppOutputProject/IL2CPP/build/deploy/Bee.Toolchain.Xcode.pdb
[2352/2443  0s] CopyFiles Build/unityLibrary/src/main/Il2CppOutputProject/IL2CPP/build/deploy/Bee.Toolchain.Windows.pdb
[2353/2443  0s] CopyFiles Build/unityLibrary/src/main/Il2CppOutputProject/IL2CPP/build/deploy/Bee.Tools.dll
[2354/2443  0s] CopyFiles Build/unityLibrary/src/main/Il2CppOutputProject/IL2CPP/build/deploy/Bee.Toolchain.Windows.dll
[2355/2443  0s] CopyFiles Build/unityLibrary/src/main/Il2CppOutputProject/IL2CPP/build/deploy/Bee.Toolchain.Xcode.dll
[2356/2443  0s] CopyFiles Build/unityLibrary/src/main/Il2CppOutputProject/IL2CPP/build/deploy/Bee.Toolchain.VisualStudio.pdb
[2357/2443  0s] CopyFiles Build/unityLibrary/src/main/Il2CppOutputProject/IL2CPP/build/deploy/Bee.Toolchain.VisionOS.dll
[2358/2443  0s] CopyFiles Build/unityLibrary/src/main/Il2CppOutputProject/IL2CPP/build/deploy/Bee.Toolchain.VisionOS.pdb
[2359/2443  0s] CopyFiles Build/unityLibrary/src/main/Il2CppOutputProject/IL2CPP/build/deploy/Bee.Toolchain.UWP.pdb
[2360/2443  0s] CopyFiles Build/unityLibrary/src/main/Il2CppOutputProject/IL2CPP/build/deploy/Bee.Toolchain.VisualStudio.dll
[2361/2443  0s] CopyFiles Build/unityLibrary/src/main/Il2CppOutputProject/IL2CPP/build/deploy/Bee.Toolchain.UWP.dll
[2362/2443  0s] CopyFiles Build/unityLibrary/src/main/Il2CppOutputProject/IL2CPP/build/deploy/Bee.Toolchain.TvOS.pdb
[2363/2443  0s] CopyFiles Build/unityLibrary/src/main/Il2CppOutputProject/IL2CPP/build/deploy/Bee.Toolchain.TvOS.dll
[2364/2443  0s] CopyFiles Build/unityLibrary/src/main/Il2CppOutputProject/IL2CPP/build/deploy/Bee.Toolchain.MacOS.pdb
[2365/2443  0s] CopyFiles Build/unityLibrary/src/main/Il2CppOutputProject/IL2CPP/build/deploy/Bee.Toolchain.MacOS.dll
[2366/2443  0s] CopyFiles Build/unityLibrary/src/main/Il2CppOutputProject/IL2CPP/build/deploy/Bee.Toolchain.Linux.pdb
[2367/2443  0s] CopyFiles Build/unityLibrary/src/main/Il2CppOutputProject/IL2CPP/build/deploy/Bee.Toolchain.LLVM.dll
[2368/2443  0s] CopyFiles Build/unityLibrary/src/main/Il2CppOutputProject/IL2CPP/build/deploy/Bee.Toolchain.LLVM.pdb
[2369/2443  0s] CopyFiles Build/unityLibrary/src/main/Il2CppOutputProject/IL2CPP/build/deploy/Bee.Toolchain.GNU.pdb
[2370/2443  0s] CopyFiles Build/unityLibrary/src/main/Il2CppOutputProject/IL2CPP/build/deploy/Bee.Toolchain.Linux.dll
[2371/2443  0s] CopyFiles Build/unityLibrary/src/main/Il2CppOutputProject/IL2CPP/build/deploy/Bee.Toolchain.IOS.dll
[2372/2443  0s] CopyFiles Build/unityLibrary/src/main/Il2CppOutputProject/IL2CPP/build/deploy/Bee.Toolchain.IOS.pdb
[2373/2443  0s] CopyFiles Build/unityLibrary/src/main/Il2CppOutputProject/IL2CPP/build/deploy/Bee.Toolchain.EmbeddedLinux.pdb
[2374/2443  0s] CopyFiles Build/unityLibrary/src/main/Il2CppOutputProject/IL2CPP/build/deploy/Bee.Toolchain.Android.pdb
[2375/2443  0s] CopyFiles Build/unityLibrary/src/main/Il2CppOutputProject/IL2CPP/build/deploy/Bee.Toolchain.EmbeddedLinux.dll
[2376/2443  0s] CopyFiles Build/unityLibrary/src/main/Il2CppOutputProject/IL2CPP/build/deploy/Bee.Toolchain.Emscripten.pdb
[2377/2443  0s] CopyFiles Build/unityLibrary/src/main/Il2CppOutputProject/IL2CPP/build/deploy/Bee.TinyProfiler2.pdb
[2378/2443  0s] CopyFiles Build/unityLibrary/src/main/Il2CppOutputProject/IL2CPP/build/deploy/Bee.Toolchain.Emscripten.dll
[2379/2443  0s] CopyFiles Build/unityLibrary/src/main/Il2CppOutputProject/IL2CPP/build/deploy/Bee.TinyProfiler2.dll
[2380/2443  0s] CopyFiles Build/unityLibrary/src/main/Il2CppOutputProject/IL2CPP/build/deploy/Bee.Toolchain.GNU.dll
[2381/2443  0s] CopyFiles Build/unityLibrary/src/main/Il2CppOutputProject/IL2CPP/build/deploy/Bee.Telemetry.dll
[2382/2443  0s] CopyFiles Build/unityLibrary/src/main/Il2CppOutputProject/IL2CPP/build/deploy/Bee.Toolchain.Android.dll
[2383/2443  0s] CopyFiles Build/unityLibrary/src/main/Il2CppOutputProject/IL2CPP/build/deploy/Bee.Telemetry.pdb
[2384/2443  0s] CopyFiles Build/unityLibrary/src/main/Il2CppOutputProject/IL2CPP/build/deploy/Bee.NativeProgramSupport.pdb
[2385/2443  0s] CopyFiles Build/unityLibrary/src/main/Il2CppOutputProject/IL2CPP/build/deploy/Bee.Stevedore.Program.pdb
[2386/2443  0s] CopyFiles Build/unityLibrary/src/main/Il2CppOutputProject/IL2CPP/build/deploy/Bee.Stevedore.Program.dll
[2387/2443  0s] CopyFiles Build/unityLibrary/src/main/Il2CppOutputProject/IL2CPP/build/deploy/Bee.BinLog.xml
[2388/2443  0s] CopyFiles Build/unityLibrary/src/main/Il2CppOutputProject/IL2CPP/build/deploy/Bee.Core.pdb
[2389/2443  0s] CopyFiles Build/unityLibrary/src/main/Il2CppOutputProject/IL2CPP/build/deploy/Bee.BuildGraph.dll
[2390/2443  0s] CopyFiles Build/unityLibrary/src/main/Il2CppOutputProject/IL2CPP/build/deploy/Bee.BuildGraph.pdb
[2391/2443  0s] CopyFiles Build/unityLibrary/src/main/Il2CppOutputProject/IL2CPP/build/deploy/Bee.BinLog.pdb
[2392/2443  0s] CopyFiles Build/unityLibrary/src/main/Il2CppOutputProject/IL2CPP/build/deploy/Bee.NativeProgramSupport.dll
[2393/2443  0s] CopyFiles Build/unityLibrary/src/main/Il2CppOutputProject/IL2CPP/build/deploy/Bee.BinLog.dll
[2394/2443  0s] CopyFiles Build/unityLibrary/src/main/Il2CppOutputProject/IL2CPP/build/deploy/Analytics.runtimeconfig.json
[2395/2443  0s] CopyFiles Build/unityLibrary/src/main/Il2CppOutputProject/IL2CPP/build/deploy/Analytics.pdb
[2396/2443  0s] CopyFiles Build/unityLibrary/src/main/Il2CppOutputProject/IL2CPP/build/deploy/Bee.BeeDriver2.pdb
[2397/2443  0s] CopyFiles Build/unityLibrary/src/main/Il2CppOutputProject/IL2CPP/build/deploy/Bee.Core.dll
[2398/2443  0s] CopyFiles Build/unityLibrary/src/main/Il2CppOutputProject/IL2CPP/build/deploy/Analytics.Api.Output.xml
[2399/2443  0s] CopyFiles Build/unityLibrary/src/main/Il2CppOutputProject/IL2CPP/build/deploy/Analytics.Api.Output.dll
[2400/2443  0s] CopyFiles Build/unityLibrary/src/main/Il2CppOutputProject/IL2CPP/build/deploy/Analytics.deps.json
[2401/2443  0s] CopyFiles Build/unityLibrary/src/main/Il2CppOutputProject/IL2CPP/build/deploy/Analytics
[2402/2443  0s] CopyFiles Build/unityLibrary/src/main/Il2CppOutputProject/IL2CPP/build/deploy/Analytics.Api.Output.pdb
[2403/2443  0s] CopyFiles Build/unityLibrary/src/main/Il2CppOutputProject/IL2CPP/build/deploy/Analytics.dll
[2404/2443  0s] CopyFiles Build/unityLibrary/src/main/jniStaticLibs/arm64-v8a/baselib.a
[2405/2443  0s] CopyFiles Build/unityLibrary/src/main/jniStaticLibs/armeabi-v7a/baselib.a
[2406/2443  0s] CopyFiles Build/launcher/src/main/res/mipmap-anydpi-v26/app_icon.xml
[2407/2443  0s] CopyFiles Build/unityLibrary/src/main/assets/bin/Data/ScriptingAssemblies.json
[2408/2443  0s] CopyFiles Build/unityLibrary/src/main/Il2CppOutputProject/IL2CPP/build/deploy/Bee.BeeDriver2.dll
[2409/2443  0s] CopyFiles Build/unityLibrary/src/main/assets/bin/Data/Resources/unity_builtin_extra
[2410/2443  0s] CopyFiles Build/unityLibrary/src/main/assets/bin/Data/RuntimeInitializeOnLoads.json
[2411/2443  0s] CopyFiles Build/launcher/src/main/res/mipmap-anydpi-v26/app_icon_round.xml
[2412/2443  0s] WriteText Build/unityLibrary/src/main/resources/META-INF/com.android.games.engine.build_fingerprint
[2413/2443  0s] CopyFiles Build/unityLibrary/src/main/assets/bin/Data/globalgamemanagers
[2414/2443  0s] CopyFiles Build/launcher/src/main/res/mipmap-mdpi/app_icon.png
[2415/2443  0s] CopyFiles Build/launcher/src/main/res/mipmap-mdpi/ic_launcher_background.png
[2416/2443  0s] CopyFiles Build/launcher/src/main/res/mipmap-mdpi/ic_launcher_foreground.png
[2417/2443  2s] UnityLinker /Users/ashupathak/Documents/Sagar/MusicPlayer/UnityGame/Library/Bee/artifacts/unitylinker_xy1a.traceevents
/Applications/Unity/Hub/Editor/6000.5.1f1/Unity.app/Contents/Resources/Scripting/il2cpp/build/deploy/UnityLinker --out=Library/Bee/artifacts/Android/ManagedStripped --include-link-xml=/Users/ashupathak/Documents/Sagar/MusicPlayer/UnityGame/Library/Bee/artifacts/UnityLinkerInputs/TypesInScenes.xml --include-link-xml=/Users/ashupathak/Documents/Sagar/MusicPlayer/UnityGame/Library/Bee/artifacts/UnityLinkerInputs/SerializedTypes.xml --include-link-xml=/Applications/Unity/Hub/Editor/6000.5.1f1/PlaybackEngines/AndroidPlayer/Tools/AndroidNativeLink.xml --include-directory=/Users/ashupathak/Documents/Sagar/MusicPlayer/UnityGame/Library/Bee/PlayerScriptAssemblies --include-directory=/Applications/Unity/Hub/Editor/6000.5.1f1/Unity.app/Contents/Resources/Scripting/BCLExtensions/runtime/netstandard2.1 --include-directory=/Applications/Unity/Hub/Editor/6000.5.1f1/Unity.app/Contents/Resources/Scripting/MonoBleedingEdge/lib/mono/unityaot-linux --include-directory=/Applications/Unity/Hub/Editor/6000.5.1f1/Unity.app/Contents/Resources/Scripting/MonoBleedingEdge/lib/mono/unityaot-linux/Facades --include-directory=/Applications/Unity/Hub/Editor/6000.5.1f1/PlaybackEngines/AndroidPlayer/Variations/il2cpp/Managed --profiler-report --profiler-output-file=/Users/ashupathak/Documents/Sagar/MusicPlayer/UnityGame/Library/Bee/artifacts/unitylinker_xy1a.traceevents --dotnetprofile=unityaot-linux --dotnetruntime=Il2Cpp --architecture=Armv7 --platform=Android --use-editor-options --enable-engine-module-stripping --engine-modules-asset-file=/Applications/Unity/Hub/Editor/6000.5.1f1/PlaybackEngines/AndroidPlayer/modules.asset --editor-data-file=/Users/ashupathak/Documents/Sagar/MusicPlayer/UnityGame/Library/Bee/artifacts/UnityLinkerInputs/EditorToUnityLinkerData.json --include-unity-root-assembly=/Users/ashupathak/Documents/Sagar/MusicPlayer/UnityGame/Library/Bee/PlayerScriptAssemblies/Assembly-CSharp.dll --include-unity-root-assembly=/Users/ashupathak/Documents/Sagar/MusicPlayer/UnityGame/Library/Bee/PlayerScriptAssemblies/Unity.TextMeshPro.dll --include-unity-root-assembly=/Users/ashupathak/Documents/Sagar/MusicPlayer/UnityGame/Library/Bee/PlayerScriptAssemblies/UnityEngine.UI.dll --print-command-line --enable-analytics --allowed-assembly=/Applications/Unity/Hub/Editor/6000.5.1f1/Unity.app/Contents/Resources/Scripting/BCLExtensions/runtime/netstandard2.1/Microsoft.Bcl.AsyncInterfaces.dll --allowed-assembly=/Applications/Unity/Hub/Editor/6000.5.1f1/Unity.app/Contents/Resources/Scripting/BCLExtensions/runtime/netstandard2.1/Microsoft.Extensions.DependencyInjection.Abstractions.dll --allowed-assembly=/Applications/Unity/Hub/Editor/6000.5.1f1/Unity.app/Contents/Resources/Scripting/BCLExtensions/runtime/netstandard2.1/Microsoft.Extensions.Logging.Abstractions.dll --allowed-assembly=/Applications/Unity/Hub/Editor/6000.5.1f1/Unity.app/Contents/Resources/Scripting/BCLExtensions/runtime/netstandard2.1/System.Collections.Immutable.dll --allowed-assembly=/Applications/Unity/Hub/Editor/6000.5.1f1/Unity.app/Contents/Resources/Scripting/BCLExtensions/runtime/netstandard2.1/System.Diagnostics.DiagnosticSource.dll --allowed-assembly=/Applications/Unity/Hub/Editor/6000.5.1f1/Unity.app/Contents/Resources/Scripting/BCLExtensions/runtime/netstandard2.1/System.IO.Hashing.dll --allowed-assembly=/Applications/Unity/Hub/Editor/6000.5.1f1/Unity.app/Contents/Resources/Scripting/BCLExtensions/runtime/netstandard2.1/System.Reflection.Metadata.dll --allowed-assembly=/Applications/Unity/Hub/Editor/6000.5.1f1/Unity.app/Contents/Resources/Scripting/BCLExtensions/runtime/netstandard2.1/System.Runtime.CompilerServices.Unsafe.dll --allowed-assembly=/Applications/Unity/Hub/Editor/6000.5.1f1/Unity.app/Contents/Resources/Scripting/BCLExtensions/runtime/netstandard2.1/System.Text.Encodings.Web.dll --allowed-assembly=/Applications/Unity/Hub/Editor/6000.5.1f1/Unity.app/Contents/Resources/Scripting/BCLExtensions/runtime/netstandard2.1/System.Text.Json.dll --allowed-assembly=/Applications/Unity/Hub/Editor/6000.5.1f1/Unity.app/Contents/Resources/Scripting/MonoBleedingEdge/lib/mono/unityaot-linux/Accessibility.dll --allowed-assembly=/Applications/Unity/Hub/Editor/6000.5.1f1/Unity.app/Contents/Resources/Scripting/MonoBleedingEdge/lib/mono/unityaot-linux/I18N.CJK.dll --allowed-assembly=/Applications/Unity/Hub/Editor/6000.5.1f1/Unity.app/Contents/Resources/Scripting/MonoBleedingEdge/lib/mono/unityaot-linux/I18N.MidEast.dll --allowed-assembly=/Applications/Unity/Hub/Editor/6000.5.1f1/Unity.app/Contents/Resources/Scripting/MonoBleedingEdge/lib/mono/unityaot-linux/I18N.Other.dll --allowed-assembly=/Applications/Unity/Hub/Editor/6000.5.1f1/Unity.app/Contents/Resources/Scripting/MonoBleedingEdge/lib/mono/unityaot-linux/I18N.Rare.dll --allowed-assembly=/Applications/Unity/Hub/Editor/6000.5.1f1/Unity.app/Contents/Resources/Scripting/MonoBleedingEdge/lib/mono/unityaot-linux/I18N.West.dll --allowed-assembly=/Applications/Unity/Hub/Editor/6000.5.1f1/Unity.app/Contents/Resources/Scripting/MonoBleedingEdge/lib/mono/unityaot-linux/I18N.dll --allowed-assembly=/Applications/Unity/Hub/Editor/6000.5.1f1/Unity.app/Contents/Resources/Scripting/MonoBleedingEdge/lib/mono/unityaot-linux/Microsoft.CSharp.dll --allowed-assembly=/Applications/Unity/Hub/Editor/6000.5.1f1/Unity.app/Contents/Resources/Scripting/MonoBleedingEdge/lib/mono/unityaot-linux/Mono.Data.Sqlite.dll --allowed-assembly=/Applications/Unity/Hub/Editor/6000.5.1f1/Unity.app/Contents/Resources/Scripting/MonoBleedingEdge/lib/mono/unityaot-linux/Mono.Data.Tds.dll --allowed-assembly=/Applications/Unity/Hub/Editor/6000.5.1f1/Unity.app/Contents/Resources/Scripting/MonoBleedingEdge/lib/mono/unityaot-linux/Mono.Security.dll --allowed-assembly=/Applications/Unity/Hub/Editor/6000.5.1f1/Unity.app/Contents/Resources/Scripting/MonoBleedingEdge/lib/mono/unityaot-linux/System.ComponentModel.Composition.dll --allowed-assembly=/Applications/Unity/Hub/Editor/6000.5.1f1/Unity.app/Contents/Resources/Scripting/MonoBleedingEdge/lib/mono/unityaot-linux/System.ComponentModel.DataAnnotations.dll --allowed-assembly=/Applications/Unity/Hub/Editor/6000.5.1f1/Unity.app/Contents/Resources/Scripting/MonoBleedingEdge/lib/mono/unityaot-linux/System.Configuration.Install.dll --allowed-assembly=/Applications/Unity/Hub/Editor/6000.5.1f1/Unity.app/Contents/Resources/Scripting/MonoBleedingEdge/lib/mono/unityaot-linux/System.Configuration.dll --allowed-assembly=/Applications/Unity/Hub/Editor/6000.5.1f1/Unity.app/Contents/Resources/Scripting/MonoBleedingEdge/lib/mono/unityaot-linux/System.Core.dll --allowed-assembly=/Applications/Unity/Hub/Editor/6000.5.1f1/Unity.app/Contents/Resources/Scripting/MonoBleedingEdge/lib/mono/unityaot-linux/System.Data.DataSetExtensions.dll --allowed-assembly=/Applications/Unity/Hub/Editor/6000.5.1f1/Unity.app/Contents/Resources/Scripting/MonoBleedingEdge/lib/mono/unityaot-linux/System.Data.Entity.dll --allowed-assembly=/Applications/Unity/Hub/Editor/6000.5.1f1/Unity.app/Contents/Resources/Scripting/MonoBleedingEdge/lib/mono/unityaot-linux/System.Data.Linq.dll --allowed-assembly=/Applications/Unity/Hub/Editor/6000.5.1f1/Unity.app/Contents/Resources/Scripting/MonoBleedingEdge/lib/mono/unityaot-linux/System.Data.OracleClient.dll --allowed-assembly=/Applications/Unity/Hub/Editor/6000.5.1f1/Unity.app/Contents/Resources/Scripting/MonoBleedingEdge/lib/mono/unityaot-linux/System.Data.Services.Client.dll --allowed-assembly=/Applications/Unity/Hub/Editor/6000.5.1f1/Unity.app/Contents/Resources/Scripting/MonoBleedingEdge/lib/mono/unityaot-linux/System.Data.Services.dll --allowed-assembly=/Applications/Unity/Hub/Editor/6000.5.1f1/Unity.app/Contents/Resources/Scripting/MonoBleedingEdge/lib/mono/unityaot-linux/System.Data.dll --allowed-assembly=/Applications/Unity/Hub/Editor/6000.5.1f1/Unity.app/Contents/Resources/Scripting/MonoBleedingEdge/lib/mono/unityaot-linux/System.Design.dll --allowed-assembly=/Applications/Unity/Hub/Editor/6000.5.1f1/Unity.app/Contents/Resources/Scripting/MonoBleedingEdge/lib/mono/unityaot-linux/System.DirectoryServices.Protocols.dll --allowed-assembly=/Applications/Unity/Hub/Editor/6000.5.1f1/Unity.app/Contents/Resources/Scripting/MonoBleedingEdge/lib/mono/unityaot-linux/System.DirectoryServices.dll --allowed-assembly=/Applications/Unity/Hub/Editor/6000.5.1f1/Unity.app/Contents/Resources/Scripting/MonoBleedingEdge/lib/mono/unityaot-linux/System.Drawing.Design.dll --allowed-assembly=/Applications/Unity/Hub/Editor/6000.5.1f1/Unity.app/Contents/Resources/Scripting/MonoBleedingEdge/lib/mono/unityaot-linux/System.Drawing.dll --allowed-assembly=/Applications/Unity/Hub/Editor/6000.5.1f1/Unity.app/Contents/Resources/Scripting/MonoBleedingEdge/lib/mono/unityaot-linux/System.EnterpriseServices.dll --allowed-assembly=/Applications/Unity/Hub/Editor/6000.5.1f1/Unity.app/Contents/Resources/Scripting/MonoBleedingEdge/lib/mono/unityaot-linux/System.IO.Compression.FileSystem.dll --allowed-assembly=/Applications/Unity/Hub/Editor/6000.5.1f1/Unity.app/Contents/Resources/Scripting/MonoBleedingEdge/lib/mono/unityaot-linux/System.IO.Compression.dll --allowed-assembly=/Applications/Unity/Hub/Editor/6000.5.1f1/Unity.app/Contents/Resources/Scripting/MonoBleedingEdge/lib/mono/unityaot-linux/System.IdentityModel.Selectors.dll --allowed-assembly=/Applications/Unity/Hub/Editor/6000.5.1f1/Unity.app/Contents/Resources/Scripting/MonoBleedingEdge/lib/mono/unityaot-linux/System.IdentityModel.dll --allowed-assembly=/Applications/Unity/Hub/Editor/6000.5.1f1/Unity.app/Contents/Resources/Scripting/MonoBleedingEdge/lib/mono/unityaot-linux/System.Json.dll --allowed-assembly=/Applications/Unity/Hub/Editor/6000.5.1f1/Unity.app/Contents/Resources/Scripting/MonoBleedingEdge/lib/mono/unityaot-linux/System.Management.dll --allowed-assembly=/Applications/Unity/Hub/Editor/6000.5.1f1/Unity.app/Contents/Resources/Scripting/MonoBleedingEdge/lib/mono/unityaot-linux/System.Messaging.dll --allowed-assembly=/Applications/Unity/Hub/Editor/6000.5.1f1/Unity.app/Contents/Resources/Scripting/MonoBleedingEdge/lib/mono/unityaot-linux/System.Net.Http.WebRequest.dll --allowed-assembly=/Applications/Unity/Hub/Editor/6000.5.1f1/Unity.app/Contents/Resources/Scripting/MonoBleedingEdge/lib/mono/unityaot-linux/System.Net.Http.dll --allowed-assembly=/Applications/Unity/Hub/Editor/6000.5.1f1/Unity.app/Contents/Resources/Scripting/MonoBleedingEdge/lib/mono/unityaot-linux/System.Net.dll --allowed-assembly=/Applications/Unity/Hub/Editor/6000.5.1f1/Unity.app/Contents/Resources/Scripting/MonoBleedingEdge/lib/mono/unityaot-linux/System.Numerics.Vectors.dll --allowed-assembly=/Applications/Unity/Hub/Editor/6000.5.1f1/Unity.app/Contents/Resources/Scripting/MonoBleedingEdge/lib/mono/unityaot-linux/System.Numerics.dll --allowed-assembly=/Applications/Unity/Hub/Editor/6000.5.1f1/Unity.app/Contents/Resources/Scripting/MonoBleedingEdge/lib/mono/unityaot-linux/System.Reflection.Context.dll --allowed-assembly=/Applications/Unity/Hub/Editor/6000.5.1f1/Unity.app/Contents/Resources/Scripting/MonoBleedingEdge/lib/mono/unityaot-linux/System.Runtime.Caching.dll --allowed-assembly=/Applications/Unity/Hub/Editor/6000.5.1f1/Unity.app/Contents/Resources/Scripting/MonoBleedingEdge/lib/mono/unityaot-linux/System.Runtime.DurableInstancing.dll --allowed-assembly=/Applications/Unity/Hub/Editor/6000.5.1f1/Unity.app/Contents/Resources/Scripting/MonoBleedingEdge/lib/mono/unityaot-linux/System.Runtime.Remoting.dll --allowed-assembly=/Applications/Unity/Hub/Editor/6000.5.1f1/Unity.app/Contents/Resources/Scripting/MonoBleedingEdge/lib/mono/unityaot-linux/System.Runtime.Serialization.Formatters.Soap.dll --allowed-assembly=/Applications/Unity/Hub/Editor/6000.5.1f1/Unity.app/Contents/Resources/Scripting/MonoBleedingEdge/lib/mono/unityaot-linux/System.Runtime.Serialization.dll --allowed-assembly=/Applications/Unity/Hub/Editor/6000.5.1f1/Unity.app/Contents/Resources/Scripting/MonoBleedingEdge/lib/mono/unityaot-linux/System.Security.dll --allowed-assembly=/Applications/Unity/Hub/Editor/6000.5.1f1/Unity.app/Contents/Resources/Scripting/MonoBleedingEdge/lib/mono/unityaot-linux/System.ServiceModel.Activation.dll --allowed-assembly=/Applications/Unity/Hub/Editor/6000.5.1f1/Unity.app/Contents/Resources/Scripting/MonoBleedingEdge/lib/mono/unityaot-linux/System.ServiceModel.Discovery.dll --allowed-assembly=/Applications/Unity/Hub/Editor/6000.5.1f1/Unity.app/Contents/Resources/Scripting/MonoBleedingEdge/lib/mono/unityaot-linux/System.ServiceModel.Internals.dll --allowed-assembly=/Applications/Unity/Hub/Editor/6000.5.1f1/Unity.app/Contents/Resources/Scripting/MonoBleedingEdge/lib/mono/unityaot-linux/System.ServiceModel.Routing.dll --allowed-assembly=/Applications/Unity/Hub/Editor/6000.5.1f1/Unity.app/Contents/Resources/Scripting/MonoBleedingEdge/lib/mono/unityaot-linux/System.ServiceModel.Web.dll --allowed-assembly=/Applications/Unity/Hub/Editor/6000.5.1f1/Unity.app/Contents/Resources/Scripting/MonoBleedingEdge/lib/mono/unityaot-linux/System.ServiceModel.dll --allowed-assembly=/Applications/Unity/Hub/Editor/6000.5.1f1/Unity.app/Contents/Resources/Scripting/MonoBleedingEdge/lib/mono/unityaot-linux/System.ServiceProcess.dll --allowed-assembly=/Applications/Unity/Hub/Editor/6000.5.1f1/Unity.app/Contents/Resources/Scripting/MonoBleedingEdge/lib/mono/unityaot-linux/System.Transactions.dll --allowed-assembly=/Applications/Unity/Hub/Editor/6000.5.1f1/Unity.app/Contents/Resources/Scripting/MonoBleedingEdge/lib/mono/unityaot-linux/System.Web.ApplicationServices.dll --allowed-assembly=/Applications/Unity/Hub/Editor/6000.5.1f1/Unity.app/Contents/Resources/Scripting/MonoBleedingEdge/lib/mono/unityaot-linux/System.Web.DynamicData.dll --allowed-assembly=/Applications/Unity/Hub/Editor/6000.5.1f1/Unity.app/Contents/Resources/Scripting/MonoBleedingEdge/lib/mono/unityaot-linux/System.Web.Extensions.Design.dll --allowed-assembly=/Applications/Unity/Hub/Editor/6000.5.1f1/Unity.app/Contents/Resources/Scripting/MonoBleedingEdge/lib/mono/unityaot-linux/System.Web.Extensions.dll --allowed-assembly=/Applications/Unity/Hub/Editor/6000.5.1f1/Unity.app/Contents/Resources/Scripting/MonoBleedingEdge/lib/mono/unityaot-linux/System.Web.RegularExpressions.dll --allowed-assembly=/Applications/Unity/Hub/Editor/6000.5.1f1/Unity.app/Contents/Resources/Scripting/MonoBleedingEdge/lib/mono/unityaot-linux/System.Web.Services.dll --allowed-assembly=/Applications/Unity/Hub/Editor/6000.5.1f1/Unity.app/Contents/Resources/Scripting/MonoBleedingEdge/lib/mono/unityaot-linux/System.Web.dll --allowed-assembly=/Applications/Unity/Hub/Editor/6000.5.1f1/Unity.app/Contents/Resources/Scripting/MonoBleedingEdge/lib/mono/unityaot-linux/System.Windows.Forms.DataVisualization.dll --allowed-assembly=/Applications/Unity/Hub/Editor/6000.5.1f1/Unity.app/Contents/Resources/Scripting/MonoBleedingEdge/lib/mono/unityaot-linux/System.Windows.Forms.dll --allowed-assembly=/Applications/Unity/Hub/Editor/6000.5.1f1/Unity.app/Contents/Resources/Scripting/MonoBleedingEdge/lib/mono/unityaot-linux/System.Windows.dll --allowed-assembly=/Applications/Unity/Hub/Editor/6000.5.1f1/Unity.app/Contents/Resources/Scripting/MonoBleedingEdge/lib/mono/unityaot-linux/System.Xaml.dll --allowed-assembly=/Applications/Unity/Hub/Editor/6000.5.1f1/Unity.app/Contents/Resources/Scripting/MonoBleedingEdge/lib/mono/unityaot-linux/System.Xml.Linq.dll --allowed-assembly=/Applications/Unity/Hub/Editor/6000.5.1f1/Unity.app/Contents/Resources/Scripting/MonoBleedingEdge/lib/mono/unityaot-linux/System.Xml.Serialization.dll --allowed-assembly=/Applications/Unity/Hub/Editor/6000.5.1f1/Unity.app/Contents/Resources/Scripting/MonoBleedingEdge/lib/mono/unityaot-linux/System.Xml.dll --allowed-assembly=/Applications/Unity/Hub/Editor/6000.5.1f1/Unity.app/Contents/Resources/Scripting/MonoBleedingEdge/lib/mono/unityaot-linux/System.dll --allowed-assembly=/Applications/Unity/Hub/Editor/6000.5.1f1/Unity.app/Contents/Resources/Scripting/MonoBleedingEdge/lib/mono/unityaot-linux/mscorlib.dll --allowed-assembly=/Applications/Unity/Hub/Editor/6000.5.1f1/Unity.app/Contents/Resources/Scripting/MonoBleedingEdge/lib/mono/unityaot-linux/Facades/Microsoft.Win32.Primitives.dll --allowed-assembly=/Applications/Unity/Hub/Editor/6000.5.1f1/Unity.app/Contents/Resources/Scripting/MonoBleedingEdge/lib/mono/unityaot-linux/Facades/Microsoft.Win32.Registry.AccessControl.dll --allowed-assembly=/Applications/Unity/Hub/Editor/6000.5.1f1/Unity.app/Contents/Resources/Scripting/MonoBleedingEdge/lib/mono/unityaot-linux/Facades/Microsoft.Win32.Registry.dll --allowed-assembly=/Applications/Unity/Hub/Editor/6000.5.1f1/Unity.app/Contents/Resources/Scripting/MonoBleedingEdge/lib/mono/unityaot-linux/Facades/System.AppContext.dll --allowed-assembly=/Applications/Unity/Hub/Editor/6000.5.1f1/Unity.app/Contents/Resources/Scripting/MonoBleedingEdge/lib/mono/unityaot-linux/Facades/System.Buffers.dll --allowed-assembly=/Applications/Unity/Hub/Editor/6000.5.1f1/Unity.app/Contents/Resources/Scripting/MonoBleedingEdge/lib/mono/unityaot-linux/Facades/System.Collections.Concurrent.dll --allowed-assembly=/Applications/Unity/Hub/Editor/6000.5.1f1/Unity.app/Contents/Resources/Scripting/MonoBleedingEdge/lib/mono/unityaot-linux/Facades/System.Collections.NonGeneric.dll --allowed-assembly=/Applications/Unity/Hub/Editor/6000.5.1f1/Unity.app/Contents/Resources/Scripting/MonoBleedingEdge/lib/mono/unityaot-linux/Facades/System.Collections.Specialized.dll --allowed-assembly=/Applications/Unity/Hub/Editor/6000.5.1f1/Unity.app/Contents/Resources/Scripting/MonoBleedingEdge/lib/mono/unityaot-linux/Facades/System.Collections.dll --allowed-assembly=/Applications/Unity/Hub/Editor/6000.5.1f1/Unity.app/Contents/Resources/Scripting/MonoBleedingEdge/lib/mono/unityaot-linux/Facades/System.ComponentModel.Annotations.dll --allowed-assembly=/Applications/Unity/Hub/Editor/6000.5.1f1/Unity.app/Contents/Resources/Scripting/MonoBleedingEdge/lib/mono/unityaot-linux/Facades/System.ComponentModel.EventBasedAsync.dll --allowed-assembly=/Applications/Unity/Hub/Editor/6000.5.1f1/Unity.app/Contents/Resources/Scripting/MonoBleedingEdge/lib/mono/unityaot-linux/Facades/System.ComponentModel.Primitives.dll --allowed-assembly=/Applications/Unity/Hub/Editor/6000.5.1f1/Unity.app/Contents/Resources/Scripting/MonoBleedingEdge/lib/mono/unityaot-linux/Facades/System.ComponentModel.TypeConverter.dll --allowed-assembly=/Applications/Unity/Hub/Editor/6000.5.1f1/Unity.app/Contents/Resources/Scripting/MonoBleedingEdge/lib/mono/unityaot-linux/Facades/System.ComponentModel.dll --allowed-assembly=/Applications/Unity/Hub/Editor/6000.5.1f1/Unity.app/Contents/Resources/Scripting/MonoBleedingEdge/lib/mono/unityaot-linux/Facades/System.Console.dll --allowed-assembly=/Applications/Unity/Hub/Editor/6000.5.1f1/Unity.app/Contents/Resources/Scripting/MonoBleedingEdge/lib/mono/unityaot-linux/Facades/System.Data.Common.dll --allowed-assembly=/Applications/Unity/Hub/Editor/6000.5.1f1/Unity.app/Contents/Resources/Scripting/MonoBleedingEdge/lib/mono/unityaot-linux/Facades/System.Data.SqlClient.dll --allowed-assembly=/Applications/Unity/Hub/Editor/6000.5.1f1/Unity.app/Contents/Resources/Scripting/MonoBleedingEdge/lib/mono/unityaot-linux/Facades/System.Diagnostics.Contracts.dll --allowed-assembly=/Applications/Unity/Hub/Editor/6000.5.1f1/Unity.app/Contents/Resources/Scripting/MonoBleedingEdge/lib/mono/unityaot-linux/Facades/System.Diagnostics.Debug.dll --allowed-assembly=/Applications/Unity/Hub/Editor/6000.5.1f1/Unity.app/Contents/Resources/Scripting/MonoBleedingEdge/lib/mono/unityaot-linux/Facades/System.Diagnostics.FileVersionInfo.dll --allowed-assembly=/Applications/Unity/Hub/Editor/6000.5.1f1/Unity.app/Contents/Resources/Scripting/MonoBleedingEdge/lib/mono/unityaot-linux/Facades/System.Diagnostics.Process.dll --allowed-assembly=/Applications/Unity/Hub/Editor/6000.5.1f1/Unity.app/Contents/Resources/Scripting/MonoBleedingEdge/lib/mono/unityaot-linux/Facades/System.Diagnostics.StackTrace.dll --allowed-assembly=/Applications/Unity/Hub/Editor/6000.5.1f1/Unity.app/Contents/Resources/Scripting/MonoBleedingEdge/lib/mono/unityaot-linux/Facades/System.Diagnostics.TextWriterTraceListener.dll --allowed-assembly=/Applications/Unity/Hub/Editor/6000.5.1f1/Unity.app/Contents/Resources/Scripting/MonoBleedingEdge/lib/mono/unityaot-linux/Facades/System.Diagnostics.Tools.dll --allowed-assembly=/Applications/Unity/Hub/Editor/6000.5.1f1/Unity.app/Contents/Resources/Scripting/MonoBleedingEdge/lib/mono/unityaot-linux/Facades/System.Diagnostics.TraceEvent.dll --allowed-assembly=/Applications/Unity/Hub/Editor/6000.5.1f1/Unity.app/Contents/Resources/Scripting/MonoBleedingEdge/lib/mono/unityaot-linux/Facades/System.Diagnostics.TraceSource.dll --allowed-assembly=/Applications/Unity/Hub/Editor/6000.5.1f1/Unity.app/Contents/Resources/Scripting/MonoBleedingEdge/lib/mono/unityaot-linux/Facades/System.Diagnostics.Tracing.dll --allowed-assembly=/Applications/Unity/Hub/Editor/6000.5.1f1/Unity.app/Contents/Resources/Scripting/MonoBleedingEdge/lib/mono/unityaot-linux/Facades/System.Drawing.Primitives.dll --allowed-assembly=/Applications/Unity/Hub/Editor/6000.5.1f1/Unity.app/Contents/Resources/Scripting/MonoBleedingEdge/lib/mono/unityaot-linux/Facades/System.Dynamic.Runtime.dll --allowed-assembly=/Applications/Unity/Hub/Editor/6000.5.1f1/Unity.app/Contents/Resources/Scripting/MonoBleedingEdge/lib/mono/unityaot-linux/Facades/System.Globalization.Calendars.dll --allowed-assembly=/Applications/Unity/Hub/Editor/6000.5.1f1/Unity.app/Contents/Resources/Scripting/MonoBleedingEdge/lib/mono/unityaot-linux/Facades/System.Globalization.Extensions.dll --allowed-assembly=/Applications/Unity/Hub/Editor/6000.5.1f1/Unity.app/Contents/Resources/Scripting/MonoBleedingEdge/lib/mono/unityaot-linux/Facades/System.Globalization.dll --allowed-assembly=/Applications/Unity/Hub/Editor/6000.5.1f1/Unity.app/Contents/Resources/Scripting/MonoBleedingEdge/lib/mono/unityaot-linux/Facades/System.IO.Compression.ZipFile.dll --allowed-assembly=/Applications/Unity/Hub/Editor/6000.5.1f1/Unity.app/Contents/Resources/Scripting/MonoBleedingEdge/lib/mono/unityaot-linux/Facades/System.IO.FileSystem.AccessControl.dll --allowed-assembly=/Applications/Unity/Hub/Editor/6000.5.1f1/Unity.app/Contents/Resources/Scripting/MonoBleedingEdge/lib/mono/unityaot-linux/Facades/System.IO.FileSystem.DriveInfo.dll --allowed-assembly=/Applications/Unity/Hub/Editor/6000.5.1f1/Unity.app/Contents/Resources/Scripting/MonoBleedingEdge/lib/mono/unityaot-linux/Facades/System.IO.FileSystem.Primitives.dll --allowed-assembly=/Applications/Unity/Hub/Editor/6000.5.1f1/Unity.app/Contents/Resources/Scripting/MonoBleedingEdge/lib/mono/unityaot-linux/Facades/System.IO.FileSystem.Watcher.dll --allowed-assembly=/Applications/Unity/Hub/Editor/6000.5.1f1/Unity.app/Contents/Resources/Scripting/MonoBleedingEdge/lib/mono/unityaot-linux/Facades/System.IO.FileSystem.dll --allowed-assembly=/Applications/Unity/Hub/Editor/6000.5.1f1/Unity.app/Contents/Resources/Scripting/MonoBleedingEdge/lib/mono/unityaot-linux/Facades/System.IO.IsolatedStorage.dll --allowed-assembly=/Applications/Unity/Hub/Editor/6000.5.1f1/Unity.app/Contents/Resources/Scripting/MonoBleedingEdge/lib/mono/unityaot-linux/Facades/System.IO.MemoryMappedFiles.dll --allowed-assembly=/Applications/Unity/Hub/Editor/6000.5.1f1/Unity.app/Contents/Resources/Scripting/MonoBleedingEdge/lib/mono/unityaot-linux/Facades/System.IO.Pipes.dll --allowed-assembly=/Applications/Unity/Hub/Editor/6000.5.1f1/Unity.app/Contents/Resources/Scripting/MonoBleedingEdge/lib/mono/unityaot-linux/Facades/System.IO.UnmanagedMemoryStream.dll --allowed-assembly=/Applications/Unity/Hub/Editor/6000.5.1f1/Unity.app/Contents/Resources/Scripting/MonoBleedingEdge/lib/mono/unityaot-linux/Facades/System.IO.dll --allowed-assembly=/Applications/Unity/Hub/Editor/6000.5.1f1/Unity.app/Contents/Resources/Scripting/MonoBleedingEdge/lib/mono/unityaot-linux/Facades/System.Linq.Expressions.dll --allowed-assembly=/Applications/Unity/Hub/Editor/6000.5.1f1/Unity.app/Contents/Resources/Scripting/MonoBleedingEdge/lib/mono/unityaot-linux/Facades/System.Linq.Parallel.dll --allowed-assembly=/Applications/Unity/Hub/Editor/6000.5.1f1/Unity.app/Contents/Resources/Scripting/MonoBleedingEdge/lib/mono/unityaot-linux/Facades/System.Linq.Queryable.dll --allowed-assembly=/Applications/Unity/Hub/Editor/6000.5.1f1/Unity.app/Contents/Resources/Scripting/MonoBleedingEdge/lib/mono/unityaot-linux/Facades/System.Linq.dll --allowed-assembly=/Applications/Unity/Hub/Editor/6000.5.1f1/Unity.app/Contents/Resources/Scripting/MonoBleedingEdge/lib/mono/unityaot-linux/Facades/System.Memory.dll --allowed-assembly=/Applications/Unity/Hub/Editor/6000.5.1f1/Unity.app/Contents/Resources/Scripting/MonoBleedingEdge/lib/mono/unityaot-linux/Facades/System.Net.AuthenticationManager.dll --allowed-assembly=/Applications/Unity/Hub/Editor/6000.5.1f1/Unity.app/Contents/Resources/Scripting/MonoBleedingEdge/lib/mono/unityaot-linux/Facades/System.Net.Cache.dll --allowed-assembly=/Applications/Unity/Hub/Editor/6000.5.1f1/Unity.app/Contents/Resources/Scripting/MonoBleedingEdge/lib/mono/unityaot-linux/Facades/System.Net.HttpListener.dll --allowed-assembly=/Applications/Unity/Hub/Editor/6000.5.1f1/Unity.app/Contents/Resources/Scripting/MonoBleedingEdge/lib/mono/unityaot-linux/Facades/System.Net.Mail.dll --allowed-assembly=/Applications/Unity/Hub/Editor/6000.5.1f1/Unity.app/Contents/Resources/Scripting/MonoBleedingEdge/lib/mono/unityaot-linux/Facades/System.Net.NameResolution.dll --allowed-assembly=/Applications/Unity/Hub/Editor/6000.5.1f1/Unity.app/Contents/Resources/Scripting/MonoBleedingEdge/lib/mono/unityaot-linux/Facades/System.Net.NetworkInformation.dll --allowed-assembly=/Applications/Unity/Hub/Editor/6000.5.1f1/Unity.app/Contents/Resources/Scripting/MonoBleedingEdge/lib/mono/unityaot-linux/Facades/System.Net.Ping.dll --allowed-assembly=/Applications/Unity/Hub/Editor/6000.5.1f1/Unity.app/Contents/Resources/Scripting/MonoBleedingEdge/lib/mono/unityaot-linux/Facades/System.Net.Primitives.dll --allowed-assembly=/Applications/Unity/Hub/Editor/6000.5.1f1/Unity.app/Contents/Resources/Scripting/MonoBleedingEdge/lib/mono/unityaot-linux/Facades/System.Net.Requests.dll --allowed-assembly=/Applications/Unity/Hub/Editor/6000.5.1f1/Unity.app/Contents/Resources/Scripting/MonoBleedingEdge/lib/mono/unityaot-linux/Facades/System.Net.Security.dll --allowed-assembly=/Applications/Unity/Hub/Editor/6000.5.1f1/Unity.app/Contents/Resources/Scripting/MonoBleedingEdge/lib/mono/unityaot-linux/Facades/System.Net.ServicePoint.dll --allowed-assembly=/Applications/Unity/Hub/Editor/6000.5.1f1/Unity.app/Contents/Resources/Scripting/MonoBleedingEdge/lib/mono/unityaot-linux/Facades/System.Net.Sockets.dll --allowed-assembly=/Applications/Unity/Hub/Editor/6000.5.1f1/Unity.app/Contents/Resources/Scripting/MonoBleedingEdge/lib/mono/unityaot-linux/Facades/System.Net.Utilities.dll --allowed-assembly=/Applications/Unity/Hub/Editor/6000.5.1f1/Unity.app/Contents/Resources/Scripting/MonoBleedingEdge/lib/mono/unityaot-linux/Facades/System.Net.WebHeaderCollection.dll --allowed-assembly=/Applications/Unity/Hub/Editor/6000.5.1f1/Unity.app/Contents/Resources/Scripting/MonoBleedingEdge/lib/mono/unityaot-linux/Facades/System.Net.WebSockets.Client.dll --allowed-assembly=/Applications/Unity/Hub/Editor/6000.5.1f1/Unity.app/Contents/Resources/Scripting/MonoBleedingEdge/lib/mono/unityaot-linux/Facades/System.Net.WebSockets.dll --allowed-assembly=/Applications/Unity/Hub/Editor/6000.5.1f1/Unity.app/Contents/Resources/Scripting/MonoBleedingEdge/lib/mono/unityaot-linux/Facades/System.ObjectModel.dll --allowed-assembly=/Applications/Unity/Hub/Editor/6000.5.1f1/Unity.app/Contents/Resources/Scripting/MonoBleedingEdge/lib/mono/unityaot-linux/Facades/System.Reflection.DispatchProxy.dll --allowed-assembly=/Applications/Unity/Hub/Editor/6000.5.1f1/Unity.app/Contents/Resources/Scripting/MonoBleedingEdge/lib/mono/unityaot-linux/Facades/System.Reflection.Emit.ILGeneration.dll --allowed-assembly=/Applications/Unity/Hub/Editor/6000.5.1f1/Unity.app/Contents/Resources/Scripting/MonoBleedingEdge/lib/mono/unityaot-linux/Facades/System.Reflection.Emit.Lightweight.dll --allowed-assembly=/Applications/Unity/Hub/Editor/6000.5.1f1/Unity.app/Contents/Resources/Scripting/MonoBleedingEdge/lib/mono/unityaot-linux/Facades/System.Reflection.Emit.dll --allowed-assembly=/Applications/Unity/Hub/Editor/6000.5.1f1/Unity.app/Contents/Resources/Scripting/MonoBleedingEdge/lib/mono/unityaot-linux/Facades/System.Reflection.Extensions.dll --allowed-assembly=/Applications/Unity/Hub/Editor/6000.5.1f1/Unity.app/Contents/Resources/Scripting/MonoBleedingEdge/lib/mono/unityaot-linux/Facades/System.Reflection.Primitives.dll --allowed-assembly=/Applications/Unity/Hub/Editor/6000.5.1f1/Unity.app/Contents/Resources/Scripting/MonoBleedingEdge/lib/mono/unityaot-linux/Facades/System.Reflection.TypeExtensions.dll --allowed-assembly=/Applications/Unity/Hub/Editor/6000.5.1f1/Unity.app/Contents/Resources/Scripting/MonoBleedingEdge/lib/mono/unityaot-linux/Facades/System.Reflection.dll --allowed-assembly=/Applications/Unity/Hub/Editor/6000.5.1f1/Unity.app/Contents/Resources/Scripting/MonoBleedingEdge/lib/mono/unityaot-linux/Facades/System.Resources.Reader.dll --allowed-assembly=/Applications/Unity/Hub/Editor/6000.5.1f1/Unity.app/Contents/Resources/Scripting/MonoBleedingEdge/lib/mono/unityaot-linux/Facades/System.Resources.ReaderWriter.dll --allowed-assembly=/Applications/Unity/Hub/Editor/6000.5.1f1/Unity.app/Contents/Resources/Scripting/MonoBleedingEdge/lib/mono/unityaot-linux/Facades/System.Resources.ResourceManager.dll --allowed-assembly=/Applications/Unity/Hub/Editor/6000.5.1f1/Unity.app/Contents/Resources/Scripting/MonoBleedingEdge/lib/mono/unityaot-linux/Facades/System.Resources.Writer.dll --allowed-assembly=/Applications/Unity/Hub/Editor/6000.5.1f1/Unity.app/Contents/Resources/Scripting/MonoBleedingEdge/lib/mono/unityaot-linux/Facades/System.Runtime.CompilerServices.VisualC.dll --allowed-assembly=/Applications/Unity/Hub/Editor/6000.5.1f1/Unity.app/Contents/Resources/Scripting/MonoBleedingEdge/lib/mono/unityaot-linux/Facades/System.Runtime.Extensions.dll --allowed-assembly=/Applications/Unity/Hub/Editor/6000.5.1f1/Unity.app/Contents/Resources/Scripting/MonoBleedingEdge/lib/mono/unityaot-linux/Facades/System.Runtime.Handles.dll --allowed-assembly=/Applications/Unity/Hub/Editor/6000.5.1f1/Unity.app/Contents/Resources/Scripting/MonoBleedingEdge/lib/mono/unityaot-linux/Facades/System.Runtime.InteropServices.RuntimeInformation.dll --allowed-assembly=/Applications/Unity/Hub/Editor/6000.5.1f1/Unity.app/Contents/Resources/Scripting/MonoBleedingEdge/lib/mono/unityaot-linux/Facades/System.Runtime.InteropServices.WindowsRuntime.dll --allowed-assembly=/Applications/Unity/Hub/Editor/6000.5.1f1/Unity.app/Contents/Resources/Scripting/MonoBleedingEdge/lib/mono/unityaot-linux/Facades/System.Runtime.InteropServices.dll --allowed-assembly=/Applications/Unity/Hub/Editor/6000.5.1f1/Unity.app/Contents/Resources/Scripting/MonoBleedingEdge/lib/mono/unityaot-linux/Facades/System.Runtime.Loader.dll --allowed-assembly=/Applications/Unity/Hub/Editor/6000.5.1f1/Unity.app/Contents/Resources/Scripting/MonoBleedingEdge/lib/mono/unityaot-linux/Facades/System.Runtime.Numerics.dll --allowed-assembly=/Applications/Unity/Hub/Editor/6000.5.1f1/Unity.app/Contents/Resources/Scripting/MonoBleedingEdge/lib/mono/unityaot-linux/Facades/System.Runtime.Serialization.Formatters.dll --allowed-assembly=/Applications/Unity/Hub/Editor/6000.5.1f1/Unity.app/Contents/Resources/Scripting/MonoBleedingEdge/lib/mono/unityaot-linux/Facades/System.Runtime.Serialization.Json.dll --allowed-assembly=/Applications/Unity/Hub/Editor/6000.5.1f1/Unity.app/Contents/Resources/Scripting/MonoBleedingEdge/lib/mono/unityaot-linux/Facades/System.Runtime.Serialization.Primitives.dll --allowed-assembly=/Applications/Unity/Hub/Editor/6000.5.1f1/Unity.app/Contents/Resources/Scripting/MonoBleedingEdge/lib/mono/unityaot-linux/Facades/System.Runtime.Serialization.Xml.dll --allowed-assembly=/Applications/Unity/Hub/Editor/6000.5.1f1/Unity.app/Contents/Resources/Scripting/MonoBleedingEdge/lib/mono/unityaot-linux/Facades/System.Runtime.dll --allowed-assembly=/Applications/Unity/Hub/Editor/6000.5.1f1/Unity.app/Contents/Resources/Scripting/MonoBleedingEdge/lib/mono/unityaot-linux/Facades/System.Security.AccessControl.dll --allowed-assembly=/Applications/Unity/Hub/Editor/6000.5.1f1/Unity.app/Contents/Resources/Scripting/MonoBleedingEdge/lib/mono/unityaot-linux/Facades/System.Security.Claims.dll --allowed-assembly=/Applications/Unity/Hub/Editor/6000.5.1f1/Unity.app/Contents/Resources/Scripting/MonoBleedingEdge/lib/mono/unityaot-linux/Facades/System.Security.Cryptography.Algorithms.dll --allowed-assembly=/Applications/Unity/Hub/Editor/6000.5.1f1/Unity.app/Contents/Resources/Scripting/MonoBleedingEdge/lib/mono/unityaot-linux/Facades/System.Security.Cryptography.Cng.dll --allowed-assembly=/Applications/Unity/Hub/Editor/6000.5.1f1/Unity.app/Contents/Resources/Scripting/MonoBleedingEdge/lib/mono/unityaot-linux/Facades/System.Security.Cryptography.Csp.dll --allowed-assembly=/Applications/Unity/Hub/Editor/6000.5.1f1/Unity.app/Contents/Resources/Scripting/MonoBleedingEdge/lib/mono/unityaot-linux/Facades/System.Security.Cryptography.DeriveBytes.dll --allowed-assembly=/Applications/Unity/Hub/Editor/6000.5.1f1/Unity.app/Contents/Resources/Scripting/MonoBleedingEdge/lib/mono/unityaot-linux/Facades/System.Security.Cryptography.Encoding.dll --allowed-assembly=/Applications/Unity/Hub/Editor/6000.5.1f1/Unity.app/Contents/Resources/Scripting/MonoBleedingEdge/lib/mono/unityaot-linux/Facades/System.Security.Cryptography.Encryption.Aes.dll --allowed-assembly=/Applications/Unity/Hub/Editor/6000.5.1f1/Unity.app/Contents/Resources/Scripting/MonoBleedingEdge/lib/mono/unityaot-linux/Facades/System.Security.Cryptography.Encryption.ECDiffieHellman.dll --allowed-assembly=/Applications/Unity/Hub/Editor/6000.5.1f1/Unity.app/Contents/Resources/Scripting/MonoBleedingEdge/lib/mono/unityaot-linux/Facades/System.Security.Cryptography.Encryption.ECDsa.dll --allowed-assembly=/Applications/Unity/Hub/Editor/6000.5.1f1/Unity.app/Contents/Resources/Scripting/MonoBleedingEdge/lib/mono/unityaot-linux/Facades/System.Security.Cryptography.Encryption.dll --allowed-assembly=/Applications/Unity/Hub/Editor/6000.5.1f1/Unity.app/Contents/Resources/Scripting/MonoBleedingEdge/lib/mono/unityaot-linux/Facades/System.Security.Cryptography.Hashing.Algorithms.dll --allowed-assembly=/Applications/Unity/Hub/Editor/6000.5.1f1/Unity.app/Contents/Resources/Scripting/MonoBleedingEdge/lib/mono/unityaot-linux/Facades/System.Security.Cryptography.Hashing.dll --allowed-assembly=/Applications/Unity/Hub/Editor/6000.5.1f1/Unity.app/Contents/Resources/Scripting/MonoBleedingEdge/lib/mono/unityaot-linux/Facades/System.Security.Cryptography.OpenSsl.dll --allowed-assembly=/Applications/Unity/Hub/Editor/6000.5.1f1/Unity.app/Contents/Resources/Scripting/MonoBleedingEdge/lib/mono/unityaot-linux/Facades/System.Security.Cryptography.Pkcs.dll --allowed-assembly=/Applications/Unity/Hub/Editor/6000.5.1f1/Unity.app/Contents/Resources/Scripting/MonoBleedingEdge/lib/mono/unityaot-linux/Facades/System.Security.Cryptography.Primitives.dll --allowed-assembly=/Applications/Unity/Hub/Editor/6000.5.1f1/Unity.app/Contents/Resources/Scripting/MonoBleedingEdge/lib/mono/unityaot-linux/Facades/System.Security.Cryptography.ProtectedData.dll --allowed-assembly=/Applications/Unity/Hub/Editor/6000.5.1f1/Unity.app/Contents/Resources/Scripting/MonoBleedingEdge/lib/mono/unityaot-linux/Facades/System.Security.Cryptography.RSA.dll --allowed-assembly=/Applications/Unity/Hub/Editor/6000.5.1f1/Unity.app/Contents/Resources/Scripting/MonoBleedingEdge/lib/mono/unityaot-linux/Facades/System.Security.Cryptography.RandomNumberGenerator.dll --allowed-assembly=/Applications/Unity/Hub/Editor/6000.5.1f1/Unity.app/Contents/Resources/Scripting/MonoBleedingEdge/lib/mono/unityaot-linux/Facades/System.Security.Cryptography.X509Certificates.dll --allowed-assembly=/Applications/Unity/Hub/Editor/6000.5.1f1/Unity.app/Contents/Resources/Scripting/MonoBleedingEdge/lib/mono/unityaot-linux/Facades/System.Security.Principal.Windows.dll --allowed-assembly=/Applications/Unity/Hub/Editor/6000.5.1f1/Unity.app/Contents/Resources/Scripting/MonoBleedingEdge/lib/mono/unityaot-linux/Facades/System.Security.Principal.dll --allowed-assembly=/Applications/Unity/Hub/Editor/6000.5.1f1/Unity.app/Contents/Resources/Scripting/MonoBleedingEdge/lib/mono/unityaot-linux/Facades/System.Security.SecureString.dll --allowed-assembly=/Applications/Unity/Hub/Editor/6000.5.1f1/Unity.app/Contents/Resources/Scripting/MonoBleedingEdge/lib/mono/unityaot-linux/Facades/System.ServiceModel.Duplex.dll --allowed-assembly=/Applications/Unity/Hub/Editor/6000.5.1f1/Unity.app/Contents/Resources/Scripting/MonoBleedingEdge/lib/mono/unityaot-linux/Facades/System.ServiceModel.Http.dll --allowed-assembly=/Applications/Unity/Hub/Editor/6000.5.1f1/Unity.app/Contents/Resources/Scripting/MonoBleedingEdge/lib/mono/unityaot-linux/Facades/System.ServiceModel.NetTcp.dll --allowed-assembly=/Applications/Unity/Hub/Editor/6000.5.1f1/Unity.app/Contents/Resources/Scripting/MonoBleedingEdge/lib/mono/unityaot-linux/Facades/System.ServiceModel.Primitives.dll --allowed-assembly=/Applications/Unity/Hub/Editor/6000.5.1f1/Unity.app/Contents/Resources/Scripting/MonoBleedingEdge/lib/mono/unityaot-linux/Facades/System.ServiceModel.Security.dll --allowed-assembly=/Applications/Unity/Hub/Editor/6000.5.1f1/Unity.app/Contents/Resources/Scripting/MonoBleedingEdge/lib/mono/unityaot-linux/Facades/System.ServiceProcess.ServiceController.dll --allowed-assembly=/Applications/Unity/Hub/Editor/6000.5.1f1/Unity.app/Contents/Resources/Scripting/MonoBleedingEdge/lib/mono/unityaot-linux/Facades/System.Text.Encoding.CodePages.dll --allowed-assembly=/Applications/Unity/Hub/Editor/6000.5.1f1/Unity.app/Contents/Resources/Scripting/MonoBleedingEdge/lib/mono/unityaot-linux/Facades/System.Text.Encoding.Extensions.dll --allowed-assembly=/Applications/Unity/Hub/Editor/6000.5.1f1/Unity.app/Contents/Resources/Scripting/MonoBleedingEdge/lib/mono/unityaot-linux/Facades/System.Text.Encoding.dll --allowed-assembly=/Applications/Unity/Hub/Editor/6000.5.1f1/Unity.app/Contents/Resources/Scripting/MonoBleedingEdge/lib/mono/unityaot-linux/Facades/System.Text.RegularExpressions.dll --allowed-assembly=/Applications/Unity/Hub/Editor/6000.5.1f1/Unity.app/Contents/Resources/Scripting/MonoBleedingEdge/lib/mono/unityaot-linux/Facades/System.Threading.AccessControl.dll --allowed-assembly=/Applications/Unity/Hub/Editor/6000.5.1f1/Unity.app/Contents/Resources/Scripting/MonoBleedingEdge/lib/mono/unityaot-linux/Facades/System.Threading.Overlapped.dll --allowed-assembly=/Applications/Unity/Hub/Editor/6000.5.1f1/Unity.app/Contents/Resources/Scripting/MonoBleedingEdge/lib/mono/unityaot-linux/Facades/System.Threading.Tasks.Extensions.dll --allowed-assembly=/Applications/Unity/Hub/Editor/6000.5.1f1/Unity.app/Contents/Resources/Scripting/MonoBleedingEdge/lib/mono/unityaot-linux/Facades/System.Threading.Tasks.Parallel.dll --allowed-assembly=/Applications/Unity/Hub/Editor/6000.5.1f1/Unity.app/Contents/Resources/Scripting/MonoBleedingEdge/lib/mono/unityaot-linux/Facades/System.Threading.Tasks.dll --allowed-assembly=/Applications/Unity/Hub/Editor/6000.5.1f1/Unity.app/Contents/Resources/Scripting/MonoBleedingEdge/lib/mono/unityaot-linux/Facades/System.Threading.Thread.dll --allowed-assembly=/Applications/Unity/Hub/Editor/6000.5.1f1/Unity.app/Contents/Resources/Scripting/MonoBleedingEdge/lib/mono/unityaot-linux/Facades/System.Threading.ThreadPool.dll --allowed-assembly=/Applications/Unity/Hub/Editor/6000.5.1f1/Unity.app/Contents/Resources/Scripting/MonoBleedingEdge/lib/mono/unityaot-linux/Facades/System.Threading.Timer.dll --allowed-assembly=/Applications/Unity/Hub/Editor/6000.5.1f1/Unity.app/Contents/Resources/Scripting/MonoBleedingEdge/lib/mono/unityaot-linux/Facades/System.Threading.dll --allowed-assembly=/Applications/Unity/Hub/Editor/6000.5.1f1/Unity.app/Contents/Resources/Scripting/MonoBleedingEdge/lib/mono/unityaot-linux/Facades/System.ValueTuple.dll --allowed-assembly=/Applications/Unity/Hub/Editor/6000.5.1f1/Unity.app/Contents/Resources/Scripting/MonoBleedingEdge/lib/mono/unityaot-linux/Facades/System.Xml.ReaderWriter.dll --allowed-assembly=/Applications/Unity/Hub/Editor/6000.5.1f1/Unity.app/Contents/Resources/Scripting/MonoBleedingEdge/lib/mono/unityaot-linux/Facades/System.Xml.XDocument.dll --allowed-assembly=/Applications/Unity/Hub/Editor/6000.5.1f1/Unity.app/Contents/Resources/Scripting/MonoBleedingEdge/lib/mono/unityaot-linux/Facades/System.Xml.XPath.XDocument.dll --allowed-assembly=/Applications/Unity/Hub/Editor/6000.5.1f1/Unity.app/Contents/Resources/Scripting/MonoBleedingEdge/lib/mono/unityaot-linux/Facades/System.Xml.XPath.XmlDocument.dll --allowed-assembly=/Applications/Unity/Hub/Editor/6000.5.1f1/Unity.app/Contents/Resources/Scripting/MonoBleedingEdge/lib/mono/unityaot-linux/Facades/System.Xml.XPath.dll --allowed-assembly=/Applications/Unity/Hub/Editor/6000.5.1f1/Unity.app/Contents/Resources/Scripting/MonoBleedingEdge/lib/mono/unityaot-linux/Facades/System.Xml.XmlDocument.dll --allowed-assembly=/Applications/Unity/Hub/Editor/6000.5.1f1/Unity.app/Contents/Resources/Scripting/MonoBleedingEdge/lib/mono/unityaot-linux/Facades/System.Xml.XmlSerializer.dll --allowed-assembly=/Applications/Unity/Hub/Editor/6000.5.1f1/Unity.app/Contents/Resources/Scripting/MonoBleedingEdge/lib/mono/unityaot-linux/Facades/System.Xml.Xsl.Primitives.dll --allowed-assembly=/Applications/Unity/Hub/Editor/6000.5.1f1/Unity.app/Contents/Resources/Scripting/MonoBleedingEdge/lib/mono/unityaot-linux/Facades/netstandard.dll --allowed-assembly=/Applications/Unity/Hub/Editor/6000.5.1f1/PlaybackEngines/AndroidPlayer/Variations/il2cpp/Managed/Unity.Scripting.dll --allowed-assembly=/Applications/Unity/Hub/Editor/6000.5.1f1/PlaybackEngines/AndroidPlayer/Variations/il2cpp/Managed/UnityEngine.AIModule.dll --allowed-assembly=/Applications/Unity/Hub/Editor/6000.5.1f1/PlaybackEngines/AndroidPlayer/Variations/il2cpp/Managed/UnityEngine.ARModule.dll --allowed-assembly=/Applications/Unity/Hub/Editor/6000.5.1f1/PlaybackEngines/AndroidPlayer/Variations/il2cpp/Managed/UnityEngine.AccessibilityModule.dll --allowed-assembly=/Applications/Unity/Hub/Editor/6000.5.1f1/PlaybackEngines/AndroidPlayer/Variations/il2cpp/Managed/UnityEngine.AdaptivePerformanceModule.dll --allowed-assembly=/Applications/Unity/Hub/Editor/6000.5.1f1/PlaybackEngines/AndroidPlayer/Variations/il2cpp/Managed/UnityEngine.AndroidJNIModule.dll --allowed-assembly=/Applications/Unity/Hub/Editor/6000.5.1f1/PlaybackEngines/AndroidPlayer/Variations/il2cpp/Managed/UnityEngine.AnimationModule.dll --allowed-assembly=/Applications/Unity/Hub/Editor/6000.5.1f1/PlaybackEngines/AndroidPlayer/Variations/il2cpp/Managed/UnityEngine.AssetBundleModule.dll --allowed-assembly=/Applications/Unity/Hub/Editor/6000.5.1f1/PlaybackEngines/AndroidPlayer/Variations/il2cpp/Managed/UnityEngine.AudioModule.dll --allowed-assembly=/Applications/Unity/Hub/Editor/6000.5.1f1/PlaybackEngines/AndroidPlayer/Variations/il2cpp/Managed/UnityEngine.ClothModule.dll --allowed-assembly=/Applications/Unity/Hub/Editor/6000.5.1f1/PlaybackEngines/AndroidPlayer/Variations/il2cpp/Managed/UnityEngine.ContentLoadModule.dll --allowed-assembly=/Applications/Unity/Hub/Editor/6000.5.1f1/PlaybackEngines/AndroidPlayer/Variations/il2cpp/Managed/UnityEngine.CoreModule.dll --allowed-assembly=/Applications/Unity/Hub/Editor/6000.5.1f1/PlaybackEngines/AndroidPlayer/Variations/il2cpp/Managed/UnityEngine.CrashReportingModule.dll --allowed-assembly=/Applications/Unity/Hub/Editor/6000.5.1f1/PlaybackEngines/AndroidPlayer/Variations/il2cpp/Managed/UnityEngine.DSPGraphModule.dll --allowed-assembly=/Applications/Unity/Hub/Editor/6000.5.1f1/PlaybackEngines/AndroidPlayer/Variations/il2cpp/Managed/UnityEngine.DirectorModule.dll --allowed-assembly=/Applications/Unity/Hub/Editor/6000.5.1f1/PlaybackEngines/AndroidPlayer/Variations/il2cpp/Managed/UnityEngine.GIModule.dll --allowed-assembly=/Applications/Unity/Hub/Editor/6000.5.1f1/PlaybackEngines/AndroidPlayer/Variations/il2cpp/Managed/UnityEngine.GameCenterModule.dll --allowed-assembly=/Applications/Unity/Hub/Editor/6000.5.1f1/PlaybackEngines/AndroidPlayer/Variations/il2cpp/Managed/UnityEngine.GraphicsStateCollectionSerializerModule.dll --allowed-assembly=/Applications/Unity/Hub/Editor/6000.5.1f1/PlaybackEngines/AndroidPlayer/Variations/il2cpp/Managed/UnityEngine.GridModule.dll --allowed-assembly=/Applications/Unity/Hub/Editor/6000.5.1f1/PlaybackEngines/AndroidPlayer/Variations/il2cpp/Managed/UnityEngine.HierarchyCoreModule.dll --allowed-assembly=/Applications/Unity/Hub/Editor/6000.5.1f1/PlaybackEngines/AndroidPlayer/Variations/il2cpp/Managed/UnityEngine.HierarchyModule.dll --allowed-assembly=/Applications/Unity/Hub/Editor/6000.5.1f1/PlaybackEngines/AndroidPlayer/Variations/il2cpp/Managed/UnityEngine.HotReloadModule.dll --allowed-assembly=/Applications/Unity/Hub/Editor/6000.5.1f1/PlaybackEngines/AndroidPlayer/Variations/il2cpp/Managed/UnityEngine.IMGUIModule.dll --allowed-assembly=/Applications/Unity/Hub/Editor/6000.5.1f1/PlaybackEngines/AndroidPlayer/Variations/il2cpp/Managed/UnityEngine.IdentifiersModule.dll --allowed-assembly=/Applications/Unity/Hub/Editor/6000.5.1f1/PlaybackEngines/AndroidPlayer/Variations/il2cpp/Managed/UnityEngine.ImageConversionModule.dll --allowed-assembly=/Applications/Unity/Hub/Editor/6000.5.1f1/PlaybackEngines/AndroidPlayer/Variations/il2cpp/Managed/UnityEngine.InputForUIModule.dll --allowed-assembly=/Applications/Unity/Hub/Editor/6000.5.1f1/PlaybackEngines/AndroidPlayer/Variations/il2cpp/Managed/UnityEngine.InputLegacyModule.dll --allowed-assembly=/Applications/Unity/Hub/Editor/6000.5.1f1/PlaybackEngines/AndroidPlayer/Variations/il2cpp/Managed/UnityEngine.InputModule.dll --allowed-assembly=/Applications/Unity/Hub/Editor/6000.5.1f1/PlaybackEngines/AndroidPlayer/Variations/il2cpp/Managed/UnityEngine.InsightsModule.dll --allowed-assembly=/Applications/Unity/Hub/Editor/6000.5.1f1/PlaybackEngines/AndroidPlayer/Variations/il2cpp/Managed/UnityEngine.JSONSerializeModule.dll --allowed-assembly=/Applications/Unity/Hub/Editor/6000.5.1f1/PlaybackEngines/AndroidPlayer/Variations/il2cpp/Managed/UnityEngine.LocalizationModule.dll --allowed-assembly=/Applications/Unity/Hub/Editor/6000.5.1f1/PlaybackEngines/AndroidPlayer/Variations/il2cpp/Managed/UnityEngine.MarshallingModule.dll --allowed-assembly=/Applications/Unity/Hub/Editor/6000.5.1f1/PlaybackEngines/AndroidPlayer/Variations/il2cpp/Managed/UnityEngine.MathematicsModule.dll --allowed-assembly=/Applications/Unity/Hub/Editor/6000.5.1f1/PlaybackEngines/AndroidPlayer/Variations/il2cpp/Managed/UnityEngine.MultiplayerModule.dll --allowed-assembly=/Applications/Unity/Hub/Editor/6000.5.1f1/PlaybackEngines/AndroidPlayer/Variations/il2cpp/Managed/UnityEngine.ParticleSystemModule.dll --allowed-assembly=/Applications/Unity/Hub/Editor/6000.5.1f1/PlaybackEngines/AndroidPlayer/Variations/il2cpp/Managed/UnityEngine.PerformanceReportingModule.dll --allowed-assembly=/Applications/Unity/Hub/Editor/6000.5.1f1/PlaybackEngines/AndroidPlayer/Variations/il2cpp/Managed/UnityEngine.Physics2DModule.dll --allowed-assembly=/Applications/Unity/Hub/Editor/6000.5.1f1/PlaybackEngines/AndroidPlayer/Variations/il2cpp/Managed/UnityEngine.PhysicsBackendPhysXModule.dll --allowed-assembly=/Applications/Unity/Hub/Editor/6000.5.1f1/PlaybackEngines/AndroidPlayer/Variations/il2cpp/Managed/UnityEngine.PhysicsCore2DModule.dll --allowed-assembly=/Applications/Unity/Hub/Editor/6000.5.1f1/PlaybackEngines/AndroidPlayer/Variations/il2cpp/Managed/UnityEngine.PhysicsModule.dll --allowed-assembly=/Applications/Unity/Hub/Editor/6000.5.1f1/PlaybackEngines/AndroidPlayer/Variations/il2cpp/Managed/UnityEngine.PropertiesModule.dll --allowed-assembly=/Applications/Unity/Hub/Editor/6000.5.1f1/PlaybackEngines/AndroidPlayer/Variations/il2cpp/Managed/UnityEngine.RenderAs2DModule.dll --allowed-assembly=/Applications/Unity/Hub/Editor/6000.5.1f1/PlaybackEngines/AndroidPlayer/Variations/il2cpp/Managed/UnityEngine.RuntimeInitializeOnLoadManagerInitializerModule.dll --allowed-assembly=/Applications/Unity/Hub/Editor/6000.5.1f1/PlaybackEngines/AndroidPlayer/Variations/il2cpp/Managed/UnityEngine.ScreenCaptureModule.dll --allowed-assembly=/Applications/Unity/Hub/Editor/6000.5.1f1/PlaybackEngines/AndroidPlayer/Variations/il2cpp/Managed/UnityEngine.ScriptingModule.dll --allowed-assembly=/Applications/Unity/Hub/Editor/6000.5.1f1/PlaybackEngines/AndroidPlayer/Variations/il2cpp/Managed/UnityEngine.ShaderVariantAnalyticsModule.dll --allowed-assembly=/Applications/Unity/Hub/Editor/6000.5.1f1/PlaybackEngines/AndroidPlayer/Variations/il2cpp/Managed/UnityEngine.SharedInternalsModule.dll --allowed-assembly=/Applications/Unity/Hub/Editor/6000.5.1f1/PlaybackEngines/AndroidPlayer/Variations/il2cpp/Managed/UnityEngine.SpriteMaskModule.dll --allowed-assembly=/Applications/Unity/Hub/Editor/6000.5.1f1/PlaybackEngines/AndroidPlayer/Variations/il2cpp/Managed/UnityEngine.SpriteShapeModule.dll --allowed-assembly=/Applications/Unity/Hub/Editor/6000.5.1f1/PlaybackEngines/AndroidPlayer/Variations/il2cpp/Managed/UnityEngine.StreamingModule.dll --allowed-assembly=/Applications/Unity/Hub/Editor/6000.5.1f1/PlaybackEngines/AndroidPlayer/Variations/il2cpp/Managed/UnityEngine.SubstanceModule.dll --allowed-assembly=/Applications/Unity/Hub/Editor/6000.5.1f1/PlaybackEngines/AndroidPlayer/Variations/il2cpp/Managed/UnityEngine.SubsystemsModule.dll --allowed-assembly=/Applications/Unity/Hub/Editor/6000.5.1f1/PlaybackEngines/AndroidPlayer/Variations/il2cpp/Managed/UnityEngine.TLSModule.dll --allowed-assembly=/Applications/Unity/Hub/Editor/6000.5.1f1/PlaybackEngines/AndroidPlayer/Variations/il2cpp/Managed/UnityEngine.TerrainModule.dll --allowed-assembly=/Applications/Unity/Hub/Editor/6000.5.1f1/PlaybackEngines/AndroidPlayer/Variations/il2cpp/Managed/UnityEngine.TerrainPhysicsModule.dll --allowed-assembly=/Applications/Unity/Hub/Editor/6000.5.1f1/PlaybackEngines/AndroidPlayer/Variations/il2cpp/Managed/UnityEngine.TextCoreFontEngineModule.dll --allowed-assembly=/Applications/Unity/Hub/Editor/6000.5.1f1/PlaybackEngines/AndroidPlayer/Variations/il2cpp/Managed/UnityEngine.TextCoreTextEngineModule.dll --allowed-assembly=/Applications/Unity/Hub/Editor/6000.5.1f1/PlaybackEngines/AndroidPlayer/Variations/il2cpp/Managed/UnityEngine.TextRenderingModule.dll --allowed-assembly=/Applications/Unity/Hub/Editor/6000.5.1f1/PlaybackEngines/AndroidPlayer/Variations/il2cpp/Managed/UnityEngine.TilemapModule.dll --allowed-assembly=/Applications/Unity/Hub/Editor/6000.5.1f1/PlaybackEngines/AndroidPlayer/Variations/il2cpp/Managed/UnityEngine.U2DRuntimeModule.dll --allowed-assembly=/Applications/Unity/Hub/Editor/6000.5.1f1/PlaybackEngines/AndroidPlayer/Variations/il2cpp/Managed/UnityEngine.UIElementsModule.dll --allowed-assembly=/Applications/Unity/Hub/Editor/6000.5.1f1/PlaybackEngines/AndroidPlayer/Variations/il2cpp/Managed/UnityEngine.UIModule.dll --allowed-assembly=/Applications/Unity/Hub/Editor/6000.5.1f1/PlaybackEngines/AndroidPlayer/Variations/il2cpp/Managed/UnityEngine.UmbraModule.dll --allowed-assembly=/Applications/Unity/Hub/Editor/6000.5.1f1/PlaybackEngines/AndroidPlayer/Variations/il2cpp/Managed/UnityEngine.UnityAnalyticsCommonModule.dll --allowed-assembly=/Applications/Unity/Hub/Editor/6000.5.1f1/PlaybackEngines/AndroidPlayer/Variations/il2cpp/Managed/UnityEngine.UnityAnalyticsModule.dll --allowed-assembly=/Applications/Unity/Hub/Editor/6000.5.1f1/PlaybackEngines/AndroidPlayer/Variations/il2cpp/Managed/UnityEngine.UnityConnectModule.dll --allowed-assembly=/Applications/Unity/Hub/Editor/6000.5.1f1/PlaybackEngines/AndroidPlayer/Variations/il2cpp/Managed/UnityEngine.UnityConsentModule.dll --allowed-assembly=/Applications/Unity/Hub/Editor/6000.5.1f1/PlaybackEngines/AndroidPlayer/Variations/il2cpp/Managed/UnityEngine.UnityCurlModule.dll --allowed-assembly=/Applications/Unity/Hub/Editor/6000.5.1f1/PlaybackEngines/AndroidPlayer/Variations/il2cpp/Managed/UnityEngine.UnityWebRequestAssetBundleModule.dll --allowed-assembly=/Applications/Unity/Hub/Editor/6000.5.1f1/PlaybackEngines/AndroidPlayer/Variations/il2cpp/Managed/UnityEngine.UnityWebRequestAudioModule.dll --allowed-assembly=/Applications/Unity/Hub/Editor/6000.5.1f1/PlaybackEngines/AndroidPlayer/Variations/il2cpp/Managed/UnityEngine.UnityWebRequestModule.dll --allowed-assembly=/Applications/Unity/Hub/Editor/6000.5.1f1/PlaybackEngines/AndroidPlayer/Variations/il2cpp/Managed/UnityEngine.UnityWebRequestTextureModule.dll --allowed-assembly=/Applications/Unity/Hub/Editor/6000.5.1f1/PlaybackEngines/AndroidPlayer/Variations/il2cpp/Managed/UnityEngine.UnityWebRequestWWWModule.dll --allowed-assembly=/Applications/Unity/Hub/Editor/6000.5.1f1/PlaybackEngines/AndroidPlayer/Variations/il2cpp/Managed/UnityEngine.VFXModule.dll --allowed-assembly=/Applications/Unity/Hub/Editor/6000.5.1f1/PlaybackEngines/AndroidPlayer/Variations/il2cpp/Managed/UnityEngine.VectorGraphicsModule.dll --allowed-assembly=/Applications/Unity/Hub/Editor/6000.5.1f1/PlaybackEngines/AndroidPlayer/Variations/il2cpp/Managed/UnityEngine.VehiclesModule.dll --allowed-assembly=/Applications/Unity/Hub/Editor/6000.5.1f1/PlaybackEngines/AndroidPlayer/Variations/il2cpp/Managed/UnityEngine.VideoModule.dll --allowed-assembly=/Applications/Unity/Hub/Editor/6000.5.1f1/PlaybackEngines/AndroidPlayer/Variations/il2cpp/Managed/UnityEngine.WindModule.dll --allowed-assembly=/Applications/Unity/Hub/Editor/6000.5.1f1/PlaybackEngines/AndroidPlayer/Variations/il2cpp/Managed/UnityEngine.XRModule.dll --allowed-assembly=/Applications/Unity/Hub/Editor/6000.5.1f1/PlaybackEngines/AndroidPlayer/Variations/il2cpp/Managed/UnityEngine.dll --allowed-assembly=/Users/ashupathak/Documents/Sagar/MusicPlayer/UnityGame/Library/Bee/PlayerScriptAssemblies/Assembly-CSharp.dll --allowed-assembly=/Users/ashupathak/Documents/Sagar/MusicPlayer/UnityGame/Library/Bee/PlayerScriptAssemblies/Unity.InternalAPIEngineBridge.004.dll --allowed-assembly=/Users/ashupathak/Documents/Sagar/MusicPlayer/UnityGame/Library/Bee/PlayerScriptAssemblies/Unity.Multiplayer.Center.Common.dll --allowed-assembly=/Users/ashupathak/Documents/Sagar/MusicPlayer/UnityGame/Library/Bee/PlayerScriptAssemblies/Unity.TextMeshPro.dll --allowed-assembly=/Users/ashupathak/Documents/Sagar/MusicPlayer/UnityGame/Library/Bee/PlayerScriptAssemblies/UnityEngine.UI.dll
*** Tundra requires additional run (3.61 seconds), 2417 items updated, 2443 evaluated
*** Additional run caused by: contents change of Library/Bee/artifacts/Android/ManagedStripped
Starting: /Applications/Unity/Hub/Editor/6000.5.1f1/Unity.app/Contents/Resources/Scripting/netcorerun/netcorerun "/Applications/Unity/Hub/Editor/6000.5.1f1/PlaybackEngines/AndroidPlayer/AndroidPlayerBuildProgram.exe" "/Applications/Unity/Hub/Editor/6000.5.1f1/PlaybackEngines/AndroidPlayer/Bee:/Applications/Unity/Hub/Editor/6000.5.1f1/Unity.app/Contents/Resources/BuildPipeline" "Library/Bee/Player731bf136.dag.json" "Library/Bee/Player731bf136-inputdata.json" "Library/Bee/buildprogram1.traceevents"
WorkingDir: /Users/ashupathak/Documents/Sagar/MusicPlayer/UnityGame
ExitCode: 4 Duration: 3s682ms
ExitCode: 0 Duration: 0s489ms
Starting: /Applications/Unity/Hub/Editor/6000.5.1f1/Unity.app/Contents/Resources/BuildPipeline/bee_backend --ipc --dagfile="Library/Bee/Player731bf136.dag" --dagfilejson="Library/Bee/Player731bf136.dag.json" --profile="Library/Bee/backend3.traceevents" Player
WorkingDir: /Users/ashupathak/Documents/Sagar/MusicPlayer/UnityGame
Finished compiling graph: 2517 nodes, 5124 flattened edges (5124 ToBuild, 0 ToUse), maximum node priority 57
[           0s] Delete 1 artifact files that are no longer in use. (like Library/Bee/artifacts/csharpactions/dummy-FeaturesChecked.txt_emel.info)
[   2/2515  0s] WriteText Library/Bee/artifacts/csharpactions/UnityEngine.UIElementsModule-FeaturesChecked.txt_aabo.info
[   3/2515  0s] WriteText Library/Bee/artifacts/csharpactions/UnityEngine.UI-FeaturesChecked.txt_v0bu.info
[   4/2515  0s] WriteText Library/Bee/artifacts/csharpactions/Assembly-CSharp-FeaturesChecked.txt_ki5r.info
[   5/2515  0s] WriteText Library/Bee/artifacts/csharpactions/UnityEngine.TilemapModule-FeaturesChecked.txt_xct4.info
[   6/2515  0s] WriteText Library/Bee/artifacts/csharpactions/Mono.Security-FeaturesChecked.txt_pcel.info
[   7/2515  0s] WriteText Library/Bee/artifacts/csharpactions/mscorlib-FeaturesChecked.txt_pwj8.info
[   8/2515  0s] WriteText Library/Bee/artifacts/csharpactions/UnityEngine.TextRenderingModule-FeaturesChecked.txt_ighi.info
[   9/2515  0s] WriteText Library/Bee/artifacts/csharpactions/System.Core-FeaturesChecked.txt_k2yd.info
[  10/2515  0s] WriteText Library/Bee/artifacts/csharpactions/System.Configuration-FeaturesChecked.txt_vfp9.info
[  11/2515  0s] WriteText Library/Bee/artifacts/csharpactions/System.Xml-FeaturesChecked.txt_wnnz.info
[  12/2515  0s] WriteText Library/Bee/artifacts/csharpactions/System.Runtime.CompilerServices.Unsafe-FeaturesChecked.txt_it0y.info
[  13/2515  0s] WriteText Library/Bee/artifacts/csharpactions/UnityEngine.TextCoreTextEngineModule-FeaturesChecked.txt_el85.info
[  14/2515  0s] WriteText Library/Bee/artifacts/csharpactions/System-FeaturesChecked.txt_v90b.info
[  15/2515  0s] WriteText Library/Bee/artifacts/csharpactions/UnityEngine.SharedInternalsModule-FeaturesChecked.txt_sm9d.info
[  16/2515  0s] WriteText Library/Bee/artifacts/csharpactions/UnityEngine.ScriptingModule-FeaturesChecked.txt_ym60.info
[  17/2515  0s] WriteText Library/Bee/artifacts/csharpactions/UnityEngine.AndroidJNIModule-FeaturesChecked.txt_x3ln.info
[  18/2515  0s] WriteText Library/Bee/artifacts/csharpactions/Unity.Scripting-FeaturesChecked.txt_k2ts.info
[  19/2515  0s] WriteText Library/Bee/artifacts/csharpactions/UnityEngine.PropertiesModule-FeaturesChecked.txt_m9z5.info
[  20/2515  0s] WriteText Library/Bee/artifacts/csharpactions/UnityEngine.SpriteShapeModule-FeaturesChecked.txt_zrrh.info
[  21/2515  0s] WriteText Library/Bee/artifacts/csharpactions/Unity.InternalAPIEngineBridge.004-FeaturesChecked.txt_re5z.info
[  22/2515  0s] WriteText Library/Bee/artifacts/csharpactions/UnityEngine.TextCoreFontEngineModule-FeaturesChecked.txt_4rfo.info
[  23/2515  0s] WriteText Library/Bee/artifacts/csharpactions/Unity.TextMeshPro-FeaturesChecked.txt_c7od.info
[  24/2515  0s] WriteText Library/Bee/artifacts/csharpactions/UnityEngine.UIModule-FeaturesChecked.txt_zatd.info
[  25/2515  0s] WriteText Library/Bee/artifacts/csharpactions/UnityEngine.AudioModule-FeaturesChecked.txt_tbfa.info
[  26/2515  0s] WriteText Library/Bee/artifacts/csharpactions/UnityEngine.AnimationModule-FeaturesChecked.txt_3sdh.info
[  27/2515  0s] WriteText Library/Bee/artifacts/csharpactions/UnityEngine.CoreModule-FeaturesChecked.txt_uimb.info
[  28/2515  0s] WriteText Library/Bee/artifacts/csharpactions/UnityEngine-FeaturesChecked.txt_x1ug.info
[  29/2515  0s] WriteText Library/Bee/artifacts/csharpactions/UnityEngine.GridModule-FeaturesChecked.txt_5p9t.info
[  30/2515  0s] WriteText Library/Bee/artifacts/csharpactions/UnityEngine.HierarchyCoreModule-FeaturesChecked.txt_rzjr.info
[  31/2515  0s] WriteText Library/Bee/artifacts/csharpactions/UnityEngine.IMGUIModule-FeaturesChecked.txt_ufk2.info
[  34/2515  0s] WriteText Library/Bee/artifacts/csharpactions/UnityEngine.Physics2DModule-FeaturesChecked.txt_45hf.info
[  39/2515  0s] WriteText Library/Bee/artifacts/csharpactions/UnityEngine.InputForUIModule-FeaturesChecked.txt_awp5.info
[  42/2515  0s] WriteText Library/Bee/artifacts/csharpactions/UnityEngine.ParticleSystemModule-FeaturesChecked.txt_kapj.info
[  43/2515  0s] WriteText Library/Bee/artifacts/csharpactions/UnityEngine.PhysicsModule-FeaturesChecked.txt_2l1t.info
[  45/2515  0s] WriteText Library/Bee/artifacts/csharpactions/UnityEngine.InputLegacyModule-FeaturesChecked.txt_y5my.info
[  46/2515  0s] WriteText Library/Bee/artifacts/csharpactions/UnityEngine.ContentLoadModule-FeaturesChecked.txt_23ys.info
[  47/2515  0s] WriteText Library/Bee/artifacts/csharpactions/IntermediateLauncherManifestDiag.txt_4oyd.info
[  51/2515  0s] WriteText Library/Bee/artifacts/csharpactions/unity_app_guid_ncg7.info
[  52/2515  0s] CopyFiles Build/unityLibrary/src/main/assets/bin/Data/sharedassets0.assets
[  53/2515  0s] CopyFiles Build/unityLibrary/src/main/assets/bin/Data/globalgamemanagers.assets.split2
[  54/2515  0s] CopyFiles Build/unityLibrary/src/main/assets/bin/Data/level0
[  55/2515  0s] CopyFiles Build/unityLibrary/src/main/assets/bin/Data/globalgamemanagers.assets.split1
[  56/2515  0s] CopyFiles Build/unityLibrary/src/main/assets/bin/Data/globalgamemanagers.assets.split0
[  88/2515  0s] ExtractUsedFeatures Library/Bee/artifacts/Android/Features/System.Xml-FeaturesChecked.txt
[  89/2515  0s] ExtractUsedFeatures Library/Bee/artifacts/Android/Features/UnityEngine.TextRenderingModule-FeaturesChecked.txt
[  90/2515  0s] ExtractUsedFeatures Library/Bee/artifacts/Android/Features/UnityEngine.HierarchyCoreModule-FeaturesChecked.txt
[  91/2515  0s] ExtractUsedFeatures Library/Bee/artifacts/Android/Features/UnityEngine.UI-FeaturesChecked.txt
[  92/2515  0s] ExtractUsedFeatures Library/Bee/artifacts/Android/Features/UnityEngine.SharedInternalsModule-FeaturesChecked.txt
[  93/2515  0s] ExtractUsedFeatures Library/Bee/artifacts/Android/Features/UnityEngine.PhysicsModule-FeaturesChecked.txt
[  94/2515  0s] ExtractUsedFeatures Library/Bee/artifacts/Android/Features/UnityEngine-FeaturesChecked.txt
[  95/2515  0s] ClassRegistrationGenerator /Users/ashupathak/Documents/Sagar/MusicPlayer/UnityGame/Library/Bee/artifacts/Android/il2cppOutput/UnityClassRegistration.cpp
[  96/2515  0s] ICallRegistrationGenerator /Users/ashupathak/Documents/Sagar/MusicPlayer/UnityGame/Library/Bee/artifacts/Android/il2cppOutput/UnityICallRegistration.cpp
[  97/2515  0s] ExtractUsedFeatures Library/Bee/artifacts/Android/Features/System.Core-FeaturesChecked.txt
[  98/2515  0s] ExtractUsedFeatures Library/Bee/artifacts/Android/Features/Assembly-CSharp-FeaturesChecked.txt
[  99/2515  0s] ExtractUsedFeatures Library/Bee/artifacts/Android/Features/Unity.Scripting-FeaturesChecked.txt
[ 100/2515  0s] ExtractUsedFeatures Library/Bee/artifacts/Android/Features/Mono.Security-FeaturesChecked.txt
[ 101/2515  0s] ExtractUsedFeatures Library/Bee/artifacts/Android/Features/Unity.TextMeshPro-FeaturesChecked.txt
[ 102/2515  0s] ExtractUsedFeatures Library/Bee/artifacts/Android/Features/UnityEngine.SpriteShapeModule-FeaturesChecked.txt
[ 103/2515  0s] ExtractUsedFeatures Library/Bee/artifacts/Android/Features/UnityEngine.InputLegacyModule-FeaturesChecked.txt
[ 104/2515  0s] ExtractUsedFeatures Library/Bee/artifacts/Android/Features/UnityEngine.ContentLoadModule-FeaturesChecked.txt
[ 105/2515  0s] ExtractUsedFeatures Library/Bee/artifacts/Android/Features/UnityEngine.CoreModule-FeaturesChecked.txt
[ 106/2515  0s] ExtractUsedFeatures Library/Bee/artifacts/Android/Features/UnityEngine.GridModule-FeaturesChecked.txt
[ 107/2515  0s] ExtractUsedFeatures Library/Bee/artifacts/Android/Features/UnityEngine.TextCoreTextEngineModule-FeaturesChecked.txt
[ 108/2515  0s] ExtractUsedFeatures Library/Bee/artifacts/Android/Features/UnityEngine.TextCoreFontEngineModule-FeaturesChecked.txt
[ 109/2515  0s] ExtractUsedFeatures Library/Bee/artifacts/Android/Features/UnityEngine.TilemapModule-FeaturesChecked.txt
[ 110/2515  0s] ExtractUsedFeatures Library/Bee/artifacts/Android/Features/UnityEngine.PropertiesModule-FeaturesChecked.txt
[ 111/2515  0s] ExtractUsedFeatures Library/Bee/artifacts/Android/Features/UnityEngine.UIElementsModule-FeaturesChecked.txt
[ 112/2515  0s] ExtractUsedFeatures Library/Bee/artifacts/Android/Features/UnityEngine.InputForUIModule-Fe[W] opendir() failed: /Users/ashupathak/Documents/Sagar/MusicPlayer/UnityGame/Library/Bee/artifacts/Android/il2cppOutput/cpp/Symbols
aturesChecked.txt
[ 113/2515  0s] ExtractUsedFeatures Library/Bee/artifacts/Android/Features/UnityEngine.AndroidJNIModule-FeaturesChecked.txt
[ 114/2515  0s] ExtractUsedFeatures Library/Bee/artifacts/Android/Features/mscorlib-FeaturesChecked.txt
[ 115/2515  0s] ExtractUsedFeatures Library/Bee/artifacts/Android/Features/UnityEngine.AnimationModule-FeaturesChecked.txt
[ 116/2515  0s] ExtractUsedFeatures Library/Bee/artifacts/Android/Features/UnityEngine.ScriptingModule-FeaturesChecked.txt
[ 117/2515  0s] ExtractUsedFeatures Library/Bee/artifacts/Android/Features/UnityEngine.Physics2DModule-FeaturesChecked.txt
[ 118/2515  0s] ExtractUsedFeatures Library/Bee/artifacts/Android/Features/UnityEngine.ParticleSystemModule-FeaturesChecked.txt
[ 119/2515  0s] ExtractUsedFeatures Library/Bee/artifacts/Android/Features/UnityEngine.IMGUIModule-FeaturesChecked.txt
[ 120/2515  0s] ExtractUsedFeatures Library/Bee/artifacts/Android/Features/UnityEngine.AudioModule-FeaturesChecked.txt
[ 121/2515  0s] ExtractUsedFeatures Library/Bee/artifacts/Android/Features/System.Configuration-FeaturesChecked.txt
[ 122/2515  0s] ExtractUsedFeatures Library/Bee/artifacts/Android/Features/Unity.InternalAPIEngineBridge.004-FeaturesChecked.txt
[ 123/2515  0s] ExtractUsedFeatures Library/Bee/artifacts/Android/Features/UnityEngine.UIModule-FeaturesChecked.txt
[ 125/2515  0s] ExtractUsedFeatures Library/Bee/artifacts/Android/Features/System.Runtime.CompilerServices.Unsafe-FeaturesChecked.txt
[2145/2515  0s] GuidGenerator Build/unityLibrary/src/main/assets/bin/Data/unity_app_guid
[2496/2515  1s] ExtractUsedFeatures Library/Bee/artifacts/Android/Features/System-FeaturesChecked.txt
[2497/2515  3s] Compile UnityClassRegistration Library/Bee/artifacts/Android/libunity/armeabi-v7a/UnityClassRegistration.o
clang++: warning: '-x c++' after last input file has no effect [-Wunused-command-line-argument]
[2498/2515  3s] Compile UnityClassRegistration Library/Bee/artifacts/Android/libunity/arm64-v8a/UnityClassRegistration.o
clang++: warning: '-x c++' after last input file has no effect [-Wunused-command-line-argument]
[2499/2515  3s] Compile UnityICallRegistration Library/Bee/artifacts/Android/libunity/armeabi-v7a/UnityICallRegistration.o
clang++: warning: '-x c++' after last input file has no effect [-Wunused-command-line-argument]
[2500/2515  3s] Compile UnityICallRegistration Library/Bee/artifacts/Android/libunity/arm64-v8a/UnityICallRegistration.o
clang++: warning: '-x c++' after last input file has no effect [-Wunused-command-line-argument]
[2501/2515  6s] IL2CPP_CodeGen /Users/ashupathak/Documents/Sagar/MusicPlayer/UnityGame/Library/Bee/artifacts/il2cpp_conv_y88s.traceevents
/Applications/Unity/Hub/Editor/6000.5.1f1/Unity.app/Contents/Resources/Scripting/il2cpp/build/deploy/il2cpp --convert-to-cpp --assembly=Library/Bee/artifacts/Android/ManagedStripped/Assembly-CSharp.dll --assembly=Library/Bee/artifacts/Android/ManagedStripped/Mono.Security.dll --assembly=Library/Bee/artifacts/Android/ManagedStripped/mscorlib.dll --assembly=Library/Bee/artifacts/Android/ManagedStripped/System.Configuration.dll --assembly=Library/Bee/artifacts/Android/ManagedStripped/System.Core.dll --assembly=Library/Bee/artifacts/Android/ManagedStripped/System.dll --assembly=Library/Bee/artifacts/Android/ManagedStripped/System.Runtime.CompilerServices.Unsafe.dll --assembly=Library/Bee/artifacts/Android/ManagedStripped/System.Xml.dll --assembly=Library/Bee/artifacts/Android/ManagedStripped/Unity.InternalAPIEngineBridge.004.dll --assembly=Library/Bee/artifacts/Android/ManagedStripped/Unity.Scripting.dll --assembly=Library/Bee/artifacts/Android/ManagedStripped/Unity.TextMeshPro.dll --assembly=Library/Bee/artifacts/Android/ManagedStripped/UnityEngine.AndroidJNIModule.dll --assembly=Library/Bee/artifacts/Android/ManagedStripped/UnityEngine.AnimationModule.dll --assembly=Library/Bee/artifacts/Android/ManagedStripped/UnityEngine.AudioModule.dll --assembly=Library/Bee/artifacts/Android/ManagedStripped/UnityEngine.ContentLoadModule.dll --assembly=Library/Bee/artifacts/Android/ManagedStripped/UnityEngine.CoreModule.dll --assembly=Library/Bee/artifacts/Android/ManagedStripped/UnityEngine.dll --assembly=Library/Bee/artifacts/Android/ManagedStripped/UnityEngine.GridModule.dll --assembly=Library/Bee/artifacts/Android/ManagedStripped/UnityEngine.HierarchyCoreModule.dll --assembly=Library/Bee/artifacts/Android/ManagedStripped/UnityEngine.IMGUIModule.dll --assembly=Library/Bee/artifacts/Android/ManagedStripped/UnityEngine.InputForUIModule.dll --assembly=Library/Bee/artifacts/Android/ManagedStripped/UnityEngine.InputLegacyModule.dll --assembly=Library/Bee/artifacts/Android/ManagedStripped/UnityEngine.ParticleSystemModule.dll --assembly=Library/Bee/artifacts/Android/ManagedStripped/UnityEngine.Physics2DModule.dll --assembly=Library/Bee/artifacts/Android/ManagedStripped/UnityEngine.PhysicsModule.dll --assembly=Library/Bee/artifacts/Android/ManagedStripped/UnityEngine.PropertiesModule.dll --assembly=Library/Bee/artifacts/Android/ManagedStripped/UnityEngine.ScriptingModule.dll --assembly=Library/Bee/artifacts/Android/ManagedStripped/UnityEngine.SharedInternalsModule.dll --assembly=Library/Bee/artifacts/Android/ManagedStripped/UnityEngine.SpriteShapeModule.dll --assembly=Library/Bee/artifacts/Android/ManagedStripped/UnityEngine.TextCoreFontEngineModule.dll --assembly=Library/Bee/artifacts/Android/ManagedStripped/UnityEngine.TextCoreTextEngineModule.dll --assembly=Library/Bee/artifacts/Android/ManagedStripped/UnityEngine.TextRenderingModule.dll --assembly=Library/Bee/artifacts/Android/ManagedStripped/UnityEngine.TilemapModule.dll --assembly=Library/Bee/artifacts/Android/ManagedStripped/UnityEngine.UI.dll --assembly=Library/Bee/artifacts/Android/ManagedStripped/UnityEngine.UIElementsModule.dll --assembly=Library/Bee/artifacts/Android/ManagedStripped/UnityEngine.UIModule.dll --generatedcppdir=/Users/ashupathak/Documents/Sagar/MusicPlayer/UnityGame/Library/Bee/artifacts/Android/il2cppOutput/cpp --symbols-folder=/Users/ashupathak/Documents/Sagar/MusicPlayer/UnityGame/Library/Bee/artifacts/Android/il2cppOutput/cpp/Symbols --enable-analytics --emit-null-checks --enable-array-bounds-check --dotnetprofile=unityaot-linux --usymtool-path=/Applications/Unity/Hub/Editor/6000.5.1f1/Unity.app/Contents/Helpers/usymtool --profiler-report --profiler-output-file=/Users/ashupathak/Documents/Sagar/MusicPlayer/UnityGame/Library/Bee/artifacts/il2cpp_conv_y88s.traceevents --print-command-line --static-lib-il2-cpp --data-folder=/Users/ashupathak/Documents/Sagar/MusicPlayer/UnityGame/Library/Bee/artifacts/Android/il2cppOutput/data
Warning: [Unity.TextMeshPro] - System.Void TMPro.TMP_TextParsingUtilities::.cctor() - Method was given it's own cpp file because it is large and costly to compile
Warning: [Unity.TextMeshPro] - System.Void TMPro.TextMeshPro::GenerateTextMesh() - Method was given it's own cpp file because it is large and costly to compile
Warning: [Unity.TextMeshPro] - System.Void TMPro.TextMeshProUGUI::GenerateTextMesh() - Method was given it's own cpp file because it is large and costly to compile
[2502/2515  3s] Link libunity Library/Bee/artifacts/Android/libunity/armeabi-v7a/unstripped/libunity.so
[2503/2515  3s] Link libunity Library/Bee/artifacts/Android/libunity/arm64-v8a/unstripped/libunity.so
[2504/2515  0s] Stripping Library/Bee/artifacts/Android/libunity/arm64-v8a/unstripped/libunity.so -> Library/Bee/artifacts/Android/libunity/arm64-v8a/stripped/libunity.so Library/Bee/artifacts/Android/libunity/arm64-v8a/stripped/libunity.so
[2505/2515  0s] Stripping Library/Bee/artifacts/Android/libunity/armeabi-v7a/unstripped/libunity.so -> Library/Bee/artifacts/Android/libunity/armeabi-v7a/stripped/libunity.so Library/Bee/artifacts/Android/libunity/armeabi-v7a/stripped/libunity.so
[2506/2515  0s] Generate Library/Bee/artifacts/Android/libunity/arm64-v8a/libunity.dbg.so from Library/Bee/artifacts/Android/libunity/arm64-v8a/unstripped/libunity.so Library/Bee/artifacts/Android/libunity/arm64-v8a/libunity.dbg.so
[2507/2515  0s] Generate Library/Bee/artifacts/Android/libunity/armeabi-v7a/libunity.dbg.so from Library/Bee/artifacts/Android/libunity/armeabi-v7a/unstripped/libunity.so Library/Bee/artifacts/Android/libunity/armeabi-v7a/libunity.dbg.so
[2508/2515  0s] Generate Library/Bee/artifacts/Android/libunity/arm64-v8a/libunity.sym.so from Library/Bee/artifacts/Android/libunity/arm64-v8a/libunity.dbg.so Library/Bee/artifacts/Android/libunity/arm64-v8a/libunity.sym.so
[2509/2515  0s] Adding note Library/Bee/artifacts/Android/libunity/arm64-v8a/stripped/libunity.so -> Build/unityLibrary/src/main/jniLibs/arm64-v8a/libunity.so Build/unityLibrary/src/main/jniLibs/arm64-v8a/libunity.so
[2510/2515  0s] Generate Library/Bee/artifacts/Android/libunity/armeabi-v7a/libunity.sym.so from Library/Bee/artifacts/Android/libunity/armeabi-v7a/libunity.dbg.so Library/Bee/artifacts/Android/libunity/armeabi-v7a/libunity.sym.so
[2511/2515  0s] Adding note Library/Bee/artifacts/Android/libunity/armeabi-v7a/stripped/libunity.so -> Build/unityLibrary/src/main/jniLibs/armeabi-v7a/libunity.so Build/unityLibrary/src/main/jniLibs/armeabi-v7a/libunity.so
*** Tundra requires additional run (8.17 seconds), 97 items updated, 2515 evaluated
*** Additional run caused by: timestamp change of Library/Bee/artifacts/Android/Features/UnityEngine.UIModule-FeaturesChecked.txt
Starting: /Applications/Unity/Hub/Editor/6000.5.1f1/Unity.app/Contents/Resources/Scripting/netcorerun/netcorerun "/Applications/Unity/Hub/Editor/6000.5.1f1/PlaybackEngines/AndroidPlayer/AndroidPlayerBuildProgram.exe" "/Applications/Unity/Hub/Editor/6000.5.1f1/PlaybackEngines/AndroidPlayer/Bee:/Applications/Unity/Hub/Editor/6000.5.1f1/Unity.app/Contents/Resources/BuildPipeline" "Library/Bee/Player731bf136.dag.json" "Library/Bee/Player731bf136-inputdata.json" "Library/Bee/buildprogram2.traceevents"
WorkingDir: /Users/ashupathak/Documents/Sagar/MusicPlayer/UnityGame
ExitCode: 4 Duration: 8s267ms
ExitCode: 0 Duration: 0s698ms
Starting: /Applications/Unity/Hub/Editor/6000.5.1f1/Unity.app/Contents/Resources/BuildPipeline/bee_backend --ipc --dagfile="Library/Bee/Player731bf136.dag" --dagfilejson="Library/Bee/Player731bf136.dag.json" --profile="Library/Bee/backend4.traceevents" Player
WorkingDir: /Users/ashupathak/Documents/Sagar/MusicPlayer/UnityGame
Finished compiling graph: 2759 nodes, 5852 flattened edges (5852 ToBuild, 0 ToUse), maximum node priority 291
[  56/2757  0s] WriteText Library/Bee/artifacts/csharpactions/unity_app_guid_ncg7.info
[1663/2757  0s] CopyFiles Build/unityLibrary/src/main/assets/bin/Data/Managed/Resources/mscorlib.dll-resources.dat
[1664/2757  0s] CopyFiles Build/unityLibrary/src/main/assets/bin/Data/Managed/Metadata/global-metadata.dat
[1665/2757  0s] CopyFiles Build/unityLibrary/src/main/Il2CppOutputProject/Source/il2cppOutput/UnityEngine.PropertiesModule_CodeGen.c
[1666/2757  0s] CopyFiles Build/unityLibrary/src/main/Il2CppOutputProject/Source/il2cppOutput/UnityEngine.PropertiesModule.cpp
[1667/2757  0s] CopyFiles Build/unityLibrary/src/main/Il2CppOutputProject/Source/il2cppOutput/GenericMethods__7.cpp
[1668/2757  0s] CopyFiles Build/unityLibrary/src/main/Il2CppOutputProject/Source/il2cppOutput/Generics__38.cpp
[1669/2757  0s] CopyFiles Build/unityLibrary/src/main/Il2CppOutputProject/Source/il2cppOutput/UnityEngine.SharedInternalsModule.cpp
[1670/2757  0s] CopyFiles Build/unityLibrary/src/main/Il2CppOutputProject/Source/il2cppOutput/UnityEngine.SharedInternalsModule_CodeGen.c
[1671/2757  0s] CopyFiles Build/unityLibrary/src/main/Il2CppOutputProject/Source/il2cppOutput/Generics__46.cpp
[1672/2757  0s] CopyFiles Build/unityLibrary/src/main/Il2CppOutputProject/Source/il2cppOutput/Generics__49.cpp
[1673/2757  0s] CopyFiles Build/unityLibrary/src/main/Il2CppOutputProject/Source/il2cppOutput/GenericMethods__4.cpp
[1674/2757  0s] CopyFiles Build/unityLibrary/src/main/Il2CppOutputProject/Source/il2cppOutput/System__2.cpp
[1675/2757  0s] CopyFiles Build/unityLibrary/src/main/Il2CppOutputProject/Source/il2cppOutput/Generics__54.cpp
[1676/2757  0s] CopyFiles Build/unityLibrary/src/main/Il2CppOutputProject/Source/il2cppOutput/Generics__17.cpp
[1677/2757  0s] CopyFiles Build/unityLibrary/src/main/Il2CppOutputProject/Source/il2cppOutput/UnityEngine.UI__1.cpp
[1678/2757  0s] CopyFiles Build/unityLibrary/src/main/Il2CppOutputProject/Source/il2cppOutput/mscorlib__15.cpp
[1679/2757  0s] CopyFiles Build/unityLibrary/src/main/Il2CppOutputProject/Source/il2cppOutput/UnityEngine.CoreModule_CodeGen.c
[1680/2757  0s] CopyFiles Build/unityLibrary/src/main/Il2CppOutputProject/Source/il2cppOutput/GenericMethods__26.cpp
[1681/2757  0s] CopyFiles Build/unityLibrary/src/main/Il2CppOutputProject/Source/il2cppOutput/UnityEngine.CoreModule__1.cpp
[1682/2757  0s] CopyFiles Build/unityLibrary/src/main/Il2CppOutputProject/Source/il2cppOutput/System.Xml.cpp
[1683/2757  0s] CopyFiles Build/unityLibrary/src/main/Il2CppOutputProject/Source/il2cppOutput/UnityEngine.CoreModule.cpp
[1684/2757  0s] CopyFiles Build/unityLibrary/src/main/Il2CppOutputProject/Source/il2cppOutput/Il2CppInvokerTable.cpp
[1685/2757  0s] CopyFiles Build/unityLibrary/src/main/Il2CppOutputProject/Source/il2cppOutput/Generics__69.cpp
[1686/2757  0s] CopyFiles Build/unityLibrary/src/main/Il2CppOutputProject/Source/il2cppOutput/Mono.Security.cpp
[1687/2757  0s] CopyFiles Build/unityLibrary/src/main/Il2CppOutputProject/Source/il2cppOutput/UnityEngine.CoreModule__2.cpp
[1688/2757  0s] CopyFiles Build/unityLibrary/src/main/Il2CppOutputProject/Source/il2cppOutput/Generics__21.cpp
[1689/2757  0s] CopyFiles Build/unityLibrary/src/main/Il2CppOutputProject/Source/il2cppOutput/Assembly-CSharp.cpp
[1690/2757  0s] CopyFiles Build/unityLibrary/src/main/Il2CppOutputProject/Source/il2cppOutput/mscorlib__11.cpp
[1691/2757  0s] CopyFiles Build/unityLibrary/src/main/Il2CppOutputProject/Source/il2cppOutput/Generics__68.cpp
[1692/2757  0s] CopyFiles Build/unityLibrary/src/main/Il2CppOutputProject/Source/il2cppOutput/Generics__41.cpp
[1693/2757  0s] CopyFiles Build/unityLibrary/src/main/Il2CppOutputProject/Source/il2cppOutput/Il2CppRgctxTable.c
[1694/2757  0s] CopyFiles Build/unityLibrary/src/main/Il2CppOutputProject/Source/il2cppOutput/UnityEngine.ParticleSystemModule_CodeGen.c
[1695/2757  0s] CopyFiles Build/unityLibrary/src/main/Il2CppOutputProject/Source/il2cppOutput/Generics__9.cpp
[1696/2757  0s] CopyFiles Build/unityLibrary/src/main/Il2CppOutputProject/Source/il2cppOutput/UnityEngine.ParticleSystemModule.cpp
[1697/2757  0s] CopyFiles Build/unityLibrary/src/main/Il2CppOutputProject/Source/il2cppOutput/Generics__27.cpp
[1698/2757  0s] CopyFiles Build/unityLibrary/src/main/Il2CppOutputProject/Source/il2cppOutput/Generics__61.cpp
[1699/2757  0s] CopyFiles Build/unityLibrary/src/main/Il2CppOutputProject/Source/il2cppOutput/mscorlib__1.cpp
[1700/2757  0s] CopyFiles Build/unityLibrary/src/main/Il2CppOutputProject/Source/il2cppOutput/Generics__25.cpp
[1701/2757  0s] CopyFiles Build/unityLibrary/src/main/Il2CppOutputProject/Source/il2cppOutput/System.Core_CodeGen.c
[1702/2757  0s] CopyFiles Build/unityLibrary/src/main/Il2CppOutputProject/Source/il2cppOutput/GenericMethods__10.cpp
[1703/2757  0s] CopyFiles Build/unityLibrary/src/main/Il2CppOutputProject/Source/il2cppOutput/UnityEngine.UIModule_CodeGen.c
[1704/2757  0s] CopyFiles Build/unityLibrary/src/main/Il2CppOutputProject/Source/il2cppOutput/GenericMethods__22.cpp
[1705/2757  0s] CopyFiles Build/unityLibrary/src/main/Il2CppOutputProject/Source/il2cppOutput/Unity.TextMeshPro_CodeGen.c
[1706/2757  0s] CopyFiles Build/unityLibrary/src/main/Il2CppOutputProject/Source/il2cppOutput/System.Configuration_CodeGen.c
[1707/2757  0s] CopyFiles Build/unityLibrary/src/main/Il2CppOutputProject/Source/il2cppOutput/Generics__62.cpp
[1708/2757  0s] CopyFiles Build/unityLibrary/src/main/Il2CppOutputProject/Source/il2cppOutput/Generics__34.cpp
[1709/2757  0s] CopyFiles Build/unityLibrary/src/main/Il2CppOutputProject/Source/il2cppOutput/System__1.cpp
[1710/2757  0s] CopyFiles Build/unityLibrary/src/main/Il2CppOutputProject/Source/il2cppOutput/GenericMethods__9.cpp
[1711/2757  0s] CopyFiles Build/unityLibrary/src/main/Il2CppOutputProject/Source/il2cppOutput/GenericMethods__12.cpp
[1712/2757  0s] CopyFiles Build/unityLibrary/src/main/Il2CppOutputProject/Source/il2cppOutput/Generics__6.cpp
[1713/2757  0s] CopyFiles Build/unityLibrary/src/main/Il2CppOutputProject/Source/il2cppOutput/Generics__66.cpp
[1714/2757  0s] CopyFiles Build/unityLibrary/src/main/Il2CppOutputProject/Source/il2cppOutput/UnityEngine.IMGUIModule_CodeGen.c
[1715/2757  0s] CopyFiles Build/unityLibrary/src/main/Il2CppOutputProject/Source/il2cppOutput/GenericMethods__1.cpp
[1716/2757  0s] CopyFiles Build/unityLibrary/src/main/Il2CppOutputProject/Source/il2cppOutput/Il2CppGenericAdjustorThunkTable.c
[1717/2757  0s] CopyFiles Build/unityLibrary/src/main/Il2CppOutputProject/Source/il2cppOutput/Generics__16.cpp
[1718/2757  0s] CopyFiles Build/unityLibrary/src/main/Il2CppOutputProject/Source/il2cppOutput/UnityEngine.Physics2DModule_CodeGen.c
[1719/2757  0s] CopyFiles Build/unityLibrary/src/main/Il2CppOutputProject/Source/il2cppOutput/Generics__44.cpp
[1720/2757  0s] CopyFiles Build/unityLibrary/src/main/Il2CppOutputProject/Source/il2cppOutput/UnityEngine.Physics2DModule.cpp
[1721/2757  0s] CopyFiles Build/unityLibrary/src/main/Il2CppOutputProject/Source/il2cppOutput/UnityEngine.PhysicsModule_CodeGen.c
[1722/2757  0s] CopyFiles Build/unityLibrary/src/main/Il2CppOutputProject/Source/il2cppOutput/GenericMethods__8.cpp
[1723/2757  0s] CopyFiles Build/unityLibrary/src/main/Il2CppOutputProject/Source/il2cppOutput/Generics__5.cpp
[1724/2757  0s] CopyFiles Build/unityLibrary/src/main/Il2CppOutputProject/Source/il2cppOutput/UnityEngine.IMGUIModule.cpp
[1725/2757  0s] CopyFiles Build/unityLibrary/src/main/Il2CppOutputProject/Source/il2cppOutput/Generics__65.cpp
[1726/2757  0s] CopyFiles Build/unityLibrary/src/main/Il2CppOutputProject/Source/il2cppOutput/Il2CppInteropDataTable.cpp
[1727/2757  0s] CopyFiles Build/unityLibrary/src/main/Il2CppOutputProject/Source/il2cppOutput/UnityEngine.SpriteShapeModule_CodeGen.c
[1728/2757  0s] CopyFiles Build/unityLibrary/src/main/Il2CppOutputProject/Source/il2cppOutput/Il2CppCCTypeValuesTable.c
[1729/2757  0s] CopyFiles Build/unityLibrary/src/main/Il2CppOutputProject/Source/il2cppOutput/UnityEngine.SpriteShapeModule.cpp
[1730/2757  0s] CopyFiles Build/unityLibrary/src/main/Il2CppOutputProject/Source/il2cppOutput/UnityEngine.PhysicsModule.cpp
[1731/2757  0s] CopyFiles Build/unityLibrary/src/main/Il2CppOutputProject/Source/il2cppOutput/GenericMethods__19.cpp
[1732/2757  0s] CopyFiles Build/unityLibrary/src/main/Il2CppOutputProject/Source/il2cppOutput/Generics__3.cpp
[1733/2757  0s] CopyFiles Build/unityLibrary/src/main/Il2CppOutputProject/Source/il2cppOutput/Generics__4.cpp
[1734/2757  0s] CopyFiles Build/unityLibrary/src/main/Il2CppOutputProject/Source/il2cppOutput/System.cpp
[1735/2757  0s] CopyFiles Build/unityLibrary/src/main/Il2CppOutputProject/Source/il2cppOutput/UnityEngine.TilemapModule_CodeGen.c
[1736/2757  0s] CopyFiles Build/unityLibrary/src/main/Il2CppOutputProject/Source/il2cppOutput/UnityEngine.TilemapModule.cpp
[1737/2757  0s] CopyFiles Build/unityLibrary/src/main/Il2CppOutputProject/Source/il2cppOutput/Generics__59.cpp
[1738/2757  0s] CopyFiles Build/unityLibrary/src/main/Il2CppOutputProject/Source/il2cppOutput/Generics__2.cpp
[1739/2757  0s] CopyFiles Build/unityLibrary/src/main/Il2CppOutputProject/Source/il2cppOutput/Mono.Security_CodeGen.c
[1740/2757  0s] CopyFiles Build/unityLibrary/src/main/Il2CppOutputProject/Source/il2cppOutput/UnityEngine.AudioModule_CodeGen.c
[1741/2757  0s] CopyFiles Build/unityLibrary/src/main/Il2CppOutputProject/Source/il2cppOutput/System_CodeGen.c
[1742/2757  0s] CopyFiles Build/unityLibrary/src/main/Il2CppOutputProject/Source/il2cppOutput/Generics__29.cpp
[1743/2757  0s] CopyFiles Build/unityLibrary/src/main/Il2CppOutputProject/Source/il2cppOutput/UnityEngine.AudioModule.cpp
[1744/2757  0s] CopyFiles Build/unityLibrary/src/main/Il2CppOutputProject/Source/il2cppOutput/UnityEngine_CodeGen.c
[1745/2757  0s] CopyFiles Build/unityLibrary/src/main/Il2CppOutputProject/Source/il2cppOutput/Generics__7.cpp
[1746/2757  0s] CopyFiles Build/unityLibrary/src/main/Il2CppOutputProject/Source/il2cppOutput/UnityEngine.UI__2.cpp
[1747/2757  0s] CopyFiles Build/unityLibrary/src/main/Il2CppOutputProject/Source/il2cppOutput/UnityEngine.cpp
[1748/2757  0s] CopyFiles Build/unityLibrary/src/main/Il2CppOutputProject/Source/il2cppOutput/Generics__64.cpp
[1749/2757  0s] CopyFiles Build/unityLibrary/src/main/Il2CppOutputProject/Source/il2cppOutput/Generics__18.cpp
[1750/2757  0s] CopyFiles Build/unityLibrary/src/main/Il2CppOutputProject/Source/il2cppOutput/Unity.Scripting_CodeGen.c
[1751/2757  0s] CopyFiles Build/unityLibrary/src/main/Il2CppOutputProject/Source/il2cppOutput/GenericMethods__23.cpp
[1752/2757  0s] CopyFiles Build/unityLibrary/src/main/Il2CppOutputProject/Source/il2cppOutput/System.Core.cpp
[1753/2757  0s] CopyFiles Build/unityLibrary/src/main/Il2CppOutputProject/Source/il2cppOutput/Generics__36.cpp
[1754/2757  0s] CopyFiles Build/unityLibrary/src/main/Il2CppOutputProject/Source/il2cppOutput/Generics__35.cpp
[1755/2757  0s] CopyFiles Build/unityLibrary/src/main/Il2CppOutputProject/Source/il2cppOutput/UnityEngine.UI.cpp
[1756/2757  0s] CopyFiles Build/unityLibrary/src/main/Il2CppOutputProject/Source/il2cppOutput/GenericMethods__24.cpp
[1757/2757  0s] CopyFiles Build/unityLibrary/src/main/Il2CppOutputProject/Source/il2cppOutput/GenericMethods__18.cpp
[1758/2757  0s] CopyFiles Build/unityLibrary/src/main/Il2CppOutputProject/Source/il2cppOutput/Generics__12.cpp
[1759/2757  0s] CopyFiles Build/unityLibrary/src/main/Il2CppOutputProject/Source/il2cppOutput/Generics__19.cpp
[1760/2757  0s] CopyFiles Build/unityLibrary/src/main/Il2CppOutputProject/Source/il2cppOutput/UnityEngine.HierarchyCoreModule_CodeGen.c
[1761/2757  0s] CopyFiles Build/unityLibrary/src/main/Il2CppOutputProject/Source/il2cppOutput/Generics__56.cpp
[1762/2757  0s] CopyFiles Build/unityLibrary/src/main/Il2CppOutputProject/Source/il2cppOutput/Il2CppTypeDefinitions.c
[1763/2757  0s] CopyFiles Build/unityLibrary/src/main/Il2CppOutputProject/Source/il2cppOutput/Generics__8.cpp
[1764/2757  0s] CopyFiles Build/unityLibrary/src/main/Il2CppOutputProject/Source/il2cppOutput/GenericMethods__3.cpp
[1765/2757  0s] CopyFiles Build/unityLibrary/src/main/Il2CppOutputProject/Source/il2cppOutput/Generics__14.cpp
[1766/2757  0s] CopyFiles Build/unityLibrary/src/main/Il2CppOutputProject/Source/il2cppOutput/UnityEngine.HierarchyCoreModule.cpp
[1767/2757  0s] CopyFiles Build/unityLibrary/src/main/Il2CppOutputProject/Source/il2cppOutput/mscorlib__2.cpp
[1768/2757  0s] CopyFiles Build/unityLibrary/src/main/Il2CppOutputProject/Source/il2cppOutput/GenericMethods__5.cpp
[1769/2757  0s] CopyFiles Build/unityLibrary/src/main/Il2CppOutputProject/Source/il2cppOutput/Generics__67.cpp
[1770/2757  0s] CopyFiles Build/unityLibrary/src/main/Il2CppOutputProject/Source/il2cppOutput/UnityEngine.ContentLoadModule_CodeGen.c
[1771/2757  0s] CopyFiles Build/unityLibrary/src/main/Il2CppOutputProject/Source/il2cppOutput/UnityEngine.ContentLoadModule.cpp
[1772/2757  0s] CopyFiles Build/unityLibrary/src/main/Il2CppOutputProject/Source/il2cppOutput/mscorlib__14.cpp
[1773/2757  0s] CopyFiles Build/unityLibrary/src/main/Il2CppOutputProject/Source/il2cppOutput/GenericMethods__11.cpp
[1774/2757  0s] CopyFiles Build/unityLibrary/src/main/Il2CppOutputProject/Source/il2cppOutput/UnityEngine.InputLegacyModule_CodeGen.c
[1775/2757  0s] CopyFiles Build/unityLibrary/src/main/Il2CppOutputProject/Source/il2cppOutput/Generics__1.cpp
[1776/2757  0s] CopyFiles Build/unityLibrary/src/main/Il2CppOutputProject/Source/il2cppOutput/GenericMethods__6.cpp
[1777/2757  0s] CopyFiles Build/unityLibrary/src/main/Il2CppOutputProject/Source/il2cppOutput/GenericMethods__25.cpp
[1778/2757  0s] CopyFiles Build/unityLibrary/src/main/Il2CppOutputProject/Source/il2cppOutput/Il2CppMetadataRegistration.c
[1779/2757  0s] GuidGenerator Build/unityLibrary/src/main/assets/bin/Data/unity_app_guid
[1780/2757  0s] CopyFiles Build/unityLibrary/src/main/Il2CppOutputProject/Source/il2cppOutput/__Generated_CodeGen.c
[1781/2757  0s] CopyFiles Build/unityLibrary/src/main/Il2CppOutputProject/Source/il2cppOutput/UnityEngine.InputLegacyModule.cpp
[1782/2757  0s] CopyFiles Build/unityLibrary/src/main/Il2CppOutputProject/Source/il2cppOutput/Il2CppGenericMethodDefinitions.c
[1783/2757  0s] CopyFiles Build/unityLibrary/src/main/Il2CppOutputProject/Source/il2cppOutput/mscorlib__5.cpp
[1784/2757  0s] CopyFiles Build/unityLibrary/src/main/Il2CppOutputProject/Source/il2cppOutput/Il2CppGenericMethodTable.c
[1785/2757  0s] CopyFiles Build/unityLibrary/src/main/Il2CppOutputProject/Source/il2cppOutput/Generics__22.cpp
[1786/2757  0s] CopyFiles Build/unityLibrary/src/main/Il2CppOutputProject/Source/il2cppOutput/UnityEngine.UI_CodeGen.c
[1787/2757  0s] CopyFiles Build/unityLibrary/src/main/Il2CppOutputProject/Source/il2cppOutput/GenericMethods__17.cpp
[1788/2757  0s] CopyFiles Build/unityLibrary/src/main/Il2CppOutputProject/Source/il2cppOutput/Generics__28.cpp
[1789/2757  0s] CopyFiles Build/unityLibrary/src/main/Il2CppOutputProject/Source/il2cppOutput/Il2CppGenericMethodPointerTable.c
[1790/2757  0s] CopyFiles Build/unityLibrary/src/main/Il2CppOutputProject/Source/il2cppOutput/Generics__32.cpp
[1791/2757  0s] CopyFiles Build/unityLibrary/src/main/Il2CppOutputProject/Source/il2cppOutput/System.Xml_CodeGen.c
[1792/2757  0s] CopyFiles Build/unityLibrary/src/main/Il2CppOutputProject/Source/il2cppOutput/Generics__10.cpp
[1793/2757  0s] CopyFiles Build/unityLibrary/src/main/Il2CppOutputProject/Source/il2cppOutput/Il2CppGenericInstDefinitions.c
[1794/2757  0s] CopyFiles Build/unityLibrary/src/main/Il2CppOutputProject/Source/il2cppOutput/Unity.InternalAPIEngineBridge.004_CodeGen.c
[1795/2757  0s] CopyFiles Build/unityLibrary/src/main/Il2CppOutputProject/Source/il2cppOutput/mscorlib__13.cpp
[1796/2757  0s] CopyFiles Build/unityLibrary/src/main/Il2CppOutputProject/Source/il2cppOutput/Unity.InternalAPIEngineBridge.004.cpp
[1797/2757  0s] CopyFiles Build/unityLibrary/src/main/Il2CppOutputProject/Source/il2cppOutput/mscorlib__7.cpp
[1798/2757  0s] CopyFiles Build/unityLibrary/src/main/Il2CppOutputProject/Source/il2cppOutput/Generics__52.cpp
[1799/2757  0s] CopyFiles Build/unityLibrary/src/main/Il2CppOutputProject/Source/il2cppOutput/__Generated.cpp
[1800/2757  0s] CopyFiles Build/unityLibrary/src/main/Il2CppOutputProject/Source/il2cppOutput/Generics__48.cpp
[1801/2757  0s] CopyFiles Build/unityLibrary/src/main/Il2CppOutputProject/Source/il2cppOutput/Generics.cpp
[1802/2757  0s] CopyFiles Build/unityLibrary/src/main/Il2CppOutputProject/Source/il2cppOutput/Unity.Scripting.cpp
[1803/2757  0s] CopyFiles Build/unityLibrary/src/main/Il2CppOutputProject/Source/il2cppOutput/mscorlib__16.cpp
[1804/2757  0s] CopyFiles Build/unityLibrary/src/main/Il2CppOutputProject/Source/il2cppOutput/UnityEngine.TextRenderingModule_CodeGen.c
[1805/2757  0s] CopyFiles Build/unityLibrary/src/main/Il2CppOutputProject/Source/il2cppOutput/UnityEngine.UIModule.cpp
[1806/2757  0s] CopyFiles Build/unityLibrary/src/main/Il2CppOutputProject/Source/il2cppOutput/UnityEngine.GridModule.cpp
[1807/2757  0s] CopyFiles Build/unityLibrary/src/main/Il2CppOutputProject/Source/il2cppOutput/Generics__51.cpp
[1808/2757  0s] CopyFiles Build/unityLibrary/src/main/Il2CppOutputProject/Source/il2cppOutput/UnityEngine.GridModule_CodeGen.c
[1809/2757  0s] CopyFiles Build/unityLibrary/src/main/Il2CppOutputProject/Source/il2cppOutput/Il2CppMetadataUsage.c
[1810/2757  0s] CopyFiles Build/unityLibrary/src/main/Il2CppOutputProject/Source/il2cppOutput/Generics__15.cpp
[1811/2757  0s] CopyFiles Build/unityLibrary/src/main/Il2CppOutputProject/Source/il2cppOutput/Il2CppReversePInvokeWrapperTable.cpp
[1812/2757  0s] CopyFiles Build/unityLibrary/src/main/Il2CppOutputProject/Source/il2cppOutput/UnityEngine.TextRenderingModule.cpp
[1813/2757  0s] CopyFiles Build/unityLibrary/src/main/Il2CppOutputProject/Source/il2cppOutput/Generics__31.cpp
[1814/2757  0s] CopyFiles Build/unityLibrary/src/main/Il2CppOutputProject/Source/il2cppOutput/Generics__40.cpp
[1815/2757  0s] CopyFiles Build/unityLibrary/src/main/Il2CppOutputProject/Source/il2cppOutput/Generics__63.cpp
[1816/2757  0s] CopyFiles Build/unityLibrary/src/main/Il2CppOutputProject/Source/il2cppOutput/UnityEngine.UI__3.cpp
[1817/2757  0s] CopyFiles Build/unityLibrary/src/main/Il2CppOutputProject/Source/il2cppOutput/Il2CppCCalculateFieldValues1.cpp
[1818/2757  0s] CopyFiles Build/unityLibrary/src/main/Il2CppOutputProject/Source/il2cppOutput/Unity.TextMeshPro__8.cpp
[1819/2757  0s] CopyFiles Build/unityLibrary/src/main/Il2CppOutputProject/Source/il2cppOutput/mscorlib__10.cpp
[1820/2757  0s] CopyFiles Build/unityLibrary/src/main/Il2CppOutputProject/Source/il2cppOutput/Il2CppCCalculateFieldValues.cpp
[1821/2757  0s] CopyFiles Build/unityLibrary/src/main/Il2CppOutputProject/Source/il2cppOutput/Generics__60.cpp
[1822/2757  0s] CopyFiles Build/unityLibrary/src/main/Il2CppOutputProject/Source/il2cppOutput/Unity.TextMeshPro__3.cpp
[1823/2757  0s] CopyFiles Build/unityLibrary/src/main/Il2CppOutputProject/Source/il2cppOutput/Unity.TextMeshPro__7.cpp
[1824/2757  0s] CopyFiles Build/unityLibrary/src/main/Il2CppOutputProject/Source/il2cppOutput/Unity.TextMeshPro__2.cpp
[1825/2757  0s] CopyFiles Build/unityLibrary/src/main/Il2CppOutputProject/Source/il2cppOutput/GenericMethods__14.cpp
[1826/2757  0s] CopyFiles Build/unityLibrary/src/main/Il2CppOutputProject/Source/il2cppOutput/Unity.TextMeshPro__5.cpp
[1827/2757  0s] CopyFiles Build/unityLibrary/src/main/Il2CppOutputProject/Source/il2cppOutput/Unity.TextMeshPro__6.cpp
[1828/2757  0s] CopyFiles Build/unityLibrary/src/main/Il2CppOutputProject/Source/il2cppOutput/Unity.TextMeshPro__1.cpp
[1829/2757  0s] CopyFiles Build/unityLibrary/src/main/Il2CppOutputProject/Source/il2cppOutput/mscorlib_CodeGen.c
[1830/2757  0s] CopyFiles Build/unityLibrary/src/main/Il2CppOutputProject/Source/il2cppOutput/GenericMethods.cpp
[1831/2757  0s] CopyFiles Build/unityLibrary/src/main/Il2CppOutputProject/Source/il2cppOutput/Unity.TextMeshPro__4.cpp
[1832/2757  0s] CopyFiles Build/unityLibrary/src/main/Il2CppOutputProject/Source/il2cppOutput/Il2CppCodeRegistration.cpp
[1833/2757  0s] CopyFiles Build/unityLibrary/src/main/Il2CppOutputProject/Source/il2cppOutput/mscorlib__6.cpp
[1834/2757  0s] CopyFiles Build/unityLibrary/src/main/Il2CppOutputProject/Source/il2cppOutput/Generics__45.cpp
[1835/2757  0s] CopyFiles Build/unityLibrary/src/main/Il2CppOutputProject/Source/il2cppOutput/Generics__24.cpp
[1836/2757  0s] CopyFiles Build/unityLibrary/src/main/Il2CppOutputProject/Source/il2cppOutput/UnityEngine.AndroidJNIModule_CodeGen.c
[1837/2757  0s] CopyFiles Build/unityLibrary/src/main/Il2CppOutputProject/Source/il2cppOutput/Unity.TextMeshPro.cpp
[1838/2757  0s] CopyFiles Build/unityLibrary/src/main/Il2CppOutputProject/Source/il2cppOutput/Assembly-CSharp_CodeGen.c
[1839/2757  0s] CopyFiles Build/unityLibrary/src/main/Il2CppOutputProject/Source/il2cppOutput/Generics__53.cpp
[1840/2757  0s] CopyFiles Build/unityLibrary/src/main/Il2CppOutputProject/Source/il2cppOutput/GenericMethods__21.cpp
[1841/2757  0s] CopyFiles Build/unityLibrary/src/main/Il2CppOutputProject/Source/il2cppOutput/Generics__13.cpp
[1842/2757  0s] CopyFiles Build/unityLibrary/src/main/Il2CppOutputProject/Source/il2cppOutput/mscorlib.cpp
[1843/2757  0s] CopyFiles Build/unityLibrary/src/main/Il2CppOutputProject/Source/il2cppOutput/Generics__57.cpp
[1844/2757  0s] CopyFiles Build/unityLibrary/src/main/Il2CppOutputProject/Source/il2cppOutput/GenericMethods__2.cpp
[1845/2757  0s] CopyFiles Build/unityLibrary/src/main/Il2CppOutputProject/Source/il2cppOutput/UnityEngine.InputForUIModule_CodeGen.c
[1846/2757  0s] CopyFiles Build/unityLibrary/src/main/Il2CppOutputProject/Source/il2cppOutput/Generics__55.cpp
[1847/2757  0s] CopyFiles Build/unityLibrary/src/main/Il2CppOutputProject/Source/il2cppOutput/UnityEngine.AndroidJNIModule.cpp
[1848/2757  0s] CopyFiles Build/unityLibrary/src/main/Il2CppOutputProject/Source/il2cppOutput/Il2CppCCFieldValuesTable.c
[1849/2757  0s] CopyFiles Build/unityLibrary/src/main/Il2CppOutputProject/Source/il2cppOutput/GenericMethods__15.cpp
[1850/2757  0s] CopyFiles Build/unityLibrary/src/main/Il2CppOutputProject/Source/il2cppOutput/mscorlib__3.cpp
[1851/2757  0s] CopyFiles Build/unityLibrary/src/main/Il2CppOutputProject/Source/il2cppOutput/mscorlib__9.cpp
[1852/2757  0s] CopyFiles Build/unityLibrary/src/main/Il2CppOutputProject/Source/il2cppOutput/UnityEngine.InputForUIModule.cpp
[1853/2757  0s] CopyFiles Build/unityLibrary/src/main/Il2CppOutputProject/Source/il2cppOutput/Generics__50.cpp
[1854/2757  0s] CopyFiles Build/unityLibrary/src/main/Il2CppOutputProject/Source/il2cppOutput/Generics__42.cpp
[1855/2757  0s] CopyFiles Build/unityLibrary/src/main/Il2CppOutputProject/Source/il2cppOutput/Generics__20.cpp
[1856/2757  0s] CopyFiles Build/unityLibrary/src/main/Il2CppOutputProject/Source/il2cppOutput/System.Runtime.CompilerServices.Unsafe_CodeGen.c
[1857/2757  0s] CopyFiles Build/unityLibrary/src/main/Il2CppOutputProject/Source/il2cppOutput/System.Runtime.CompilerServices.Unsafe.cpp
[1858/2757  0s] CopyFiles Build/unityLibrary/src/main/Il2CppOutputProject/Source/il2cppOutput/System.Configuration.cpp
[1859/2757  0s] CopyFiles Build/unityLibrary/src/main/Il2CppOutputProject/Source/il2cppOutput/Generics__58.cpp
[1860/2757  0s] CopyFiles Build/unityLibrary/src/main/Il2CppOutputProject/Source/il2cppOutput/Generics__26.cpp
[1861/2757  0s] CopyFiles Build/unityLibrary/src/main/Il2CppOutputProject/Source/il2cppOutput/Generics__33.cpp
[1862/2757  0s] CopyFiles Build/unityLibrary/src/main/Il2CppOutputProject/Source/il2cppOutput/UnityEngine.ScriptingModule_CodeGen.c
[1863/2757  0s] CopyFiles Build/unityLibrary/src/main/Il2CppOutputProject/Source/il2cppOutput/mscorlib__8.cpp
[1864/2757  0s] CopyFiles Build/unityLibrary/src/main/Il2CppOutputProject/Source/il2cppOutput/UnityEngine.ScriptingModule.cpp
[1865/2757  0s] CopyFiles Build/unityLibrary/src/main/Il2CppOutputProject/Source/il2cppOutput/Generics__39.cpp
[1866/2757  0s] CopyFiles Build/unityLibrary/src/main/Il2CppOutputProject/Source/il2cppOutput/GenericMethods__13.cpp
[1867/2757  0s] CopyFiles Build/unityLibrary/src/main/Il2CppOutputProject/Source/il2cppOutput/Generics__23.cpp
[1868/2757  0s] CopyFiles Build/unityLibrary/src/main/Il2CppOutputProject/Source/il2cppOutput/Generics__43.cpp
[1869/2757  0s] CopyFiles Build/unityLibrary/src/main/Il2CppOutputProject/Source/il2cppOutput/mscorlib__12.cpp
[1870/2757  0s] CopyFiles Build/unityLibrary/src/main/Il2CppOutputProject/Source/il2cppOutput/Il2CppCCalculateTypeValues.cpp
[1871/2757  0s] Generate Manifests Library/Bee/artifacts/Android/Manifest/IntermediateLauncherManifestDiag.txt (+3 others)
[1872/2757  0s] CopyFiles Build/unityLibrary/src/main/Il2CppOutputProject/Source/il2cppOutput/UnityEngine.UIElementsModule__7.cpp
[1873/2757  0s] CopyFiles Build/unityLibrary/src/main/Il2CppOutputProject/Source/il2cppOutput/UnityEngine.UIElementsModule__2.cpp
[1874/2757  0s] CopyFiles Build/unityLibrary/src/main/Il2CppOutputProject/Source/il2cppOutput/UnityEngine.UIElementsModule__6.cpp
[1875/2757  0s] CopyFiles Build/unityLibrary/src/main/Il2CppOutputProject/Source/il2cppOutput/UnityEngine.UIElementsModule__9.cpp
[1876/2757  0s] CopyFiles Build/unityLibrary/src/main/Il2CppOutputProject/Source/il2cppOutput/UnityEngine.UIElementsModule__8.cpp
[1877/2757  0s] CopyFiles Build/unityLibrary/src/main/Il2CppOutputProject/Source/il2cppOutput/UnityEngine.UIElementsModule__5.cpp
[1878/2757  0s] CopyFiles Build/unityLibrary/src/main/Il2CppOutputProject/Source/il2cppOutput/UnityEngine.UIElementsModule__1.cpp
[1879/2757  0s] CopyFiles Build/unityLibrary/src/main/Il2CppOutputProject/Source/il2cppOutput/UnityEngine.UIElementsModule__4.cpp
[1880/2757  0s] CopyFiles Build/unityLibrary/src/main/Il2CppOutputProject/Source/il2cppOutput/UnityEngine.UIElementsModule__11.cpp
[1881/2757  0s] CopyFiles Build/unityLibrary/src/main/Il2CppOutputProject/Source/il2cppOutput/UnityEngine.UIElementsModule__3.cpp
[1882/2757  0s] CopyFiles Build/unityLibrary/src/main/Il2CppOutputProject/Source/il2cppOutput/UnityEngine.UIElementsModule__14.cpp
[1883/2757  0s] CopyFiles Build/unityLibrary/src/main/Il2CppOutputProject/Source/il2cppOutput/UnityEngine.UIElementsModule__15.cpp
[1884/2757  0s] CopyFiles Build/unityLibrary/src/main/Il2CppOutputProject/Source/il2cppOutput/UnityEngine.UIElementsModule__10.cpp
[1885/2757  0s] CopyFiles Build/unityLibrary/src/main/Il2CppOutputProject/Source/il2cppOutput/UnityEngine.UIElementsModule__13.cpp
[1886/2757  0s] CopyFiles Build/unityLibrary/src/main/Il2CppOutputProject/Source/il2cppOutput/UnityEngine.UIElementsModule__12.cpp
[1887/2757  0s] CopyFiles Build/unityLibrary/src/main/Il2CppOutputProject/Source/il2cppOutput/UnityEngine.UIElementsModule_CodeGen.c
[1888/2757  0s] CopyFiles Build/unityLibrary/src/main/Il2CppOutputProject/Source/il2cppOutput/Il2CppGenericClassTable.c
[1889/2757  0s] CopyFiles Build/unityLibrary/src/main/Il2CppOutputProject/Source/il2cppOutput/Generics__37.cpp
[1890/2757  0s] CopyFiles Build/unityLibrary/src/main/Il2CppOutputProject/Source/il2cppOutput/UnityEngine.TextCoreFontEngineModule_CodeGen.c
[1891/2757  0s] CopyFiles Build/unityLibrary/src/main/Il2CppOutputProject/Source/il2cppOutput/GenericMethods__16.cpp
[1892/2757  0s] CopyFiles Build/unityLibrary/src/main/Il2CppOutputProject/Source/il2cppOutput/UnityEngine.TextCoreFontEngineModule.cpp
[1893/2757  0s] CopyFiles Build/unityLibrary/src/main/Il2CppOutputProject/Source/il2cppOutput/UnityEngine.UIElementsModule.cpp
[1894/2757  0s] CopyFiles Build/unityLibrary/src/main/Il2CppOutputProject/Source/il2cppOutput/UnityEngine.TextCoreTextEngineModule_CodeGen.c
[1895/2757  0s] CopyFiles Build/unityLibrary/src/main/Il2CppOutputProject/Source/il2cppOutput/UnityEngine.TextCoreTextEngineModule.cpp
[1896/2757  0s] CopyFiles Build/unityLibrary/src/main/Il2CppOutputProject/Source/il2cppOutput/Generics__11.cpp
[1897/2757  0s] CopyFiles Build/unityLibrary/src/main/Il2CppOutputProject/Source/il2cppOutput/UnityEngine.TextCoreTextEngineModule__2.cpp
[1898/2757  0s] CopyFiles Build/unityLibrary/src/main/Il2CppOutputProject/Source/il2cppOutput/Il2CppUnresolvedIndirectCallStubs.cpp
[1899/2757  0s] CopyFiles Build/unityLibrary/src/main/Il2CppOutputProject/Source/il2cppOutput/UnityEngine.AnimationModule_CodeGen.c
[1900/2757  0s] CopyFiles Build/unityLibrary/src/main/Il2CppOutputProject/Source/il2cppOutput/UnityEngine.TextCoreTextEngineModule__3.cpp
[1901/2757  0s] CopyFiles Build/unityLibrary/src/main/Il2CppOutputProject/Source/il2cppOutput/UnityEngine.TextCoreTextEngineModule__1.cpp
[1995/2757  0s] CopyFiles Build/unityLibrary/src/main/Il2CppOutputProject/Source/il2cppOutput/GenericMethods__20.cpp
[2021/2757  0s] CopyFiles Build/unityLibrary/src/main/Il2CppOutputProject/Source/il2cppOutput/mscorlib__4.cpp
[2095/2757  0s] CopyFiles Build/unityLibrary/src/main/Il2CppOutputProject/Source/il2cppOutput/UnityEngine.AnimationModule.cpp
[2170/2757  0s] CopyFiles Build/unityLibrary/src/main/Il2CppOutputProject/Source/il2cppOutput/Generics__30.cpp
[2186/2757  0s] CopyFiles Build/unityLibrary/src/main/Il2CppOutputProject/Source/il2cppOutput/Generics__47.cpp
[2212/2757  0s] CopyFiles Build/unityLibrary/src/main/Il2CppOutputProject/Source/il2cppOutput/mscorlib__17.cpp
[2756/2757  0s] ModifyAndroidProjectCallback Build/launcher/src/main/AndroidManifest.xml (+8 others)
*** Tundra build success (0.41 seconds), 247 items updated, 2757 evaluated
ExitCode: 0 Duration: 0s427ms
/Users/ashupathak/Documents/Sagar/MusicPlayer/UnityGame/Library/Bee/artifacts/Android/il2cppOutput/cpp: [Unity.TextMeshPro] - System.Void TMPro.TMP_TextParsingUtilities::.cctor() - Method was given it's own cpp file because it is large and costly to compile
UnityEngine.Debug:ExtractStackTraceNoAlloc (byte*,int,string)
UnityEngine.StackTraceUtility:ExtractStackTrace () (at /Users/bokken/build/output/unity/unity/Runtime/Export/Scripting/StackTrace.cs:35)
UnityEngine.DebugLogHandler:Internal_Log (UnityEngine.LogType,UnityEngine.LogOption,string,UnityEngine.Object)
UnityEngine.DebugLogHandler:LogFormat (UnityEngine.LogType,UnityEngine.Object,string,object[])
UnityEngine.Logger:Log (UnityEngine.LogType,object)
UnityEngine.Debug:LogWarning (object)
UnityEditor.Modules.BeeBuildPostprocessor:DefaultResultProcessor (Bee.BinLog.NodeFinishedMessage,bool,bool) (at /Users/bokken/build/output/unity/unity/Editor/Mono/Modules/BeeBuildPostprocessor.cs:653)
UnityEditor.Modules.BeeBuildPostprocessor:PrintStdoutOnErrorProcessor (Bee.BinLog.NodeFinishedMessage) (at /Users/bokken/build/output/unity/unity/Editor/Mono/Modules/BeeBuildPostprocessor.cs:600)
UnityEditor.Modules.BeeBuildPostprocessor:ReportBuildResults () (at /Users/bokken/build/output/unity/unity/Editor/Mono/Modules/BeeBuildPostprocessor.cs:666)
UnityEditor.Modules.BeeBuildPostprocessor:PostProcess (UnityEditor.Modules.BuildPostProcessArgs) (at /Users/bokken/build/output/unity/unity/Editor/Mono/Modules/BeeBuildPostprocessor.cs:828)
UnityEditor.Modules.BeeBuildPostprocessor:PostProcess (UnityEditor.Modules.BuildPostProcessArgs,UnityEditor.BuildProperties&) (at /Users/bokken/build/output/unity/unity/Editor/Mono/Modules/BeeBuildPostprocessor.cs:40)
UnityEditor.Android.AndroidBuildPostprocessor:PostProcess (UnityEditor.Modules.BuildPostProcessArgs,UnityEditor.BuildProperties&) (at /home/bokken/build/output/unity/unity/PlatformDependent/AndroidPlayer/Editor/Managed/ExtensionModule.cs:418)
UnityEditor.PostprocessBuildPlayer:Postprocess (UnityEditor.BuildTarget,int,string,string,string,UnityEditor.BuildOptions,UnityEditor.RuntimeClassRegistry,UnityEditor.Build.Reporting.BuildReport) (at /Users/bokken/build/output/unity/unity/Editor/Mono/BuildPipeline/PostprocessBuildPlayer.cs:347)
UnityEditor.BuildPipeline:BuildPlayerInternal (string[],string,string,UnityEditor.BuildTargetGroup,UnityEditor.BuildTarget,int,UnityEditor.BuildOptions,string[],string[],bool)
UnityEditor.BuildPipeline:BuildPlayer (UnityEditor.BuildPlayerOptions) (at /Users/bokken/build/output/unity/unity/Editor/Mono/BuildPipeline/BuildPipeline.bindings.cs:267)
BuildLibrary:BuildAndroidLibrary () (at Assets/Editor/BuildLibrary.cs:55)

(Filename: /Users/bokken/build/output/unity/unity/Editor/Mono/Modules/BeeBuildPostprocessor.cs Line: 653)

/Users/ashupathak/Documents/Sagar/MusicPlayer/UnityGame/Library/Bee/artifacts/Android/il2cppOutput/cpp: [Unity.TextMeshPro] - System.Void TMPro.TextMeshPro::GenerateTextMesh() - Method was given it's own cpp file because it is large and costly to compile
UnityEngine.Debug:ExtractStackTraceNoAlloc (byte*,int,string)
UnityEngine.StackTraceUtility:ExtractStackTrace () (at /Users/bokken/build/output/unity/unity/Runtime/Export/Scripting/StackTrace.cs:35)
UnityEngine.DebugLogHandler:Internal_Log (UnityEngine.LogType,UnityEngine.LogOption,string,UnityEngine.Object)
UnityEngine.DebugLogHandler:LogFormat (UnityEngine.LogType,UnityEngine.Object,string,object[])
UnityEngine.Logger:Log (UnityEngine.LogType,object)
UnityEngine.Debug:LogWarning (object)
UnityEditor.Modules.BeeBuildPostprocessor:DefaultResultProcessor (Bee.BinLog.NodeFinishedMessage,bool,bool) (at /Users/bokken/build/output/unity/unity/Editor/Mono/Modules/BeeBuildPostprocessor.cs:653)
UnityEditor.Modules.BeeBuildPostprocessor:PrintStdoutOnErrorProcessor (Bee.BinLog.NodeFinishedMessage) (at /Users/bokken/build/output/unity/unity/Editor/Mono/Modules/BeeBuildPostprocessor.cs:600)
UnityEditor.Modules.BeeBuildPostprocessor:ReportBuildResults () (at /Users/bokken/build/output/unity/unity/Editor/Mono/Modules/BeeBuildPostprocessor.cs:666)
UnityEditor.Modules.BeeBuildPostprocessor:PostProcess (UnityEditor.Modules.BuildPostProcessArgs) (at /Users/bokken/build/output/unity/unity/Editor/Mono/Modules/BeeBuildPostprocessor.cs:828)
UnityEditor.Modules.BeeBuildPostprocessor:PostProcess (UnityEditor.Modules.BuildPostProcessArgs,UnityEditor.BuildProperties&) (at /Users/bokken/build/output/unity/unity/Editor/Mono/Modules/BeeBuildPostprocessor.cs:40)
UnityEditor.Android.AndroidBuildPostprocessor:PostProcess (UnityEditor.Modules.BuildPostProcessArgs,UnityEditor.BuildProperties&) (at /home/bokken/build/output/unity/unity/PlatformDependent/AndroidPlayer/Editor/Managed/ExtensionModule.cs:418)
UnityEditor.PostprocessBuildPlayer:Postprocess (UnityEditor.BuildTarget,int,string,string,string,UnityEditor.BuildOptions,UnityEditor.RuntimeClassRegistry,UnityEditor.Build.Reporting.BuildReport) (at /Users/bokken/build/output/unity/unity/Editor/Mono/BuildPipeline/PostprocessBuildPlayer.cs:347)
UnityEditor.BuildPipeline:BuildPlayerInternal (string[],string,string,UnityEditor.BuildTargetGroup,UnityEditor.BuildTarget,int,UnityEditor.BuildOptions,string[],string[],bool)
UnityEditor.BuildPipeline:BuildPlayer (UnityEditor.BuildPlayerOptions) (at /Users/bokken/build/output/unity/unity/Editor/Mono/BuildPipeline/BuildPipeline.bindings.cs:267)
BuildLibrary:BuildAndroidLibrary () (at Assets/Editor/BuildLibrary.cs:55)

(Filename: /Users/bokken/build/output/unity/unity/Editor/Mono/Modules/BeeBuildPostprocessor.cs Line: 653)

/Users/ashupathak/Documents/Sagar/MusicPlayer/UnityGame/Library/Bee/artifacts/Android/il2cppOutput/cpp: [Unity.TextMeshPro] - System.Void TMPro.TextMeshProUGUI::GenerateTextMesh() - Method was given it's own cpp file because it is large and costly to compile
UnityEngine.Debug:ExtractStackTraceNoAlloc (byte*,int,string)
UnityEngine.StackTraceUtility:ExtractStackTrace () (at /Users/bokken/build/output/unity/unity/Runtime/Export/Scripting/StackTrace.cs:35)
UnityEngine.DebugLogHandler:Internal_Log (UnityEngine.LogType,UnityEngine.LogOption,string,UnityEngine.Object)
UnityEngine.DebugLogHandler:LogFormat (UnityEngine.LogType,UnityEngine.Object,string,object[])
UnityEngine.Logger:Log (UnityEngine.LogType,object)
UnityEngine.Debug:LogWarning (object)
UnityEditor.Modules.BeeBuildPostprocessor:DefaultResultProcessor (Bee.BinLog.NodeFinishedMessage,bool,bool) (at /Users/bokken/build/output/unity/unity/Editor/Mono/Modules/BeeBuildPostprocessor.cs:653)
UnityEditor.Modules.BeeBuildPostprocessor:PrintStdoutOnErrorProcessor (Bee.BinLog.NodeFinishedMessage) (at /Users/bokken/build/output/unity/unity/Editor/Mono/Modules/BeeBuildPostprocessor.cs:600)
UnityEditor.Modules.BeeBuildPostprocessor:ReportBuildResults () (at /Users/bokken/build/output/unity/unity/Editor/Mono/Modules/BeeBuildPostprocessor.cs:666)
UnityEditor.Modules.BeeBuildPostprocessor:PostProcess (UnityEditor.Modules.BuildPostProcessArgs) (at /Users/bokken/build/output/unity/unity/Editor/Mono/Modules/BeeBuildPostprocessor.cs:828)
UnityEditor.Modules.BeeBuildPostprocessor:PostProcess (UnityEditor.Modules.BuildPostProcessArgs,UnityEditor.BuildProperties&) (at /Users/bokken/build/output/unity/unity/Editor/Mono/Modules/BeeBuildPostprocessor.cs:40)
UnityEditor.Android.AndroidBuildPostprocessor:PostProcess (UnityEditor.Modules.BuildPostProcessArgs,UnityEditor.BuildProperties&) (at /home/bokken/build/output/unity/unity/PlatformDependent/AndroidPlayer/Editor/Managed/ExtensionModule.cs:418)
UnityEditor.PostprocessBuildPlayer:Postprocess (UnityEditor.BuildTarget,int,string,string,string,UnityEditor.BuildOptions,UnityEditor.RuntimeClassRegistry,UnityEditor.Build.Reporting.BuildReport) (at /Users/bokken/build/output/unity/unity/Editor/Mono/BuildPipeline/PostprocessBuildPlayer.cs:347)
UnityEditor.BuildPipeline:BuildPlayerInternal (string[],string,string,UnityEditor.BuildTargetGroup,UnityEditor.BuildTarget,int,UnityEditor.BuildOptions,string[],string[],bool)
UnityEditor.BuildPipeline:BuildPlayer (UnityEditor.BuildPlayerOptions) (at /Users/bokken/build/output/unity/unity/Editor/Mono/BuildPipeline/BuildPipeline.bindings.cs:267)
BuildLibrary:BuildAndroidLibrary () (at Assets/Editor/BuildLibrary.cs:55)

(Filename: /Users/bokken/build/output/unity/unity/Editor/Mono/Modules/BeeBuildPostprocessor.cs Line: 653)

Total cache size 88847880
Total cache size after purge 88847880, took 00:00:00.0372724
DisplayProgressbar: Calling IPostGenerateGradleAndroidProject callbacks
Calling IPostGenerateGradleAndroidProject callbacks on '/Users/ashupathak/Documents/Sagar/MusicPlayer/UnityGame/Build/unityLibrary':
Android PostProcess task "Calling IPostGenerateGradleAndroidProject callbacks" took 0.6909 ms
DisplayProgressbar: Validate Gradle Project
Android PostProcess task "Validate Gradle Project" took 0.3848 ms
Android PostProcess task "Unity Services Symbol Upload" took 1.8499 ms

-------------------------------------------------------------------------------
Build Report
Uncompressed usage by category (Percentages based on user generated assets only):
Textures               3.2 mb	 98.6% 
Meshes                 0.0 kb	 0.0% 
Animations             0.0 kb	 0.0% 
Sounds                 0.0 kb	 0.0% 
Shaders                14.2 kb	 0.4% 
Other Assets           1.5 kb	 0.0% 
Levels                 8.5 kb	 0.3% 
File headers           5.5 kb	 0.2% 
Total User Assets      3.2 mb	 100.0% 
Complete build size    444.9 mb
Used Assets and files from the Resources folder, sorted by uncompressed size:
 2.7 mb	 0.6% Built-in Texture2D: Splash Screen Unity Logo
 527.0 kb	 0.1% Resources/unity_builtin_extra
 0.4 kb	 0.0% Built-in Sprite: 
 0.2 kb	 0.0% Packages/com.unity.multiplayer.center/Common/IOnboardingSectionAnalyticsProvider.cs
 0.1 kb	 0.0% Packages/com.unity.multiplayer.center/Common/SelectedSolutionsData.cs
 0.1 kb	 0.0% Packages/com.unity.ugui/Runtime/UGUI/EventSystem/UIElements/UIToolkitInteroperabilityBridge.cs
 0.1 kb	 0.0% Packages/com.unity.multiplayer.center/Common/IOnboardingSection.cs
 0.1 kb	 0.0% Packages/com.unity.ugui/Runtime/TMP/TMP_SpriteAssetImportFormats.cs
 0.1 kb	 0.0% Packages/com.unity.multiplayer.center/Common/StyleConstants.cs
 0.1 kb	 0.0% Packages/com.unity.ugui/Runtime/UGUI/UI/Core/Layout/HorizontalOrVerticalLayoutGroup.cs
 0.1 kb	 0.0% Packages/com.unity.ugui/Runtime/TMP/TMP_DynamicFontAssetUtilities.cs
 0.1 kb	 0.0% Packages/com.unity.ugui/Runtime/UGUI/EventSystem/UIElements/WorldDocumentRaycaster.cs
 0.1 kb	 0.0% Packages/com.unity.ugui/Runtime/UGUI/EventSystem/InputModules/StandaloneInputModule.cs
 0.1 kb	 0.0% Packages/com.unity.multiplayer.center/Common/AnswerData.cs
 0.1 kb	 0.0% Packages/com.unity.ugui/Runtime/TMP/TMP_ScrollbarEventHandler.cs
 0.1 kb	 0.0% Packages/com.unity.ugui/Runtime/TMP/TMP_PackageResourceImporter.cs
 0.1 kb	 0.0% Packages/com.unity.ugui/Runtime/InternalBridge/ObjectUtilsBridge.cs
 0.1 kb	 0.0% Packages/com.unity.ugui/Runtime/UGUI/UI/Core/Utility/ReflectionMethodsCache.cs
 0.1 kb	 0.0% Packages/com.unity.ugui/Runtime/UGUI/UI/Core/MultipleDisplayUtilities.cs
 0.1 kb	 0.0% Packages/com.unity.ugui/Runtime/UGUI/UI/Core/Layout/HorizontalLayoutGroup.cs
 0.1 kb	 0.0% Packages/com.unity.ugui/Runtime/UGUI/UI/Core/IGraphicEnabledDisabled.cs
 0.1 kb	 0.0% Packages/com.unity.ugui/Runtime/UGUI/UI/Core/GraphicRebuildTracker.cs
 0.1 kb	 0.0% Packages/com.unity.ugui/Runtime/UGUI/UI/Core/Culling/RectangularVertexClipper.cs
 0.1 kb	 0.0% Packages/com.unity.ugui/Runtime/UGUI/EventSystem/UIElements/PanelEventHandler.cs
 0.1 kb	 0.0% Packages/com.unity.ugui/Runtime/UGUI/EventSystem/Raycasters/Physics2DRaycaster.cs
 0.1 kb	 0.0% Packages/com.unity.ugui/Runtime/UGUI/EventSystem/InputModules/PointerInputModule.cs
 0.1 kb	 0.0% Packages/com.unity.ugui/Runtime/UGUI/UI/Animation/CoroutineTween.cs
 0.1 kb	 0.0% Packages/com.unity.ugui/Runtime/UGUI/EventSystem/EventInterfaces.cs
 0.1 kb	 0.0% Packages/com.unity.ugui/Runtime/TMP/TMPro_ExtensionMethods.cs
 0.1 kb	 0.0% Packages/com.unity.ugui/Runtime/TMP/TMP_TextParsingUtilities.cs
 0.1 kb	 0.0% Packages/com.unity.ugui/Runtime/TMP/TMP_TextElement_Legacy.cs
 0.1 kb	 0.0% Packages/com.unity.ugui/Runtime/TMP/TMP_FontAssetUtilities.cs
 0.1 kb	 0.0% Packages/com.unity.ugui/Runtime/TMP/MaterialReferenceManager.cs
 0.1 kb	 0.0% Packages/com.unity.ugui/Runtime/TMP/FontFeatureCommonGSUB.cs
 0.1 kb	 0.0% Packages/com.unity.ugui/Runtime/UGUI/UI/Core/SetPropertyUtility.cs
 0.1 kb	 0.0% Packages/com.unity.ugui/Runtime/UGUI/UI/Core/MaterialModifiers/IMaterialModifier.cs
 0.1 kb	 0.0% Packages/com.unity.ugui/Runtime/UGUI/UI/Core/Layout/VerticalLayoutGroup.cs
 0.1 kb	 0.0% Packages/com.unity.ugui/Runtime/UGUI/UI/Core/Layout/ContentSizeFitter.cs
 0.1 kb	 0.0% Packages/com.unity.ugui/Runtime/UGUI/UI/Core/Layout/AspectRatioFitter.cs
 0.1 kb	 0.0% Packages/com.unity.ugui/Runtime/UGUI/UI/Core/FontUpdateTracker.cs
 0.1 kb	 0.0% Packages/com.unity.ugui/Runtime/UGUI/UI/Core/CanvasUpdateRegistry.cs
 0.1 kb	 0.0% Packages/com.unity.ugui/Runtime/UGUI/UI/Core/AnimationTriggers.cs
 0.1 kb	 0.0% Packages/com.unity.ugui/Runtime/UGUI/EventSystem/UIElements/PanelRaycaster.cs
 0.1 kb	 0.0% Packages/com.unity.ugui/Runtime/UGUI/EventSystem/Raycasters/PhysicsRaycaster.cs
 0.1 kb	 0.0% Packages/com.unity.ugui/Runtime/UGUI/EventSystem/Raycasters/BaseRaycaster.cs
 0.1 kb	 0.0% Packages/com.unity.ugui/Runtime/UGUI/EventSystem/RaycasterManager.cs
 0.1 kb	 0.0% Packages/com.unity.ugui/Runtime/UGUI/EventSystem/RaycastResult.cs
 0.1 kb	 0.0% Packages/com.unity.ugui/Runtime/UGUI/EventSystem/InputModules/TouchInputModule.cs
 0.1 kb	 0.0% Packages/com.unity.ugui/Runtime/UGUI/EventSystem/InputModules/BaseInputModule.cs
 0.1 kb	 0.0% Packages/com.unity.ugui/Runtime/UGUI/EventSystem/ExecuteEvents.cs
 0.1 kb	 0.0% Packages/com.unity.ugui/Runtime/UGUI/EventSystem/EventData/PointerEventData.cs
 0.1 kb	 0.0% Packages/com.unity.ugui/Runtime/UGUI/EventSystem/EventData/BaseEventData.cs
 0.1 kb	 0.0% Packages/com.unity.ugui/Runtime/UGUI/EventSystem/EventData/AxisEventData.cs
 0.1 kb	 0.0% Packages/com.unity.ugui/Runtime/TMP/TMP_TextProcessingStack.cs
 0.1 kb	 0.0% Packages/com.unity.ugui/Runtime/TMP/TMP_FontFeaturesCommon.cs
 0.1 kb	 0.0% Packages/com.unity.ugui/Runtime/TMP/TMPro_EventManager.cs
 0.1 kb	 0.0% Packages/com.unity.ugui/Runtime/TMP/TMP_UpdateRegistery.cs
 0.1 kb	 0.0% Packages/com.unity.ugui/Runtime/TMP/TMP_UpdateManager.cs
 0.1 kb	 0.0% Packages/com.unity.ugui/Runtime/TMP/TMP_TextUtilities.cs
 0.1 kb	 0.0% Packages/com.unity.ugui/Runtime/TMP/TMP_TextProcessingCommon.cs
 0.1 kb	 0.0% Packages/com.unity.ugui/Runtime/TMP/TMP_SpriteCharacter.cs
 0.1 kb	 0.0% Packages/com.unity.ugui/Runtime/TMP/TMP_SpriteAnimator.cs
 0.1 kb	 0.0% Packages/com.unity.ugui/Runtime/TMP/TMP_SelectionCaret.cs
 0.1 kb	 0.0% Packages/com.unity.ugui/Runtime/TMP/TMP_ResourcesManager.cs
 0.1 kb	 0.0% Packages/com.unity.ugui/Runtime/TMP/TMP_MaterialManager.cs
 0.1 kb	 0.0% Packages/com.unity.ugui/Runtime/TMP/TMP_InputValidator.cs
 0.1 kb	 0.0% Packages/com.unity.ugui/Runtime/TMP/TMP_FontFeatureTable.cs
 0.1 kb	 0.0% Packages/com.unity.ugui/Runtime/TMP/TMP_DefaultControls.cs
 0.1 kb	 0.0% Packages/com.unity.ugui/Runtime/TMP/TMP_Compatibility.cs
 0.1 kb	 0.0% Packages/com.unity.ugui/Runtime/TMP/TMP_ColorGradient.cs
 0.1 kb	 0.0% Packages/com.unity.ugui/Runtime/TMP/TMP_CharacterInfo.cs
 0.1 kb	 0.0% Packages/com.unity.ugui/Runtime/TMP/ITextPreProcessor.cs
 0.1 kb	 0.0% Packages/com.unity.ugui/Runtime/TMP/FontFeatureCommonGPOS.cs
 0.1 kb	 0.0% Packages/com.unity.ugui/Runtime/InternalBridge/TMPHelpURL.cs
 0.1 kb	 0.0% Packages/com.unity.ugui/Runtime/UGUI/UI/Core/VertexModifiers/PositionAsUV1.cs
 0.1 kb	 0.0% Packages/com.unity.ugui/Runtime/UGUI/UI/Core/VertexModifiers/IMeshModifier.cs
 0.1 kb	 0.0% Packages/com.unity.ugui/Runtime/UGUI/UI/Core/VertexModifiers/BaseMeshEffect.cs
 0.1 kb	 0.0% Packages/com.unity.ugui/Runtime/UGUI/UI/Core/StencilMaterial.cs
 0.1 kb	 0.0% Packages/com.unity.ugui/Runtime/UGUI/UI/Core/RaycastReceiver.cs
 0.1 kb	 0.0% Packages/com.unity.ugui/Runtime/UGUI/UI/Core/MaskableGraphic.cs
 0.1 kb	 0.0% Packages/com.unity.ugui/Runtime/UGUI/UI/Core/MaskUtilities.cs
 0.1 kb	 0.0% Packages/com.unity.ugui/Runtime/UGUI/UI/Core/Layout/LayoutUtility.cs
 0.1 kb	 0.0% Packages/com.unity.ugui/Runtime/UGUI/UI/Core/Layout/LayoutRebuilder.cs
 0.1 kb	 0.0% Packages/com.unity.ugui/Runtime/UGUI/UI/Core/Layout/LayoutElement.cs
 0.1 kb	 0.0% Packages/com.unity.ugui/Runtime/UGUI/UI/Core/Layout/ILayoutElement.cs
 0.1 kb	 0.0% Packages/com.unity.ugui/Runtime/UGUI/UI/Core/Layout/GridLayoutGroup.cs
 0.1 kb	 0.0% Packages/com.unity.ugui/Runtime/UGUI/UI/Core/GraphicRegistry.cs
 0.1 kb	 0.0% Packages/com.unity.ugui/Runtime/UGUI/UI/Core/GraphicRaycaster.cs
 0.1 kb	 0.0% Packages/com.unity.ugui/Runtime/UGUI/UI/Core/DefaultControls.cs
 0.1 kb	 0.0% Packages/com.unity.ugui/Runtime/UGUI/UI/Core/Culling/ClipperRegistry.cs
 0.1 kb	 0.0% Packages/com.unity.ugui/Runtime/UGUI/EventSystem/UIBehaviour.cs
 0.1 kb	 0.0% Packages/com.unity.ugui/Runtime/UGUI/EventSystem/InputModules/BaseInput.cs
 0.1 kb	 0.0% Packages/com.unity.ugui/Runtime/UGUI/EventSystem/EventTrigger.cs
 0.1 kb	 0.0% Packages/com.unity.ugui/Runtime/UGUI/EventSystem/EventSystem.cs
 0.1 kb	 0.0% Packages/com.unity.ugui/Runtime/TMP/TMPro_MeshUtilities.cs
 0.1 kb	 0.0% Packages/com.unity.ugui/Runtime/TMP/TMP_ShaderUtilities.cs
 0.1 kb	 0.0% Packages/com.unity.ugui/Runtime/TMP/TMP_RichTextTagsCommon.cs
 0.1 kb	 0.0% Packages/com.unity.ugui/Runtime/TMP/TMP_FontAssetCommon.cs
 0.1 kb	 0.0% Packages/com.unity.ugui/Runtime/TMP/TextMeshProUGUI.cs
 0.1 kb	 0.0% Packages/com.unity.ugui/Runtime/TMP/TextContainer.cs
 0.1 kb	 0.0% Packages/com.unity.ugui/Runtime/TMP/TMP_TextElement.cs
 0.1 kb	 0.0% Packages/com.unity.ugui/Runtime/TMP/TMP_SubMeshUI.cs
 0.1 kb	 0.0% Packages/com.unity.ugui/Runtime/TMP/TMP_StyleSheet.cs
 0.1 kb	 0.0% Packages/com.unity.ugui/Runtime/TMP/TMP_SpriteGlyph.cs
 0.1 kb	 0.0% Packages/com.unity.ugui/Runtime/TMP/TMP_SpriteAsset.cs
 0.1 kb	 0.0% Packages/com.unity.ugui/Runtime/TMP/TMP_InputField.cs
 0.1 kb	 0.0% Packages/com.unity.ugui/Runtime/TMP/TMP_FontAsset.cs
 0.1 kb	 0.0% Packages/com.unity.ugui/Runtime/TMP/TMP_CoroutineTween.cs
 0.1 kb	 0.0% Packages/com.unity.ugui/Runtime/TMP/TMP_Character.cs
 0.1 kb	 0.0% Packages/com.unity.ugui/Runtime/UGUI/UI/Core/Utility/VertexHelper.cs
 0.1 kb	 0.0% Packages/com.unity.ugui/Runtime/UGUI/UI/Core/ToggleGroup.cs
 0.1 kb	 0.0% Packages/com.unity.ugui/Runtime/UGUI/UI/Core/SpriteState.cs
 0.1 kb	 0.0% Packages/com.unity.ugui/Runtime/UGUI/UI/Core/Selectable.cs
 0.1 kb	 0.0% Packages/com.unity.ugui/Runtime/UGUI/UI/Core/Scrollbar.cs
 0.1 kb	 0.0% Packages/com.unity.ugui/Runtime/UGUI/UI/Core/ScrollRect.cs
 0.1 kb	 0.0% Packages/com.unity.ugui/Runtime/UGUI/UI/Core/RectMask2D.cs
 0.1 kb	 0.0% Packages/com.unity.ugui/Runtime/UGUI/UI/Core/Navigation.cs
 0.1 kb	 0.0% Packages/com.unity.ugui/Runtime/UGUI/UI/Core/Layout/LayoutGroup.cs
 0.1 kb	 0.0% Packages/com.unity.ugui/Runtime/UGUI/UI/Core/Layout/CanvasScaler.cs
 0.1 kb	 0.0% Packages/com.unity.ugui/Runtime/UGUI/UI/Core/InputField.cs
 0.1 kb	 0.0% Packages/com.unity.ugui/Runtime/UGUI/UI/Core/IMaskable.cs
 0.1 kb	 0.0% Packages/com.unity.ugui/Runtime/UGUI/UI/Core/ColorBlock.cs
 0.1 kb	 0.0% Packages/com.unity.ugui/Runtime/UGUI/UI/Core/Culling/IClipRegion.cs
 0.1 kb	 0.0% Packages/com.unity.ugui/Runtime/TMP/TextMeshPro.cs
 0.1 kb	 0.0% Packages/com.unity.ugui/Runtime/TMP/TMP_TextInfo.cs
 0.1 kb	 0.0% Packages/com.unity.ugui/Runtime/TMP/TMP_SubMesh.cs
 0.1 kb	 0.0% Packages/com.unity.ugui/Runtime/TMP/TMP_Style.cs
 0.1 kb	 0.0% Packages/com.unity.ugui/Runtime/TMP/TMP_Sprite.cs
 0.1 kb	 0.0% Packages/com.unity.ugui/Runtime/TMP/TMP_Settings.cs
 0.1 kb	 0.0% Packages/com.unity.ugui/Runtime/TMP/TMP_MeshInfo.cs
 0.1 kb	 0.0% Packages/com.unity.ugui/Runtime/TMP/TMP_LineInfo.cs
 0.1 kb	 0.0% Packages/com.unity.ugui/Runtime/TMP/TMP_Dropdown.cs
 0.1 kb	 0.0% Packages/com.unity.ugui/Runtime/TMP/TMP_Asset.cs
 0.1 kb	 0.0% Packages/com.unity.ugui/Runtime/TMP/FastAction.cs
 0.1 kb	 0.0% Packages/com.unity.ugui/Runtime/UGUI/UI/Core/VertexModifiers/Shadow.cs
 0.1 kb	 0.0% Packages/com.unity.ugui/Runtime/UGUI/UI/Core/VertexModifiers/Outline.cs
 0.1 kb	 0.0% Packages/com.unity.ugui/Runtime/UGUI/UI/Core/Toggle.cs
 0.1 kb	 0.0% Packages/com.unity.ugui/Runtime/UGUI/UI/Core/Slider.cs
 0.1 kb	 0.0% Packages/com.unity.ugui/Runtime/UGUI/UI/Core/RawImage.cs
 0.1 kb	 0.0% Packages/com.unity.ugui/Runtime/UGUI/UI/Core/Image.cs
 0.1 kb	 0.0% Packages/com.unity.ugui/Runtime/UGUI/UI/Core/IMask.cs
 0.1 kb	 0.0% Packages/com.unity.ugui/Runtime/UGUI/UI/Core/Graphic.cs
 0.1 kb	 0.0% Packages/com.unity.ugui/Runtime/UGUI/UI/Core/FontData.cs
 0.1 kb	 0.0% Packages/com.unity.ugui/Runtime/UGUI/UI/Core/Dropdown.cs
 0.1 kb	 0.0% Packages/com.unity.ugui/Runtime/UGUI/UI/Core/Culling/Clipping.cs
 0.1 kb	 0.0% Packages/com.unity.ugui/Runtime/UGUI/UI/Core/Button.cs
 0.1 kb	 0.0% Assets/Scripts/BeatMapGenerator.cs
 0.1 kb	 0.0% Packages/com.unity.ugui/Runtime/TMP/TMP_Text.cs
 0.1 kb	 0.0% Packages/com.unity.ugui/Runtime/UGUI/UI/Core/Text.cs
 0.1 kb	 0.0% Packages/com.unity.ugui/Runtime/UGUI/UI/Core/Misc.cs
 0.1 kb	 0.0% Packages/com.unity.ugui/Runtime/UGUI/UI/Core/Mask.cs
 0.1 kb	 0.0% Assets/Scripts/UIManager.cs
 0.1 kb	 0.0% Assets/Scripts/TwistEffect.cs
 0.1 kb	 0.0% Assets/Scripts/TileSpawner.cs
 0.1 kb	 0.0% Assets/Scripts/ScoreManager.cs
 0.1 kb	 0.0% Assets/Scripts/GameEngine.cs
 0.1 kb	 0.0% Assets/Scripts/AudioManager.cs
 0.1 kb	 0.0% Assets/Scripts/HitZone.cs
 0.1 kb	 0.0% Assets/Scripts/Tile.cs
-------------------------------------------------------------------------------
Unloading 4 Unused Serialized files (Serialized files now loaded: 0)
Unloading 4 unused Assets / (6.7 KB). Loaded Objects now: 1140.
Memory consumption went from 130.2 MB to 130.2 MB.
Total: 14.644208 ms (FindLiveObjects: 0.220583 ms CreateObjectMapping: 0.040375 ms MarkObjects: 11.970000 ms  DeleteObjects: 2.412500 ms)

Build Finished, Result: Success.
##utp:{"success":true,"type":"PlayerBuildInfo","version":2,"phase":"Immediate","time":1788535638334,"processId":22858,"steps":[{"description":"Preprocess Player","duration":8},{"description":"Prepare For Build","duration":8255},{"description":"ProducePlayerScriptAssemblies","duration":6190},{"description":"Verify Build setup","duration":19},{"description":"Prepare assets for target platform","duration":10},{"description":"Prepare splash screen","duration":876},{"description":"Build scripts DLLs","duration":11},{"description":"Building scenes","duration":100},{"description":"Build GlobalGameManagers file","duration":107},{"description":"Writing asset files","duration":547},{"description":"Building Resources/unity_builtin_extra","duration":13312},{"description":"Write data build dirty tracking information","duration":23},{"description":"Postprocess built player","duration":14895}],"duration":44353}
Unloading 0 Unused Serialized files (Serialized files now loaded: 0)
Loaded scene 'Temp/__Backupscenes/0.backup'
	Deserialize:            3.814 ms
	Integration:            12.793 ms
	Integration of assets:  0.002 ms
	Thread Wait Time:       0.013 ms
	Total Operation Time:   16.622 ms
Unloading 0 unused Assets / (0 B). Loaded Objects now: 1133.
Memory consumption went from 130.0 MB to 130.0 MB.
Total: 8.276083 ms (FindLiveObjects: 0.051750 ms CreateObjectMapping: 0.027959 ms MarkObjects: 8.190666 ms  DeleteObjects: 0.004958 ms)

Launching external process: /Applications/Unity/Hub/Editor/6000.5.1f1/Unity.app/Contents/Resources/Scripting/il2cpp/build/deploy/Analytics
[BuildLibrary] Android Library build succeeded: 466484774 bytes
UnityEngine.Debug:ExtractStackTraceNoAlloc (byte*,int,string)
UnityEngine.StackTraceUtility:ExtractStackTrace () (at /Users/bokken/build/output/unity/unity/Runtime/Export/Scripting/StackTrace.cs:35)
UnityEngine.DebugLogHandler:Internal_Log (UnityEngine.LogType,UnityEngine.LogOption,string,UnityEngine.Object)
UnityEngine.DebugLogHandler:LogFormat (UnityEngine.LogType,UnityEngine.Object,string,object[])
UnityEngine.Logger:Log (UnityEngine.LogType,object)
UnityEngine.Debug:Log (object)
BuildLibrary:BuildAndroidLibrary () (at Assets/Editor/BuildLibrary.cs:60)

(Filename: Assets/Editor/BuildLibrary.cs Line: 60)

[BuildLibrary] Copied library to /Users/ashupathak/Documents/Sagar/MusicPlayer/UnityGame/../../android/app/libs/NightLightGame
UnityEngine.Debug:ExtractStackTraceNoAlloc (byte*,int,string)
UnityEngine.StackTraceUtility:ExtractStackTrace () (at /Users/bokken/build/output/unity/unity/Runtime/Export/Scripting/StackTrace.cs:35)
UnityEngine.DebugLogHandler:Internal_Log (UnityEngine.LogType,UnityEngine.LogOption,string,UnityEngine.Object)
UnityEngine.DebugLogHandler:LogFormat (UnityEngine.LogType,UnityEngine.Object,string,object[])
UnityEngine.Logger:Log (UnityEngine.LogType,object)
UnityEngine.Debug:Log (object)
BuildLibrary:CopyLibraryToNightLight (string) (at Assets/Editor/BuildLibrary.cs:94)
BuildLibrary:BuildAndroidLibrary () (at Assets/Editor/BuildLibrary.cs:63)

(Filename: Assets/Editor/BuildLibrary.cs Line: 94)

Thread 0x16dd4f000 may have been prematurely finalized
Batchmode quit successfully invoked - shutting down!
Killing ADB server in 0.370595 seconds.
Thread 0x16e3df000 may have been prematurely finalized
Input System module state changed to: ShutdownInProgress.
Input Polling Thread exited.
Input System module state changed to: Shutdown.
[Physics::Module] Cleanup current backend.
[Physics::Module] Id: 0xf2b8ea05
[Licensing::IpcConnector] LicenseClient-ashupathak-notifications channel disconnected successfully.
[Licensing::IpcConnector] LicenseClient-ashupathak channel disconnected successfully.
Thread 0x16e957000 may have been prematurely finalized
Shutting down MSBuild server...
Shutting down VB/C# compiler server...
AcceleratorClientConnectionCallback - disconnected - :0
Thread 0x170093000 may have been prematurely finalized
Cleanup mono
CodeReloadManager destroyed
VB/C# compiler server shut down successfully.
info: Microsoft.Hosting.Lifetime[0]
      Application is shutting down...
MSBuild server shut down successfully.
debugger-agent: Unable to listen on 44
Exiting batchmode successfully now!
[Package Manager] Server process was shutdown
