Unity Editor version:    6000.5.1f1 (0d9463e84828)
Branch:                  6000.5/staging
Build type:              Release
Batch mode:              NO
macOS version:           Version 27.0 (Build 26A5425a)
Darwin version:          27.0.0
Architecture:            arm64
Running under Rosetta:   NO
Available memory:        8192 MB
Date:                    2026-09-04T17:16:34Z
[Licensing::Module] Trying to connect to existing licensing client channel...
[Licensing::IpcConnector] Successfully connected to: "LicenseClient-ashupathak" at "2026-09-04T17:16:34.716224Z"

COMMAND LINE ARGUMENTS:
/Applications/Unity/Hub/Editor/6000.5.1f1/Unity.app/Contents/MacOS/Unity
-projectpath
/Users/ashupathak/Documents/Sagar/MusicPlayer/UnityGame
-acceptSoftwareTermsForThisRunOnly
-useHub
-hubIPC
-cloudEnvironment
production
-licensingIpc
LicenseClient-ashupathak
-hubSessionId
82dde543-575a-4cb7-990a-39065b6837fc
-accessToken
Tm7l97qxWcfrhmzSG6iCpbCQ5j7Y9xjtUvnXoWWI6zg00cf
Successfully changed project path to: /Users/ashupathak/Documents/Sagar/MusicPlayer/UnityGame
/Users/ashupathak/Documents/Sagar/MusicPlayer/UnityGame
[UnityMemory] Configuration Parameters - Can be set up in boot.config
    "memorysetup-temp-allocator-size-gi-baking-worker=262144"
    "memorysetup-temp-allocator-size-gi-baking-worker=262144"
    "memorysetup-temp-allocator-size-gi-baking-worker=262144"
    "memorysetup-temp-allocator-size-gi-baking-worker=262144"
    "memorysetup-temp-allocator-size-gi-baking-worker=262144"
    "memorysetup-temp-allocator-size-nav-mesh-worker=65536"
    "memorysetup-temp-allocator-size-audio-worker=65536"
    "memorysetup-temp-allocator-size-cloud-worker=32768"
    "memorysetup-allocator-temp-initial-block-size-main=262144"
    "memorysetup-allocator-temp-initial-block-size-worker=262144"
    "memorysetup-temp-allocator-size-preload-manager=33554432"
    "memorysetup-temp-allocator-size-gfx=262144"
    "memorysetup-temp-allocator-size-background-worker=32768"
    "memorysetup-temp-allocator-size-job-worker=262144"
    "memorysetup-bucket-allocator-granularity=16"
    "memorysetup-bucket-allocator-bucket-count=8"
    "memorysetup-bucket-allocator-block-size=33554432"
    "memorysetup-bucket-allocator-block-count=8"
    "memorysetup-main-allocator-block-size=16777216"
    "memorysetup-thread-allocator-block-size=16777216"
    "memorysetup-main-allocator-mimalloc-enabled=0"
    "memorysetup-gfx-main-allocator-block-size=16777216"
    "memorysetup-gfx-thread-allocator-block-size=16777216"
    "memorysetup-cache-allocator-block-size=4194304"
    "memorysetup-typetree-allocator-block-size=2097152"
    "memorysetup-profiler-bucket-allocator-granularity=16"
    "memorysetup-profiler-bucket-allocator-bucket-count=8"
    "memorysetup-profiler-bucket-allocator-block-size=33554432"
    "memorysetup-profiler-bucket-allocator-block-count=8"
    "memorysetup-profiler-allocator-block-size=16777216"
    "memorysetup-profiler-editor-allocator-block-size=1048576"
    "memorysetup-temp-allocator-size-main=16777216"
    "memorysetup-job-temp-allocator-block-size=2097152"
    "memorysetup-job-temp-allocator-block-size-background=1048576"
    "memorysetup-job-temp-allocator-reduction-small-platforms=262144"
[Licensing::Client] Handshaking with LicensingClient:
  Version:                 1.18.1+9fbee8e
  Session Id:              d7b67224dafc448ca1f5acc1c4ef93bd
  Correlation Id:          086724f55187998f7c1b2e151d4717f1
  External correlation Id: 1003178299611987215
  Machine Id:              dY7DhsOW05PKaz8CA4cGK4/80Bk=
[Licensing::Module] Successfully connected to LicensingClient on channel: "LicenseClient-ashupathak" (connect: 0.00s, validation: 0.00s, handshake: 0.50s)
[Licensing::IpcConnector] Successfully connected to: "LicenseClient-ashupathak-notifications" at "2026-09-04T17:16:35.221677Z"
[Licensing::Client] Successfully updated the access token
[Licensing::Module] Successfully updated the access token Tm7l97qxWc...
[Licensing::Client] Successfully resolved entitlement details
[Licensing::Module] License group:
  Id: 13469882709303-UnityPersXXXX
  Product: Unity Personal
  Type: Assigned
  Expiration: Unlimited
[Licensing::Client] Successfully updated license, isAsync: True, time: 0.00
[Licensing::Client] Successfully resolved entitlement details
[Licensing::Module] Licensing Background thread has ended after 0.53s
Player connection [8263923008]  Target information:

Player connection [8263923008]  * "[IP] 192.168.29.120 [Port] 55504 [Flags] 2 [Guid] 2400609694 [EditorId] 2400609694 [Version] 1048832 [Id] OSXEditor(0,Ayushs-MacBook-Air.local) [Debug] 1 [PackageName] OSXEditor [ProjectName] Editor" 

Player connection [8263923008] Host joined multi-casting on [225.0.0.222:54997]...
Player connection [8263923008] Host joined alternative multi-casting on [225.0.0.222:34997]...
Input System module state changed to: Initialized.
[Physics::Module] Initialized fallback backend.
[Physics::Module] Id: 0xdecafbad
[Package Manager] Connected to IPC stream "Upm-28339" after 0.2 seconds.
[Licensing::Client] Successfully resolved entitlement details
Library Redirect Path: Library/
[Physics::Module] Selected backend.
[Physics::Module] Name: PhysX
[Physics::Module] Id: 0xf2b8ea05
[Physics::Module] SDK Version: 4.1.2
[Physics::Module] Integration Version: 1.0.0
[Physics::Module] Threading Mode: Multi-Threaded
[Licensing::Client] Successfully resolved entitlement details
Initialize engine version: 6000.5.1f1 (0d9463e84828)
[Subsystems] Discovering subsystems at path /Applications/Unity/Hub/Editor/6000.5.1f1/Unity.app/Contents/Resources/UnitySubsystems
[Subsystems] Discovering subsystems at path /Users/ashupathak/Documents/Sagar/MusicPlayer/UnityGame/Assets
GfxDevice: creating device client; kGfxThreadingModeThreaded
 preferred device: Apple M1 (high power)
Metal devices available: 1
0: Apple M1 (high power)
Using device Apple M1 (high power)
Initializing Metal device caps: Apple M1
Mac GPU Family: 2
Apple GPU Family: 7
MSL Version: 3.0
Has Float MSAA: 1
Has Float Filtering: 1
ReadWrite Texture Tier: 2
Initialize mono
Mono path[0] = '/Applications/Unity/Hub/Editor/6000.5.1f1/Unity.app/Contents/Resources/Scripting/Managed'
Mono path[1] = '/Applications/Unity/Hub/Editor/6000.5.1f1/Unity.app/Contents/Resources/Scripting/BCLExtensions/runtime/netstandard2.1'
Mono path[2] = '/Applications/Unity/Hub/Editor/6000.5.1f1/Unity.app/Contents/Resources/Scripting/MonoBleedingEdge/lib/mono/unityjit-macos'
Mono config path = '/Applications/Unity/Hub/Editor/6000.5.1f1/Unity.app/Contents/Resources/Scripting/MonoBleedingEdge/etc'
Using monoOptions --debugger-agent=transport=dt_socket,embedding=1,server=y,suspend=n,address=127.0.0.1:56339
CodeReloadManager initialized
ImportWorker Server TCP listen port: 0
AcceleratorClientConnectionCallback - disconnected - :0
Begin MonoManager ReloadAssembly
Registering precompiled unity dll's ...
Register platform support module: /Applications/Unity/Hub/Editor/6000.5.1f1/PlaybackEngines/MacStandaloneSupport/UnityEditor.OSXStandalone.Extensions.dll
Register platform support module: /Applications/Unity/Hub/Editor/6000.5.1f1/PlaybackEngines/AndroidPlayer/UnityEditor.Android.Extensions.dll
Registered in 0.001980 seconds.
Native extension for Android target not found
Native extension for OSXStandalone target not found
Package Manager log level set to [2]
ScheduleIndexationOnStartup MainProcess:False IndexOnStartup:False
Mono: successfully reloaded assembly
- Finished resetting the current domain, in  0.408 seconds
Domain Reload Profiling: 851ms
	BeginReloadAssembly (121ms)
		CreateAndSetChildDomain (22ms)
	RebuildCommonClasses (3ms)
	RebuildNativeTypeToScriptingClass (18ms)
	initialDomainReloadingComplete (45ms)
	LoadAllAssembliesAndSetupDomain (255ms)
		LoadAssemblies (99ms)
		AnalyzeDomain (201ms)
			TypeCache.Refresh (200ms)
				TypeCache.ScanAssembly (183ms)
	FinalizeReload (409ms)
		SetupLoadedEditorAssemblies (0ms)
			InitializePlatformSupportModulesInManaged (84ms)
			BeforeProcessingInitializeOnLoad (57ms)
			ProcessInitializeOnLoadAttributes (104ms)
			ProcessInitializeOnLoadMethodAttributes (95ms)
[Licensing::Client] Successfully resolved entitlement details
[Licensing::Client] Successfully resolved entitlement details
Application.AssetDatabase Initial Refresh Start
[Package Manager] Restoring resolved packages state from cache
[Licensing::Client] Successfully resolved entitlement details
[Package Manager] Registered 39 packages:
  Built-in packages:
    com.unity.textmeshpro@5.0.0 (location: /Users/ashupathak/Documents/Sagar/MusicPlayer/UnityGame/Library/PackageCache/com.unity.textmeshpro@53f43edfd2e0)
    com.unity.multiplayer.center@1.0.1 (location: /Users/ashupathak/Documents/Sagar/MusicPlayer/UnityGame/Library/PackageCache/com.unity.multiplayer.center@b860850997d0)
    com.unity.modules.accessibility@1.0.0 (location: /Users/ashupathak/Documents/Sagar/MusicPlayer/UnityGame/Library/PackageCache/com.unity.modules.accessibility)
    com.unity.modules.adaptiveperformance@1.0.0 (location: /Users/ashupathak/Documents/Sagar/MusicPlayer/UnityGame/Library/PackageCache/com.unity.modules.adaptiveperformance)
    com.unity.modules.ai@1.0.0 (location: /Users/ashupathak/Documents/Sagar/MusicPlayer/UnityGame/Library/PackageCache/com.unity.modules.ai)
    com.unity.modules.androidjni@1.0.0 (location: /Users/ashupathak/Documents/Sagar/MusicPlayer/UnityGame/Library/PackageCache/com.unity.modules.androidjni)
    com.unity.modules.animation@1.0.0 (location: /Users/ashupathak/Documents/Sagar/MusicPlayer/UnityGame/Library/PackageCache/com.unity.modules.animation)
    com.unity.modules.assetbundle@1.0.0 (location: /Users/ashupathak/Documents/Sagar/MusicPlayer/UnityGame/Library/PackageCache/com.unity.modules.assetbundle)
    com.unity.modules.audio@1.0.0 (location: /Users/ashupathak/Documents/Sagar/MusicPlayer/UnityGame/Library/PackageCache/com.unity.modules.audio)
    com.unity.modules.cloth@1.0.0 (location: /Users/ashupathak/Documents/Sagar/MusicPlayer/UnityGame/Library/PackageCache/com.unity.modules.cloth)
    com.unity.modules.director@1.0.0 (location: /Users/ashupathak/Documents/Sagar/MusicPlayer/UnityGame/Library/PackageCache/com.unity.modules.director)
    com.unity.modules.imageconversion@1.0.0 (location: /Users/ashupathak/Documents/Sagar/MusicPlayer/UnityGame/Library/PackageCache/com.unity.modules.imageconversion)
    com.unity.modules.imgui@1.0.0 (location: /Users/ashupathak/Documents/Sagar/MusicPlayer/UnityGame/Library/PackageCache/com.unity.modules.imgui)
    com.unity.modules.jsonserialize@1.0.0 (location: /Users/ashupathak/Documents/Sagar/MusicPlayer/UnityGame/Library/PackageCache/com.unity.modules.jsonserialize)
    com.unity.modules.particlesystem@1.0.0 (location: /Users/ashupathak/Documents/Sagar/MusicPlayer/UnityGame/Library/PackageCache/com.unity.modules.particlesystem)
    com.unity.modules.physics@1.0.0 (location: /Users/ashupathak/Documents/Sagar/MusicPlayer/UnityGame/Library/PackageCache/com.unity.modules.physics)
    com.unity.modules.physics2d@1.0.0 (location: /Users/ashupathak/Documents/Sagar/MusicPlayer/UnityGame/Library/PackageCache/com.unity.modules.physics2d)
    com.unity.modules.physicscore2d@1.0.0 (location: /Users/ashupathak/Documents/Sagar/MusicPlayer/UnityGame/Library/PackageCache/com.unity.modules.physicscore2d)
    com.unity.modules.screencapture@1.0.0 (location: /Users/ashupathak/Documents/Sagar/MusicPlayer/UnityGame/Library/PackageCache/com.unity.modules.screencapture)
    com.unity.modules.terrain@1.0.0 (location: /Users/ashupathak/Documents/Sagar/MusicPlayer/UnityGame/Library/PackageCache/com.unity.modules.terrain)
    com.unity.modules.terrainphysics@1.0.0 (location: /Users/ashupathak/Documents/Sagar/MusicPlayer/UnityGame/Library/PackageCache/com.unity.modules.terrainphysics)
    com.unity.modules.tilemap@1.0.0 (location: /Users/ashupathak/Documents/Sagar/MusicPlayer/UnityGame/Library/PackageCache/com.unity.modules.tilemap)
    com.unity.modules.ui@1.0.0 (location: /Users/ashupathak/Documents/Sagar/MusicPlayer/UnityGame/Library/PackageCache/com.unity.modules.ui)
    com.unity.modules.uielements@1.0.0 (location: /Users/ashupathak/Documents/Sagar/MusicPlayer/UnityGame/Library/PackageCache/com.unity.modules.uielements)
    com.unity.modules.umbra@1.0.0 (location: /Users/ashupathak/Documents/Sagar/MusicPlayer/UnityGame/Library/PackageCache/com.unity.modules.umbra)
    com.unity.modules.unityanalytics@1.0.0 (location: /Users/ashupathak/Documents/Sagar/MusicPlayer/UnityGame/Library/PackageCache/com.unity.modules.unityanalytics)
    com.unity.modules.unitywebrequest@1.0.0 (location: /Users/ashupathak/Documents/Sagar/MusicPlayer/UnityGame/Library/PackageCache/com.unity.modules.unitywebrequest)
    com.unity.modules.unitywebrequestassetbundle@1.0.0 (location: /Users/ashupathak/Documents/Sagar/MusicPlayer/UnityGame/Library/PackageCache/com.unity.modules.unitywebrequestassetbundle)
    com.unity.modules.unitywebrequestaudio@1.0.0 (location: /Users/ashupathak/Documents/Sagar/MusicPlayer/UnityGame/Library/PackageCache/com.unity.modules.unitywebrequestaudio)
    com.unity.modules.unitywebrequesttexture@1.0.0 (location: /Users/ashupathak/Documents/Sagar/MusicPlayer/UnityGame/Library/PackageCache/com.unity.modules.unitywebrequesttexture)
    com.unity.modules.unitywebrequestwww@1.0.0 (location: /Users/ashupathak/Documents/Sagar/MusicPlayer/UnityGame/Library/PackageCache/com.unity.modules.unitywebrequestwww)
    com.unity.modules.vectorgraphics@1.0.0 (location: /Users/ashupathak/Documents/Sagar/MusicPlayer/UnityGame/Library/PackageCache/com.unity.modules.vectorgraphics)
    com.unity.modules.vehicles@1.0.0 (location: /Users/ashupathak/Documents/Sagar/MusicPlayer/UnityGame/Library/PackageCache/com.unity.modules.vehicles)
    com.unity.modules.video@1.0.0 (location: /Users/ashupathak/Documents/Sagar/MusicPlayer/UnityGame/Library/PackageCache/com.unity.modules.video)
    com.unity.modules.wind@1.0.0 (location: /Users/ashupathak/Documents/Sagar/MusicPlayer/UnityGame/Library/PackageCache/com.unity.modules.wind)
    com.unity.modules.xr@1.0.0 (location: /Users/ashupathak/Documents/Sagar/MusicPlayer/UnityGame/Library/PackageCache/com.unity.modules.xr)
    com.unity.modules.subsystems@1.0.0 (location: /Users/ashupathak/Documents/Sagar/MusicPlayer/UnityGame/Library/PackageCache/com.unity.modules.subsystems)
    com.unity.modules.hierarchycore@1.0.0 (location: /Users/ashupathak/Documents/Sagar/MusicPlayer/UnityGame/Library/PackageCache/com.unity.modules.hierarchycore)
    com.unity.ugui@2.5.0 (location: /Users/ashupathak/Documents/Sagar/MusicPlayer/UnityGame/Library/PackageCache/com.unity.ugui@4f9b15fd1386)
[Package Manager] com.unity.textmeshpro is deprecated: This package is no longer supported. TextMeshPro functionalities are now included in the com.unity.ugui package. To continue using them, consider adding it to your project dependencies.
[Subsystems] No new subsystems found in resolved package list.
[Package Manager] Done registering packages in 0.01 seconds
info: Microsoft.Hosting.Lifetime[14]
      Now listening on: http://unix:/tmp/ilpp.sock-cded7fa5bb4db7f1832630eb487a64dd
info: Microsoft.Hosting.Lifetime[0]
      Application started. Press Ctrl+C to shut down.
info: Microsoft.Hosting.Lifetime[0]
      Hosting environment: Production
info: Microsoft.Hosting.Lifetime[0]
      Content root path: /Users/ashupathak/Documents/Sagar/MusicPlayer/UnityGame
info: Microsoft.AspNetCore.Hosting.Diagnostics[1]
      Request starting HTTP/2 POST http://ilpp/UnityILPP.PostProcessing/Ping - application/grpc -
info: Microsoft.AspNetCore.Routing.EndpointMiddleware[0]
      Executing endpoint 'gRPC - /UnityILPP.PostProcessing/Ping'
info: Microsoft.AspNetCore.Routing.EndpointMiddleware[1]
      Executed endpoint 'gRPC - /UnityILPP.PostProcessing/Ping'
info: Microsoft.AspNetCore.Hosting.Diagnostics[2]
      Request finished HTTP/2 POST http://ilpp/UnityILPP.PostProcessing/Ping - 200 - application/grpc 30.8308ms
Starting: /Applications/Unity/Hub/Editor/6000.5.1f1/Unity.app/Contents/Resources/BuildPipeline/bee_backend --ipc --defer-dag-verification --dagfile="Library/Bee/1300b0aE.dag" --continue-on-failure --profile="Library/Bee/backend1.traceevents" ScriptAssemblies
WorkingDir: /Users/ashupathak/Documents/Sagar/MusicPlayer/UnityGame
Starting: /Applications/Unity/Hub/Editor/6000.5.1f1/Unity.app/Contents/Resources/Scripting/netcorerun/netcorerun "/Applications/Unity/Hub/Editor/6000.5.1f1/Unity.app/Contents/Resources/BuildPipeline/ScriptCompilationBuildProgram.exe" "Library/Bee/1300b0aE.dag.json" "Library/Bee/1300b0aE-inputdata.json" "Library/Bee/buildprogram0.traceevents"
WorkingDir: /Users/ashupathak/Documents/Sagar/MusicPlayer/UnityGame
ExitCode: 4 Duration: 0s58ms
Rebuilding DAG because FileSignature timestamp changed: Library/Bee/1300b0aE-inputdata.json
*** Tundra requires additional run (0.04 seconds), 0 items updated, 243 evaluated
ExitCode: 0 Duration: 0s545ms
Starting: /Applications/Unity/Hub/Editor/6000.5.1f1/Unity.app/Contents/Resources/BuildPipeline/bee_backend --ipc --defer-dag-verification --dagfile="Library/Bee/1300b0aE.dag" --continue-on-failure --dagfilejson="Library/Bee/1300b0aE.dag.json" --profile="Library/Bee/backend2.traceevents" ScriptAssemblies
WorkingDir: /Users/ashupathak/Documents/Sagar/MusicPlayer/UnityGame
ExitCode: 0 Duration: 0s49ms
Finished compiling graph: 246 nodes, 2210 flattened edges (2086 ToBuild, 20 ToUse), maximum node priority 118
*** Tundra build success (0.03 seconds), 0 items updated, 243 evaluated
AssetDatabase: script compilation time: 1.194095s
Begin MonoManager ReloadAssembly
Total cache size 88847880
Total cache size after purge 88847880, took 00:00:00.0504677
Native extension for Android target not found
Native extension for OSXStandalone target not found
ScheduleIndexationOnStartup MainProcess:True IndexOnStartup:True
Mono: successfully reloaded assembly
- Finished resetting the current domain, in  0.375 seconds
Domain Reload Profiling: 599ms
	BeginReloadAssembly (109ms)
		DisableScriptedObjects (11ms)
		CreateAndSetChildDomain (20ms)
	RebuildCommonClasses (6ms)
	RebuildNativeTypeToScriptingClass (12ms)
	initialDomainReloadingComplete (19ms)
	LoadAllAssembliesAndSetupDomain (77ms)
		LoadAssemblies (47ms)
		AnalyzeDomain (23ms)
			TypeCache.Refresh (17ms)
				TypeCache.ScanAssembly (11ms)
			BuildScriptInfoCaches (4ms)
	FinalizeReload (376ms)
		SetupLoadedEditorAssemblies (0ms)
			InitializePlatformSupportModulesInManaged (7ms)
			BeforeProcessingInitializeOnLoad (50ms)
			ProcessInitializeOnLoadAttributes (70ms)
			ProcessInitializeOnLoadMethodAttributes (67ms)
		AwakeInstancesAfterBackupRestoration (9ms)
Starting new worker id: 0 with log in /Users/ashupathak/Documents/Sagar/MusicPlayer/UnityGame/Logs/AssetImportWorkerHW0.log

Asset Pipeline Refresh (id=0737126bc0732471ea7f4052a332abf5): Total: 1.960 seconds - Initiated by InitialRefreshV2(ForceSynchronousImport)
	(Values over 0.05ms)
	Summary:
		Imports: total=0 (actual=0, local cache=0, cache server=0)
		Asset DB Process Time: managed=0 ms, native=489 ms
		Asset DB Callback time: managed=17 ms, native=8 ms
		Scripting: domain reloads=1, domain reload time=243 ms, compile time=1196 ms, other=4 ms
		Project Asset Count: scripts=204, non-scripts=125
		Asset File Changes: new=0, changed=0, moved=0, deleted=0
		Scan Filter Count: 1
	InvokePackagesCallback: 9.500ms
	ApplyChangesToAssetFolders: 0.185ms
	Scan: 62.059ms
	Collect global state as custom dependencies: 6.801ms
	CategorizeScriptCompilationAssets: 1.042ms
	ProcessAssetsWithTransientArtifactChanges: 5.599ms
	CategorizeAssets: 1.993ms
	CompileScripts: 1195.775ms
	ImportOutOfDateAssets: 382.142ms (378.323ms without children)
		UnloadImportedAssets: 0.199ms
		EnsureUptoDateAssetsAreRegisteredWithGuidPM: 0.059ms
		ImportSchedulerStart: 3.559ms
	PostProcessAllAssets: 17.997ms
		MonoPostProcessAllAssets: 17.960ms
			WindowAssetPostprocessingWatcher.OnPostprocessAllAssets 8.221ms
			SyncVS.PostprocessSyncProject 2.830ms
			SpeedTree9Postprocessor.OnPostprocessAllAssets 0.591ms
			ReferencedClipsPostProcessor.OnPostprocessAllAssets 0.249ms
			TerrainToolbarOverlayPostProcessor.OnPostprocessAllAssets 0.136ms
			AssetDatabaseCallbacks.OnPostprocessAllAssets 0.111ms
			RenderPipelineGlobalSettingsPostprocessor.OnPostprocessAllAssets 0.072ms
	UnloadStreamsBegin: 1.015ms
	GenerateScriptTypeHashes: 0.164ms
	GenerateScriptTypeSerializationHashes: 0.361ms
	Untracked: 273.596ms

Application.AssetDatabase Initial Refresh End
Launching external process: /Applications/Unity/Hub/Editor/6000.5.1f1/Unity.app/Contents/Helpers/UnityShaderCompiler
Launched and connected shader compiler UnityShaderCompiler after 0.08 seconds
Scanning for USB devices : 0.192ms
Initializing Unity extensions:
[MODES] ModeService[none].Initialize
[MODES] ModeService[none].LoadModes
[MODES] Loading mode Default (0) for mode-current-id-UnityGame
2026-09-04 22:46:39.962 Unity[28339:420524] NSEventModifierFlagFunction specified to -setKeyEquivalentModifierMask: for item <NSMenuItem: 0x79f1e83d40 SDF, ke='Command-F12'>, but is only supported for system-provided menu items; will not be used
Curl error 7: Failed to connect to config.uca.cloud.unity3d.com port 443 after 6 ms: Error
Unloading 4 Unused Serialized files (Serialized files now loaded: 0)
Unloading 447 unused Assets / (Unknown). Loaded Objects now: 1098.
Memory consumption went from 129.2 MB to 130.5 MB.
Total: 5.163333 ms (FindLiveObjects: 0.048625 ms CreateObjectMapping: 0.050958 ms MarkObjects: 4.760250 ms  DeleteObjects: 0.302875 ms)

Curl error 7: Failed to connect to cdp.cloud.unity3d.com port 443 after 1 ms: Error
[LAYOUT] About to load /Users/ashupathak/Library/Preferences/Unity/Editor-5.x/Layouts/current/default-6000.dwlt, keepMainWindow=False
Worker ready: AssetImportWorkerHW0 0
[LAYOUT] Removed un-parented EditorWindow while reading window layout window #20, type=UnityEditor.FallbackEditorWindow entityId=568105584918813410
[LAYOUT] About to save layout /Users/ashupathak/Documents/Sagar/MusicPlayer/UnityGame/UserSettings/Layouts/default-6000.dwlt
[LAYOUT] About to save layout /Users/ashupathak/Library/Preferences/Unity/Editor-5.x/Layouts/current/default-6000.dwlt
[MODES] ModeService[default].InitializeCurrentMode
[MODES] ModeService[default].RaiseModeChanged(default, default)
This project uses Input Manager, which is marked for deprecation. To manage input in your project, use the <a href="https://docs.unity3d.com/Packages/com.unity.inputsystem@latest">Input System package</a> instead.
[Project] Loading completed in 5.913 seconds
	Project init time: 				4.240 seconds
		Template init time: 		0.000 seconds
		Package Manager init time: 		0.235 seconds
		Asset Database init time: 		0.165 seconds
		Global illumination init time: 	0.001 seconds
		Assemblies load time: 			0.907 seconds
		Unity extensions init time: 	0.002 seconds
		Asset Database refresh time: 	1.960 seconds
	Scene opening time: 			1.252 seconds
##utp:{"type":"ProjectInfo","version":2,"phase":"Immediate","time":1788542200600,"processId":28339,"projectLoad":5.912608292000001,"projectInit":4.239744458,"templateInit":0.0,"packageManagerInit":0.235359708,"assetDatabaseInit":0.165256625,"globalIlluminationInit":0.000779875,"assembliesLoad":0.907417167,"unityExtensionsInit":0.001793958,"assetDatabaseRefresh":1.960235792,"sceneOpening":1.251841333}
##utp:{"type":"EditorInfo","version":2,"phase":"Immediate","time":1788542200600,"processId":28339,"editorVersion":"6000.5.1f1 (0d9463e84828)","branch":"6000.5/staging","buildType":"Release","platform":"OSX"}
Subscribe to USB device events
Scanning for USB devices : 0.150ms
Asset Pipeline Refresh (id=5164b5919d8594ddcad30fd802e2eeae): Total: 0.056 seconds - Initiated by RefreshV2(AllowForceSynchronousImport)
Curl error 7: Failed to connect to cdp.cloud.unity3d.com port 443 after 0 ms: Error
Dynamic Batching is deprecated and will be removed in a future release. Use GPU Instancing instead. Disable Dynamic Batching in Project Settings > Player > Other Settings to remove this warning.
UnityEngine.Debug:ExtractStackTraceNoAlloc (byte*,int,string)
UnityEngine.StackTraceUtility:ExtractStackTrace () (at /Users/bokken/build/output/unity/unity/Runtime/Export/Scripting/StackTrace.cs:35)
UnityEngine.DebugLogHandler:Internal_Log (UnityEngine.LogType,UnityEngine.LogOption,string,UnityEngine.Object)
UnityEngine.DebugLogHandler:LogFormat (UnityEngine.LogType,UnityEngine.Object,string,object[])
UnityEngine.Logger:Log (UnityEngine.LogType,object)
UnityEngine.Debug:LogWarning (object)
UnityEditor.PlayerSettingsBatchingWarning:WarnIfDynamicBatchingEnabled () (at /Users/bokken/build/output/unity/unity/Editor/Mono/Inspector/PlayerSettingsEditor/PlayerSettingsBatchingWarning.cs:45)
UnityEditor.EditorApplication:Internal_CallUpdateFunctions () (at /Users/bokken/build/output/unity/unity/Editor/Mono/EditorApplication.cs:403)

(Filename: /Users/bokken/build/output/unity/unity/Editor/Mono/Inspector/PlayerSettingsEditor/PlayerSettingsBatchingWarning.cs Line: 45)

Multiple ADB server instances found, the following ADB server instance have been terminated due to being run from another SDK. 
If instance restarts during deployment, this may cause unexpected issues. Please check that ADB versions are consistent across instances. 
Process paths: 
/opt/homebrew/share/android-commandlinetools/platform-tools/adb
UnityEngine.Debug:ExtractStackTraceNoAlloc (byte*,int,string)
UnityEngine.StackTraceUtility:ExtractStackTrace () (at /Users/bokken/build/output/unity/unity/Runtime/Export/Scripting/StackTrace.cs:35)
UnityEngine.DebugLogHandler:Internal_Log (UnityEngine.LogType,UnityEngine.LogOption,string,UnityEngine.Object)
UnityEngine.DebugLogHandler:LogFormat (UnityEngine.LogType,UnityEngine.Object,string,object[])
UnityEngine.Logger:Log (UnityEngine.LogType,object)
UnityEngine.Debug:Log (object)
UnityEditor.Android.AndroidDeploymentTargetsExtension:GetKnownTargets (UnityEditor.DeploymentTargets.IDeploymentTargetsMainThreadContext,UnityEditor.ProgressHandler) (at /home/bokken/build/output/unity/unity/PlatformDependent/AndroidPlayer/Editor/Managed/DeploymentTargets/AndroidDeploymentTargetsExtension.cs:384)
UnityEditor.Android.TargetScanWorker:DoScan (UnityEditor.DeploymentTargets.IDeploymentTargetsExtension,UnityEditor.DeploymentTargets.IDeploymentTargetsMainThreadContext,System.Threading.CancellationToken) (at /home/bokken/build/output/unity/unity/PlatformDependent/AndroidPlayer/Editor/Managed/TargetScanWorker.cs:188)
UnityEditor.Android.TargetScanWorker/<>c__DisplayClass15_0:<MainThreadProcessing>b__0 () (at /home/bokken/build/output/unity/unity/PlatformDependent/AndroidPlayer/Editor/Managed/TargetScanWorker.cs:227)
System.Threading.Tasks.Task:InnerInvoke ()
System.Threading.Tasks.Task:Execute ()
System.Threading.Tasks.Task:ExecutionContextCallback (object)
System.Threading.ExecutionContext:RunInternal (System.Threading.ExecutionContext,System.Threading.ContextCallback,object,bool)
System.Threading.ExecutionContext:Run (System.Threading.ExecutionContext,System.Threading.ContextCallback,object,bool)
System.Threading.Tasks.Task:ExecuteWithThreadLocal (System.Threading.Tasks.Task&)
System.Threading.Tasks.Task:ExecuteEntry (bool)
System.Threading.Tasks.Task:System.Threading.IThreadPoolWorkItem.ExecuteWorkItem ()
System.Threading.ThreadPoolWorkQueue:Dispatch ()
System.Threading._ThreadPoolWaitCallback:PerformWaitCallback ()

(Filename: /home/bokken/build/output/unity/unity/PlatformDependent/AndroidPlayer/Editor/Managed/DeploymentTargets/AndroidDeploymentTargetsExtension.cs Line: 384)

xcrun: error: unable to find utility "metal", not a developer tool or in PATH
xcrun: error: unable to find utility "metal-objdump", not a developer tool or in PATH
Asset Pipeline Refresh (id=47b618828e0a044e587c6c6bc00e6407): Total: 0.020 seconds - Initiated by RefreshV2(AllowForceSynchronousImport)
Created GICache directory at /Users/ashupathak/Library/Caches/com.unity3d.UnityEditor/GiCache. Took: 0.006s, timestamps: [6.004 - 6.010]
Curl error 7: Failed to connect to cdp.cloud.unity3d.com port 443 after 0 ms: Error
Start Indexing on Editor startup
[Indexing] Starting Initial Indexing for Assets
Starting new worker id: 1 with log in /Users/ashupathak/Documents/Sagar/MusicPlayer/UnityGame/Logs/AssetImportWorkerHW1.log
[Licensing::Client] Successfully resolved entitlement details
[Licensing::Client] Successfully resolved entitlement details
[Worker0] Imported GUID: 23032f4383e95e772bce465c5896d0fd - Path: Packages/com.unity.modules.terrain/package.ModuleCompilationTrigger - Importer: ScriptedImporter/UnityEditor.QuickSearchModule:UnityEditor.Search:ASIAI0B -> (ImportResultId: '52e2738471889e5b72489ef373e89757') in 0.092548334 seconds
[Worker0] Imported GUID: fca516088155d43c18084f1aa36e3945 - Path: Assets/Editor/BuildLibrary.cs - Importer: ScriptedImporter/UnityEditor.QuickSearchModule:UnityEditor.Search:ASIAI0B -> (ImportResultId: '55fd7e850c496adc840641b8000837da') in 0.01664325 seconds
[Worker0] Imported GUID: 6d56244f8c39a851975d3c0bd432c66f - Path: Packages/com.unity.modules.terrain/package.json - Importer: ScriptedImporter/UnityEditor.QuickSearchModule:UnityEditor.Search:ASIAI0B -> (ImportResultId: '10047721fb5ede53746e976b7f9cf173') in 0.001551541 seconds
[Worker0] Imported GUID: 1bd8e2f47a6c4478ab8f0ade7687e79b - Path: Packages/com.unity.multiplayer.center/Common/IOnboardingSection.cs - Importer: ScriptedImporter/UnityEditor.QuickSearchModule:UnityEditor.Search:ASIAI0B -> (ImportResultId: 'c7f4ca1fee5fb0c52bec98adc59ce83d') in 0.001087333 seconds
[Worker0] Imported GUID: 833328f3bcf144cc94f92e286e86b427 - Path: Packages/com.unity.multiplayer.center/Common/IOnboardingSectionAnalyticsProvider.cs - Importer: ScriptedImporter/UnityEditor.QuickSearchModule:UnityEditor.Search:ASIAI0B -> (ImportResultId: '597fdf268e8eb223eb9c234caeb5efab') in 0.001242583 seconds
[Worker0] Imported GUID: 8a752aaaadd2410dd9a84e01c1bace9f - Path: Packages/com.unity.modules.uielements/package.ModuleCompilationTrigger - Importer: ScriptedImporter/UnityEditor.QuickSearchModule:UnityEditor.Search:ASIAI0B -> (ImportResultId: 'b43f91475f28f207b7c6403098072496') in 0.001106709 seconds
[Worker0] Imported GUID: 4f0f9b9f3ed97ad2b9ba8f1a8e4666c2 - Path: Packages/com.unity.modules.uielements/package.json - Importer: ScriptedImporter/UnityEditor.QuickSearchModule:UnityEditor.Search:ASIAI0B -> (ImportResultId: '970a66a08c0f4312b137196ef7884230') in 0.001924792 seconds
[Worker0] Imported GUID: be13c398521e3c1ad21fb9da30ab2ab6 - Path: Packages/com.unity.modules.imgui/package.ModuleCompilationTrigger - Importer: ScriptedImporter/UnityEditor.QuickSearchModule:UnityEditor.Search:ASIAI0B -> (ImportResultId: '4343552829954e99a674d93a5bb12170') in 0.001457042 seconds
[Worker0] Imported GUID: 203ca2a7b42a0452db1bf17a54c735b3 - Path: Assets/Editor/CreateScene.cs - Importer: ScriptedImporter/UnityEditor.QuickSearchModule:UnityEditor.Search:ASIAI0B -> (ImportResultId: '3c587c3f73d71aef6c2513aa0baf2d3a') in 0.00156 seconds
[Worker0] Imported GUID: 222fc39b0c85d800342910da2cd64781 - Path: Packages/com.unity.modules.assetbundle/package.ModuleCompilationTrigger - Importer: ScriptedImporter/UnityEditor.QuickSearchModule:UnityEditor.Search:ASIAI0B -> (ImportResultId: 'cbef11b0ccd84c3fcbfa7dce340c6c66') in 0.001535833 seconds
[Licensing::Client] Successfully updated the access token
[Licensing::Module] Successfully updated access token: "Tm7l97qx"... (expires: 2026-09-04T18:54:20Z)
[Worker0] Imported GUID: e1ef8466c8fd01a549f10baa4d51fa17 - Path: Packages/com.unity.modules.assetbundle/package.json - Importer: ScriptedImporter/UnityEditor.QuickSearchModule:UnityEditor.Search:ASIAI0B -> (ImportResultId: '17712a034c3c146cb2cbc571ec8a0c01') in 0.001377875 seconds
[Worker0] Imported GUID: 220e9325710f4235a43492dd1ee4980d - Path: Packages/com.unity.textmeshpro/package.json - Importer: ScriptedImporter/UnityEditor.QuickSearchModule:UnityEditor.Search:ASIAI0B -> (ImportResultId: '8de83eb187c00d307bdf01da06199eb0') in 0.005728417 seconds
[Worker0] Imported GUID: e9df95f53f1c1d0c9199e235d6c42b50 - Path: Packages/com.unity.modules.audio/package.json - Importer: ScriptedImporter/UnityEditor.QuickSearchModule:UnityEditor.Search:ASIAI0B -> (ImportResultId: 'ef2ddd9ad24a89c4261527b864dd137b') in 0.001498667 seconds
[Worker0] Imported GUID: 2c814623cb42764d304be0c5ddd03ceb - Path: Packages/com.unity.modules.xr/package.json - Importer: ScriptedImporter/UnityEditor.QuickSearchModule:UnityEditor.Search:ASIAI0B -> (ImportResultId: 'c2b84b2c0666537391b3948f6ff86715') in 0.002159416 seconds
[Worker0] Imported GUID: c359bcaf4a0bc4040aac650bf14ec619 - Path: Packages/com.unity.multiplayer.center/README.md - Importer: ScriptedImporter/UnityEditor.QuickSearchModule:UnityEditor.Search:ASIAI0B -> (ImportResultId: '0e265f2e5909681b804ec2cbca3e07b2') in 0.001788291 seconds
[Worker0] Imported GUID: d8f140fc96c5440ff8a127087f990cdc - Path: Assets/Scripts/GameEngine.cs - Importer: ScriptedImporter/UnityEditor.QuickSearchModule:UnityEditor.Search:ASIAI0B -> (ImportResultId: '4792888147818534aabec482c97eec96') in 0.001319542 seconds
[Worker0] Imported GUID: 553737203d61a8109f9544a97201e1aa - Path: Packages/com.unity.modules.unitywebrequestaudio/package.ModuleCompilationTrigger - Importer: ScriptedImporter/UnityEditor.QuickSearchModule:UnityEditor.Search:ASIAI0B -> (ImportResultId: '96bc36e488e5527a1a53a627e613dbf6') in 0.001612208 seconds
[Worker0] Imported GUID: 0a9ab22e4e004c7db707338bccb538b9 - Path: Packages/com.unity.multiplayer.center/Common/Preset.cs - Importer: ScriptedImporter/UnityEditor.QuickSearchModule:UnityEditor.Search:ASIAI0B -> (ImportResultId: 'fdaf0d3800d619d5b5380cabb1921fb6') in 0.001490209 seconds
[Worker0] Imported GUID: 50d5ff9fe4ab4477b7ea648da183e9d1 - Path: Packages/com.unity.multiplayer.center/Common/StyleConstants.cs - Importer: ScriptedImporter/UnityEditor.QuickSearchModule:UnityEditor.Search:ASIAI0B -> (ImportResultId: 'acb66dba07541a88966ca32c948bc893') in 0.002191625 seconds
[Worker0] Imported GUID: c7a8b0317f4e68556d7509828e9e211e - Path: Packages/com.unity.modules.xr/package.ModuleCompilationTrigger - Importer: ScriptedImporter/UnityEditor.QuickSearchModule:UnityEditor.Search:ASIAI0B -> (ImportResultId: 'de99b3c3c975834bab75bb3b8115208e') in 0.001436541 seconds
[Worker0] Imported GUID: 89b6d933e4994d0980f6b48dc2b8779c - Path: Packages/com.unity.multiplayer.center/Common/AnswerData.cs - Importer: ScriptedImporter/UnityEditor.QuickSearchModule:UnityEditor.Search:ASIAI0B -> (ImportResultId: 'b2a992bad09ebc3f2aa627fcf5e443b0') in 0.001280458 seconds
[Worker0] Imported GUID: 70554f6c9e4114e1084bb38f9ea400ce - Path: Packages/com.unity.multiplayer.center/LICENSE.md - Importer: ScriptedImporter/UnityEditor.QuickSearchModule:UnityEditor.Search:ASIAI0B -> (ImportResultId: 'dafd101b619b874dbe4c4963754c3bda') in 0.001783166 seconds
[Worker0] Imported GUID: 80beef77cb19e713c7c2d481b65ed485 - Path: Packages/com.unity.modules.screencapture/package.json - Importer: ScriptedImporter/UnityEditor.QuickSearchModule:UnityEditor.Search:ASIAI0B -> (ImportResultId: 'ae0d6ae8e5a45e01c4b6f5e8fbdccc71') in 0.001649375 seconds
[Worker0] Imported GUID: df0857f6a11054383be91b1f8e1b5800 - Path: Packages/com.unity.multiplayer.center/package.json - Importer: ScriptedImporter/UnityEditor.QuickSearchModule:UnityEditor.Search:ASIAI0B -> (ImportResultId: 'fa3f8838e51ba31f67aec05d44a91feb') in 0.003109291 seconds
[Worker0] Imported GUID: be17709716f1648caa5de6d0c38103ed - Path: Packages/com.unity.multiplayer.center/Editor/Unity.Multiplayer.Center.Editor.asmdef - Importer: ScriptedImporter/UnityEditor.QuickSearchModule:UnityEditor.Search:ASIAI0B -> (ImportResultId: '038c95d411b0083c3fb19c40a795908e') in 0.003778792 seconds
[Worker0] Imported GUID: ae87256f29d9c8b50490f4caf75b2c41 - Path: Packages/com.unity.modules.unitywebrequestwww/package.ModuleCompilationTrigger - Importer: ScriptedImporter/UnityEditor.QuickSearchModule:UnityEditor.Search:ASIAI0B -> (ImportResultId: '36386b9df5af3571086e98bb615d4632') in 0.002861875 seconds
[Worker0] Imported GUID: ed3d602d52f02448cb9e3abe4cac5ff8 - Path: Assets/Scripts/BeatMapGenerator.cs - Importer: ScriptedImporter/UnityEditor.QuickSearchModule:UnityEditor.Search:ASIAI0B -> (ImportResultId: 'e2acb003ef39490019bf349dbd74bc1d') in 0.002027125 seconds
[Worker0] Imported GUID: a31a332ce3485f00f7df8d987302a29c - Path: Packages/com.unity.modules.unitywebrequesttexture/package.ModuleCompilationTrigger - Importer: ScriptedImporter/UnityEditor.QuickSearchModule:UnityEditor.Search:ASIAI0B -> (ImportResultId: '81b128088997a5b4d9725de2192ff067') in 0.001393708 seconds
[Worker0] Imported GUID: d85e5eeaf8f135aeaaebdc8aa3cff6c3 - Path: Packages/com.unity.modules.umbra/package.json - Importer: ScriptedImporter/UnityEditor.QuickSearchModule:UnityEditor.Search:ASIAI0B -> (ImportResultId: '8b333207d600cf3ef6fabe981045e33a') in 0.002613 seconds
[Worker0] Imported GUID: 84abd2ab34a74600a33a3bb9d72859fe - Path: Packages/com.unity.multiplayer.center/Common/Unity.Multiplayer.Center.Common.asmdef - Importer: ScriptedImporter/UnityEditor.QuickSearchModule:UnityEditor.Search:ASIAI0B -> (ImportResultId: '9bafe6eeaf73713eae7ab64e582bdfd6') in 0.001963875 seconds
[Worker0] Imported GUID: 4b518b37798c97b0f860962cbf615533 - Path: Packages/com.unity.modules.unitywebrequestaudio/package.json - Importer: ScriptedImporter/UnityEditor.QuickSearchModule:UnityEditor.Search:ASIAI0B -> (ImportResultId: '379015a9a3368c4e65fe2809cebe821c') in 0.001481208 seconds
[Worker0] Imported GUID: ec737041edec4a5b93f7953a6ffe9f06 - Path: Packages/com.unity.multiplayer.center/Common/SelectedSolutionsData.cs - Importer: ScriptedImporter/UnityEditor.QuickSearchModule:UnityEditor.Search:ASIAI0B -> (ImportResultId: '3fdc139593bdc7604c98c095a6e6da97') in 0.001730459 seconds
[Worker0] Imported GUID: b5930dbc378b45d406aeb881f06b6dfa - Path: Packages/com.unity.modules.physicscore2d/package.json - Importer: ScriptedImporter/UnityEditor.QuickSearchModule:UnityEditor.Search:ASIAI0B -> (ImportResultId: 'b08d92b59f8c49d55f228cd658ea655c') in 0.00234975 seconds
[Worker0] Imported GUID: de198a9a1c7334adfafad1523fee55b6 - Path: Assets/Scripts/HitZone.cs - Importer: ScriptedImporter/UnityEditor.QuickSearchModule:UnityEditor.Search:ASIAI0B -> (ImportResultId: '15646d63f98a65c33a09e80fde9facf6') in 0.001457833 seconds
[Worker0] Imported GUID: a1c42005fe7c5d78585a77ce396a5eea - Path: Packages/com.unity.modules.tilemap/package.ModuleCompilationTrigger - Importer: ScriptedImporter/UnityEditor.QuickSearchModule:UnityEditor.Search:ASIAI0B -> (ImportResultId: 'cf0cc7704d06b06138bc9b7f66708740') in 0.002325708 seconds
[Worker0] Imported GUID: cbb1a39d56ce4d9ac1a46ac505893fa7 - Path: Packages/com.unity.modules.terrainphysics/package.ModuleCompilationTrigger - Importer: ScriptedImporter/UnityEditor.QuickSearchModule:UnityEditor.Search:ASIAI0B -> (ImportResultId: '79278d7c015bd483b65eee9c0da4b388') in 0.001505 seconds
[Worker0] Imported GUID: cd561f5f687aed43bf280c27a84f79e3 - Path: Packages/com.unity.modules.screencapture/package.ModuleCompilationTrigger - Importer: ScriptedImporter/UnityEditor.QuickSearchModule:UnityEditor.Search:ASIAI0B -> (ImportResultId: '774dc6d18d741adefcf4a3c86f46ac6f') in 0.002336042 seconds
[Worker0] Imported GUID: 1b6246f2248883964991eac9e9b4817c - Path: Packages/com.unity.modules.umbra/package.ModuleCompilationTrigger - Importer: ScriptedImporter/UnityEditor.QuickSearchModule:UnityEditor.Search:ASIAI0B -> (ImportResultId: 'df629aacd7e05e655524c9f5415354f9') in 0.001567708 seconds
[Worker0] Imported GUID: c8f6fa942856442b8bd72594d3ce7363 - Path: Packages/com.unity.multiplayer.center/Third Party Notices.md - Importer: ScriptedImporter/UnityEditor.QuickSearchModule:UnityEditor.Search:ASIAI0B -> (ImportResultId: '71e4a01b5c713ab714b6685226830ac2') in 0.002695041 seconds
[Worker0] Imported GUID: 60b916002053e457b8688fe2510fb1bc - Path: Assets/Scripts/TileSpawner.cs - Importer: ScriptedImporter/UnityEditor.QuickSearchModule:UnityEditor.Search:ASIAI0B -> (ImportResultId: '0f36f3ca4e4e9377c4b5892377a32338') in 0.001931 seconds
[Worker0] Imported GUID: 4b0703b32c47641f997c3be589dbbc56 - Path: Assets/Scripts/ScoreManager.cs - Importer: ScriptedImporter/UnityEditor.QuickSearchModule:UnityEditor.Search:ASIAI0B -> (ImportResultId: '8b4275dab7231278ee7ce4ba69f65e77') in 0.001966084 seconds
[Worker0] Imported GUID: b50b036555ef6497c9b3e67c263d6ffb - Path: Assets/Scripts/UIManager.cs - Importer: ScriptedImporter/UnityEditor.QuickSearchModule:UnityEditor.Search:ASIAI0B -> (ImportResultId: '9ecff6490a9e78f4b4cccf01340e5bb5') in 0.001379375 seconds
[Worker0] Imported GUID: 40bf3cec17fa0b49fe04443c8332d638 - Path: Packages/com.unity.modules.jsonserialize/package.json - Importer: ScriptedImporter/UnityEditor.QuickSearchModule:UnityEditor.Search:ASIAI0B -> (ImportResultId: 'c0296ac5884d7ca48322aaa3acb4979a') in 0.001482084 seconds
[Worker0] Imported GUID: 042dc296246916648e55a43d0eeb2036 - Path: Packages/com.unity.modules.audio/package.ModuleCompilationTrigger - Importer: ScriptedImporter/UnityEditor.QuickSearchModule:UnityEditor.Search:ASIAI0B -> (ImportResultId: '9da96d2cfb84292d17f70be7bee3ff99') in 0.001357708 seconds
[Worker0] Imported GUID: 6d10d5030ce8142e68663d7620e6c485 - Path: Assets/Scripts/TwistEffect.cs - Importer: ScriptedImporter/UnityEditor.QuickSearchModule:UnityEditor.Search:ASIAI0B -> (ImportResultId: '1456dadb54c1a5ae863ff3a5c9c7ed28') in 0.001474958 seconds
[Worker0] Imported GUID: d3cbe921f7b3d9a3257e7c61a5761796 - Path: Packages/com.unity.modules.terrainphysics/package.json - Importer: ScriptedImporter/UnityEditor.QuickSearchModule:UnityEditor.Search:ASIAI0B -> (ImportResultId: 'e3551f00b36643bb602d89b24ed7337b') in 0.001745875 seconds
[Worker0] Imported GUID: 14e86f88e9a8c9c448d7e7df92f2aeec - Path: Packages/com.unity.modules.physicscore2d/package.ModuleCompilationTrigger - Importer: ScriptedImporter/UnityEditor.QuickSearchModule:UnityEditor.Search:ASIAI0B -> (ImportResultId: '67dd8b2263ae3cd4fbdd737d63f7c452') in 0.001407208 seconds
[Worker0] Imported GUID: 51566b3736df4282bbe76645014b0cc5 - Path: Packages/com.unity.multiplayer.center/Editor/AssemblyInfo.cs - Importer: ScriptedImporter/UnityEditor.QuickSearchModule:UnityEditor.Search:ASIAI0B -> (ImportResultId: '6ccbf31c12d2b3c6cf532ee38757e7e3') in 0.003217042 seconds
[Worker0] Imported GUID: 4cee1dc929764056ac40ece91efef712 - Path: Packages/com.unity.multiplayer.center/Editor/Analytics/AnalyticsData.cs - Importer: ScriptedImporter/UnityEditor.QuickSearchModule:UnityEditor.Search:ASIAI0B -> (ImportResultId: 'cd1a5d13e69bfb91bbee31a13b2a42a6') in 0.002010875 seconds
[Worker0] Imported GUID: d0e3ad91972c66f5238f5b9b7d5ae58a - Path: Packages/com.unity.modules.unitywebrequesttexture/package.json - Importer: ScriptedImporter/UnityEditor.QuickSearchModule:UnityEditor.Search:ASIAI0B -> (ImportResultId: '9b13a43320e257b991904b07725f02bc') in 0.0020835 seconds
[Worker0] Imported GUID: 3bbd27b3dd7be4a74aeab8da6b0af5cc - Path: Packages/com.unity.multiplayer.center/CHANGELOG.md - Importer: ScriptedImporter/UnityEditor.QuickSearchModule:UnityEditor.Search:ASIAI0B -> (ImportResultId: 'e2cb00a29a41d22cf88bc5f6101a885d') in 0.001721542 seconds
[Worker0] Imported GUID: 42fe78c8fe682715a2cb531422e6ccb3 - Path: Packages/com.unity.modules.imgui/package.json - Importer: ScriptedImporter/UnityEditor.QuickSearchModule:UnityEditor.Search:ASIAI0B -> (ImportResultId: '3440ad4075446c7bd6c3b4aebce4b953') in 0.001750833 seconds
[Worker0] Imported GUID: 92b85551c51044571ae8364f010fe9ed - Path: Assets/Scripts/AudioManager.cs - Importer: ScriptedImporter/UnityEditor.QuickSearchModule:UnityEditor.Search:ASIAI0B -> (ImportResultId: '2fc6f2d4df6dd6d6b3def3f92c864016') in 0.001214791 seconds
[Worker0] Imported GUID: e6a135e3ea9cb46795d1b0e05ac3e1e5 - Path: Packages/com.unity.modules.jsonserialize/package.ModuleCompilationTrigger - Importer: ScriptedImporter/UnityEditor.QuickSearchModule:UnityEditor.Search:ASIAI0B -> (ImportResultId: 'ee2b00d81770fdef4c383916339496c7') in 0.001499917 seconds
[Worker0] Imported GUID: 71136fc5cf34f2cc10be0e33c0b08019 - Path: Packages/com.unity.modules.unityanalytics/package.ModuleCompilationTrigger - Importer: ScriptedImporter/UnityEditor.QuickSearchModule:UnityEditor.Search:ASIAI0B -> (ImportResultId: '05868d98fe57167974fdfe1cc21e298c') in 0.001504458 seconds
[Worker0] Imported GUID: fa27413e9edb06a6058d6c894eca0338 - Path: Packages/com.unity.modules.unitywebrequestwww/package.json - Importer: ScriptedImporter/UnityEditor.QuickSearchModule:UnityEditor.Search:ASIAI0B -> (ImportResultId: '8ce3b84d4702bef166ca517f2ec1a61f') in 0.001310333 seconds
[Worker0] Imported GUID: 888979c4306a04a57b257db776189b79 - Path: Assets/Scenes/GameScene.unity - Importer: ScriptedImporter/UnityEditor.QuickSearchModule:UnityEditor.Search:ASIAI0B -> (ImportResultId: '8e35186b62ed8a4850250f82114cc3c5') in 0.002609916 seconds
[Worker0] Imported GUID: 26a4f29db434fd79025c91f6126382cc - Path: Packages/com.unity.modules.unityanalytics/package.json - Importer: ScriptedImporter/UnityEditor.QuickSearchModule:UnityEditor.Search:ASIAI0B -> (ImportResultId: '2909d14bd93d216e03ef13fc1f04fa24') in 0.001869583 seconds
[Worker0] Imported GUID: fc15b1c6ff0e0405dac179fe676ca501 - Path: Assets/Scripts/Tile.cs - Importer: ScriptedImporter/UnityEditor.QuickSearchModule:UnityEditor.Search:ASIAI0B -> (ImportResultId: '1d6b0358e6e4971dd04a3d79fa96334b') in 0.001382417 seconds
[Worker0] Imported GUID: 92a378669877c05c6071d0fed687bb95 - Path: Packages/com.unity.modules.tilemap/package.json - Importer: ScriptedImporter/UnityEditor.QuickSearchModule:UnityEditor.Search:ASIAI0B -> (ImportResultId: 'd483f9d904cb05c45b9f34e2c2e8c1de') in 0.001744625 seconds
[Worker0] Imported GUID: 157e1606dfbd48dda6f01acbf49435b0 - Path: Packages/com.unity.multiplayer.center/Editor/MultiplayerCenterWindow/UI/QuestionSection.cs - Importer: ScriptedImporter/UnityEditor.QuickSearchModule:UnityEditor.Search:ASIAI0B -> (ImportResultId: '78724e86a64c9d92c2f45a7b37fc2be8') in 0.001900083 seconds
[Worker0] Imported GUID: 54407f5deee4439eb1885bee01956e9c - Path: Packages/com.unity.multiplayer.center/Editor/Analytics/AnalyticsUtils.cs - Importer: ScriptedImporter/UnityEditor.QuickSearchModule:UnityEditor.Search:ASIAI0B -> (ImportResultId: '64766a1b8a9cf6f928e26277575b3c35') in 0.002275334 seconds
[Worker0] Imported GUID: ca560c7d2a0d4453a50ec4f704ce9ce1 - Path: Packages/com.unity.multiplayer.center/Tests/Editor/UtilsForRecommendationTests.cs - Importer: ScriptedImporter/UnityEditor.QuickSearchModule:UnityEditor.Search:ASIAI0B -> (ImportResultId: '0e2667e25c9643d7d74538c54ce54a02') in 0.002085416 seconds
[Worker0] Imported GUID: 29cbd1c6a8c9419aac357b8d4edbdc84 - Path: Packages/com.unity.multiplayer.center/Tests/Editor/QuickstartTabTests.cs - Importer: ScriptedImporter/UnityEditor.QuickSearchModule:UnityEditor.Search:ASIAI0B -> (ImportResultId: 'b7d4d46aec64d7b5b972b7802bc1a90e') in 0.002119916 seconds
[Worker0] Imported GUID: 3595bcaa1af84e6d92e07f0258a4256c - Path: Packages/com.unity.multiplayer.center/Editor/Questionnaire/PresetData.cs - Importer: ScriptedImporter/UnityEditor.QuickSearchModule:UnityEditor.Search:ASIAI0B -> (ImportResultId: '9da804d27b2035778440251a07f34990') in 0.001776083 seconds
[Worker0] Imported GUID: cfc5ccd4416341629caf73dd3e318aac - Path: Packages/com.unity.multiplayer.center/Tests/Editor/UtilsForMultiplayerCenterTests.cs - Importer: ScriptedImporter/UnityEditor.QuickSearchModule:UnityEditor.Search:ASIAI0B -> (ImportResultId: '85532cb3c861d1ec4cb49e973cf21b88') in 0.00215225 seconds
[Worker0] Imported GUID: 1c3db2c484234a94a19c3acdc2539575 - Path: Packages/com.unity.multiplayer.center/Editor/MultiplayerCenterWindow/UI/StyleClasses.cs - Importer: ScriptedImporter/UnityEditor.QuickSearchModule:UnityEditor.Search:ASIAI0B -> (ImportResultId: 'f91eae4f51366e8ef4197703eeba8a42') in 0.001926375 seconds
[Worker0] Imported GUID: ad1d29f4654194951a3c8bf507914d05 - Path: Packages/com.unity.multiplayer.center/Editor/MultiplayerCenterWindow/UI/Icons/CloudCode.png - Importer: ScriptedImporter/UnityEditor.QuickSearchModule:UnityEditor.Search:ASIAI0B -> (ImportResultId: '0554c894a6925dd510c6a4d7ae3696b7') in 0.040148542 seconds
[Worker0] Imported GUID: f1ac2efb1bcd4dfd95dc196ed3c11367 - Path: Packages/com.unity.multiplayer.center/Editor/MultiplayerCenterWindow/UI/light.uss - Importer: ScriptedImporter/UnityEditor.QuickSearchModule:UnityEditor.Search:ASIAI0B -> (ImportResultId: 'c620a94a992dced42ee7328a64c74791') in 0.024038375 seconds
[Worker0] Imported GUID: d7711b0cc806d430b8a95f1e33ec3649 - Path: Packages/com.unity.multiplayer.center/Editor/MultiplayerCenterWindow/UI/Icons/CustomNetcode@2x.png - Importer: ScriptedImporter/UnityEditor.QuickSearchModule:UnityEditor.Search:ASIAI0B -> (ImportResultId: '3226b4f88bb5f2868505f81345fd475d') in 0.006098875 seconds
[Worker0] Imported GUID: 676a3852811f4199813ce7f6dbac6880 - Path: Packages/com.unity.multiplayer.center/Editor/Features/PackageManagement.cs - Importer: ScriptedImporter/UnityEditor.QuickSearchModule:UnityEditor.Search:ASIAI0B -> (ImportResultId: '1b755780587ba7c3499ceb7b7347af54') in 0.001710209 seconds
[Worker0] Imported GUID: 7ca5cd79ef39442e599efb761abcbaac - Path: Packages/com.unity.multiplayer.center/Editor/Questionnaire/QuestionnaireData.cs - Importer: ScriptedImporter/UnityEditor.QuickSearchModule:UnityEditor.Search:ASIAI0B -> (ImportResultId: '3959f7b5653d37747cc860679a5e9751') in 0.001482917 seconds
[Worker0] Imported GUID: 052c764978664486a9c04518899ddf57 - Path: Packages/com.unity.multiplayer.center/Editor/MultiplayerCenterWindow/RecommendationTabView.cs - Importer: ScriptedImporter/UnityEditor.QuickSearchModule:UnityEditor.Search:ASIAI0B -> (ImportResultId: '5a9b4a77544f5aeb381e3e38bcc03fb7') in 0.001651625 seconds
[Worker0] Imported GUID: 787ec048daec145b580d1134da5dd278 - Path: Packages/com.unity.multiplayer.center/Tests/Editor/Unity.Multiplayer.Center.Editor.Tests.asmdef - Importer: ScriptedImporter/UnityEditor.QuickSearchModule:UnityEditor.Search:ASIAI0B -> (ImportResultId: 'cb974e14bd2cfad419d969c436d8be2b') in 0.002147458 seconds
[Worker0] Imported GUID: c2c1cf24bea5410ea530b2c8a875b293 - Path: Packages/com.unity.multiplayer.center/Tests/Editor/AnalyticsUtilsTests.cs - Importer: ScriptedImporter/UnityEditor.QuickSearchModule:UnityEditor.Search:ASIAI0B -> (ImportResultId: '805d371c1f7d4ee8655ee1d94bec74a1') in 0.001430583 seconds
[Worker0] Imported GUID: 0d9328c739784454ad03d404f395a0ab - Path: Packages/com.unity.multiplayer.center/Editor/MultiplayerCenterWindow/UI/ViewUtils.cs - Importer: ScriptedImporter/UnityEditor.QuickSearchModule:UnityEditor.Search:ASIAI0B -> (ImportResultId: 'f6c1c33c31df7f1f3c3541435f52f998') in 0.001947834 seconds
[Worker0] Imported GUID: 36b51591e13f48b5bed734724d149fb4 - Path: Packages/com.unity.multiplayer.center/Tests/Editor/RecommendationAnalyticsTests.cs - Importer: ScriptedImporter/UnityEditor.QuickSearchModule:UnityEditor.Search:ASIAI0B -> (ImportResultId: 'ba09673ee3ec9f53a748f6da24cb6162') in 0.001631708 seconds
[Worker0] Imported GUID: 8110dd6ddbc04e58b50978562ce0c00a - Path: Packages/com.unity.multiplayer.center/Tests/Editor/ExpectedPresetRecommendations.cs - Importer: ScriptedImporter/UnityEditor.QuickSearchModule:UnityEditor.Search:ASIAI0B -> (ImportResultId: '3e86f613017881350280ad20971f48db') in 0.002173917 seconds
[Worker0] Imported GUID: fcbb62ff857b4cf49e74f5f9aca6e8d6 - Path: Packages/com.unity.multiplayer.center/Editor/OnBoarding/SectionsFinder.cs - Importer: ScriptedImporter/UnityEditor.QuickSearchModule:UnityEditor.Search:ASIAI0B -> (ImportResultId: '498cd07141479ef200117f32ccea5226') in 0.001520375 seconds
[Worker0] Imported GUID: 6cfa81557736450abfb73264580451c1 - Path: Packages/com.unity.multiplayer.center/Tests/Editor/SectionHeaderTests.cs - Importer: ScriptedImporter/UnityEditor.QuickSearchModule:UnityEditor.Search:ASIAI0B -> (ImportResultId: '1b87caea10867e446884652d9b8fe2a7') in 0.001427625 seconds
[Worker0] Imported GUID: 52a77c59214a4cb5a43fc7b0e097d832 - Path: Packages/com.unity.multiplayer.center/Editor/Recommendations/RecommendationUtils.cs - Importer: ScriptedImporter/UnityEditor.QuickSearchModule:UnityEditor.Search:ASIAI0B -> (ImportResultId: 'af631d43fc0ec3ff059b74b5809ec7a6') in 0.002092833 seconds
[Worker0] Imported GUID: c3d3226643b94888b02e25de0a9de55f - Path: Packages/com.unity.multiplayer.center/Tests/Editor/UserVisibleTextTests.cs - Importer: ScriptedImporter/UnityEditor.QuickSearchModule:UnityEditor.Search:ASIAI0B -> (ImportResultId: 'f5ecb04e142bb7bf68ef4579d625239c') in 0.002601041 seconds
[Worker0] Imported GUID: a1c995459c0d418c88dd274e04840c5d - Path: Packages/com.unity.multiplayer.center/Editor/Recommendations/RecommenderSystem.cs - Importer: ScriptedImporter/UnityEditor.QuickSearchModule:UnityEditor.Search:ASIAI0B -> (ImportResultId: '8a7a87345b0568f02b2b71666415d107') in 0.001877333 seconds
[Worker0] Imported GUID: e4439b4b4bb24a5eb61c59c5a67aa5a0 - Path: Packages/com.unity.multiplayer.center/Editor/MultiplayerCenterWindow/UI/QuestionViewFactory.cs - Importer: ScriptedImporter/UnityEditor.QuickSearchModule:UnityEditor.Search:ASIAI0B -> (ImportResultId: '918a2820e4f0d22517df62b07574ea27') in 0.001815417 seconds
[Worker0] Imported GUID: 8bce0b24c28e45d884acfcf49a3b8945 - Path: Packages/com.unity.multiplayer.center/Editor/Analytics/MultiplayerCenterAnalyticsFactory.cs - Importer: ScriptedImporter/UnityEditor.QuickSearchModule:UnityEditor.Search:ASIAI0B -> (ImportResultId: '6eafb1e6fbb31495b2be32cd5313bfc4') in 0.001838916 seconds
[Worker0] Imported GUID: 0ddc3b8a12c84454b04e4d6bdd88241c - Path: Packages/com.unity.multiplayer.center/Editor/Recommendations/RecommendationViewData.cs - Importer: ScriptedImporter/UnityEditor.QuickSearchModule:UnityEditor.Search:ASIAI0B -> (ImportResultId: 'b4e52de0f3317d6c6f7399e30eebabe2') in 0.001921584 seconds
[Worker0] Imported GUID: d2c2caab1f2642afa6c07dec054fd34f - Path: Packages/com.unity.multiplayer.center/Editor/OnBoarding/GettingStartedTabView.cs - Importer: ScriptedImporter/UnityEditor.QuickSearchModule:UnityEditor.Search:ASIAI0B -> (ImportResultId: '8f27609c2d82b8e27aaf5b634fe74d9d') in 0.001973 seconds
[Worker0] Imported GUID: a23c0dd570fd44b57a03a8880002fcca - Path: Packages/com.unity.multiplayer.center/Editor/MultiplayerCenterWindow/UI/Icons/CloudCode@2x.png - Importer: ScriptedImporter/UnityEditor.QuickSearchModule:UnityEditor.Search:ASIAI0B -> (ImportResultId: 'a5805308c1565324691180de42935f02') in 0.004408958 seconds
[Worker0] Imported GUID: 3fe892784421e47f5aa40c2784a6cb3e - Path: Packages/com.unity.multiplayer.center/Editor/MultiplayerCenterWindow/UI/Icons/DedicatedServer.png - Importer: ScriptedImporter/UnityEditor.QuickSearchModule:UnityEditor.Search:ASIAI0B -> (ImportResultId: '81dc471d3a64825bc107c693e1be21b4') in 0.005476167 seconds
[Worker0] Imported GUID: a659150180ae3489ba41c71780ba3779 - Path: Packages/com.unity.multiplayer.center/Editor/Questionnaire/Questionnaire.questionnaire - Importer: ScriptedImporter/UnityEditor.QuickSearchModule:UnityEditor.Search:ASIAI0B -> (ImportResultId: '33310dc84960d3787efa3e6cef7bce71') in 0.004844125 seconds
[Worker0] Imported GUID: b66d076cdcfe3b14388de66307a0e7ff - Path: Packages/com.unity.multiplayer.center/Editor/Recommendations/RecommendationData_6000.0.recommendations - Importer: ScriptedImporter/UnityEditor.QuickSearchModule:UnityEditor.Search:ASIAI0B -> (ImportResultId: '084f2f1ecdcef6ddcb70260979b78495') in 0.002510333 seconds
[Worker0] Imported GUID: c37c4c45cacc46edb43b8c32617b3e34 - Path: Packages/com.unity.multiplayer.center/Tests/Editor/UtilsForGettingStartedTabTests.cs - Importer: ScriptedImporter/UnityEditor.QuickSearchModule:UnityEditor.Search:ASIAI0B -> (ImportResultId: '8185670fc6d661a71580ed1b96880c62') in 0.003127875 seconds
[Worker0] Imported GUID: 38a11839c22b4e67aa2e508d906edf65 - Path: Packages/com.unity.multiplayer.center/Editor/Recommendations/RecommenderSystemData.cs - Importer: ScriptedImporter/UnityEditor.QuickSearchModule:UnityEditor.Search:ASIAI0B -> (ImportResultId: 'e1d6cf2b9da5b7fd49e5facdebee945b') in 0.003772792 seconds
[Worker0] Imported GUID: 5d117d33f89d41cd9123918383c9b981 - Path: Packages/com.unity.multiplayer.center/Editor/Questionnaire/QuestionnaireEditor.cs - Importer: ScriptedImporter/UnityEditor.QuickSearchModule:UnityEditor.Search:ASIAI0B -> (ImportResultId: '448c759eaf0df3734098ad39fd532790') in 0.003354042 seconds
[Worker0] Imported GUID: b46a48f780f84026b9d1e73ee1b0121d - Path: Packages/com.unity.multiplayer.center/Editor/Recommendations/RecommendationType.cs - Importer: ScriptedImporter/UnityEditor.QuickSearchModule:UnityEditor.Search:ASIAI0B -> (ImportResultId: 'e3ba3faac5e06b10977c612c95b072a5') in 0.003576542 seconds
[Worker0] Imported GUID: 185e678d90804a8a85ab38276eca86fb - Path: Packages/com.unity.multiplayer.center/Editor/Analytics/MultiplayerCenterAnalytics.cs - Importer: ScriptedImporter/UnityEditor.QuickSearchModule:UnityEditor.Search:ASIAI0B -> (ImportResultId: '95711f705189cb7da5b3d0e66c2b309c') in 0.004561 seconds
[Worker0] Imported GUID: 7456ea4ba2dcd48d3909b82e610f2048 - Path: Packages/com.unity.multiplayer.center/Tests/Runtime/PlaceholderTest.cs - Importer: ScriptedImporter/UnityEditor.QuickSearchModule:UnityEditor.Search:ASIAI0B -> (ImportResultId: 'cb3bc3d94688129d2656b31fc46c088d') in 0.002990625 seconds
[Worker0] Imported GUID: 89ffa359141b49fea9bfa6a1db3b18be - Path: Packages/com.unity.multiplayer.center/Tests/Editor/AssemblyInfo.cs - Importer: ScriptedImporter/UnityEditor.QuickSearchModule:UnityEditor.Search:ASIAI0B -> (ImportResultId: '6a08a96bc7b91037f07434513895b1f8') in 0.001669625 seconds
[Worker0] Imported GUID: d9beb5106d424f23902054f76d4b673d - Path: Packages/com.unity.multiplayer.center/Editor/Questionnaire/Logic.cs - Importer: ScriptedImporter/UnityEditor.QuickSearchModule:UnityEditor.Search:ASIAI0B -> (ImportResultId: 'bc1ac3c3c7f3bb142a1fa3536c086306') in 0.001444291 seconds
[Worker0] Imported GUID: 23342257960b4b618e6f7c444137663c - Path: Packages/com.unity.multiplayer.center/Editor/Recommendations/PreReleaseHandling.cs - Importer: ScriptedImporter/UnityEditor.QuickSearchModule:UnityEditor.Search:ASIAI0B -> (ImportResultId: 'bd1bcc24137505d7e7f9825b67c64f59') in 0.00344175 seconds
[Worker0] Imported GUID: 15513aed5d41411c887ccfe14c103337 - Path: Packages/com.unity.multiplayer.center/Tests/Editor/UserChoicesMigrationTests.cs - Importer: ScriptedImporter/UnityEditor.QuickSearchModule:UnityEditor.Search:ASIAI0B -> (ImportResultId: '1cd5836a056859f58b447ebc20b329ec') in 0.004336333 seconds
[Worker0] Imported GUID: f526d484b0c04a1896c469f31c713786 - Path: Packages/com.unity.multiplayer.center/Editor/Recommendations/Scoring.cs - Importer: ScriptedImporter/UnityEditor.QuickSearchModule:UnityEditor.Search:ASIAI0B -> (ImportResultId: '191f2d4963f1a30814f7d0510fbdec27') in 0.0038265 seconds
[Worker0] Imported GUID: c3677cd9ede84e78b2fff6331c6301da - Path: Packages/com.unity.multiplayer.center/Editor/Questionnaire/QuestionnaireObject.cs - Importer: ScriptedImporter/UnityEditor.QuickSearchModule:UnityEditor.Search:ASIAI0B -> (ImportResultId: '314bfb7fb6b4113910fb8fa100fa1e80') in 0.003295417 seconds
[Worker0] Imported GUID: 0efb92c924574ec59b71b9185a6ed8fb - Path: Packages/com.unity.multiplayer.center/Tests/Editor/RecommendationTests.cs - Importer: ScriptedImporter/UnityEditor.QuickSearchModule:UnityEditor.Search:ASIAI0B -> (ImportResultId: '30466e429650f3ccbace58e82ef7f412') in 0.002861834 seconds
[Worker0] Imported GUID: d1084186a4004823abee9b87c8ddf198 - Path: Packages/com.unity.multiplayer.center/Editor/MultiplayerCenterWindow/RecommendationViewBottomBar.cs - Importer: ScriptedImporter/UnityEditor.QuickSearchModule:UnityEditor.Search:ASIAI0B -> (ImportResultId: 'ce136e04ba80d9da6053d6084db9af6a') in 0.002437084 seconds
[Worker0] Imported GUID: 4f78a544322c742b89e63fb68557b1d2 - Path: Packages/com.unity.multiplayer.center/Editor/MultiplayerCenterWindow/UI/Icons/Check.png - Importer: ScriptedImporter/UnityEditor.QuickSearchModule:UnityEditor.Search:ASIAI0B -> (ImportResultId: 'cc0cd776df59536a5048760b9e6ff541') in 0.005969041 seconds
[Worker0] Imported GUID: 284da2a38ea043d69e1a38fd8a22bec9 - Path: Packages/com.unity.multiplayer.center/Tests/Editor/RecommenderSystemTests.cs - Importer: ScriptedImporter/UnityEditor.QuickSearchModule:UnityEditor.Search:ASIAI0B -> (ImportResultId: 'a69bd9453af148240895f4c38f68e4e1') in 0.0025345 seconds
[Worker0] Imported GUID: dce12af736e0a4a1ba35d6424f897dc9 - Path: Packages/com.unity.multiplayer.center/Editor/MultiplayerCenterWindow/UI/Icons/CustomNetcode.png - Importer: ScriptedImporter/UnityEditor.QuickSearchModule:UnityEditor.Search:ASIAI0B -> (ImportResultId: 'c2cf0fff321d64364fc976d9744b2c36') in 0.005630667 seconds
[Worker0] Imported GUID: b2ce704e56cc84fb3b347499263c6244 - Path: Packages/com.unity.multiplayer.center/Editor/MultiplayerCenterWindow/UI/Icons/ClientHosted.png - Importer: ScriptedImporter/UnityEditor.QuickSearchModule:UnityEditor.Search:ASIAI0B -> (ImportResultId: '4e22c43df17d36d9111866666f1476af') in 0.004294208 seconds
[Worker0] Imported GUID: e9faa4a7023c43c5805642250c703f48 - Path: Packages/com.unity.multiplayer.center/Editor/Analytics/OnboardingSectionAnalyticsProvider.cs - Importer: ScriptedImporter/UnityEditor.QuickSearchModule:UnityEditor.Search:ASIAI0B -> (ImportResultId: '0bcc53f3348371dbdcd811f80226bbec') in 0.002718333 seconds
Android Extension - Scanning For ADB Devices 3261 ms
[Worker0] Imported GUID: bac00d6e07f0b4305bb395363c89d92b - Path: Packages/com.unity.multiplayer.center/Editor/MultiplayerCenterWindow/UI/MultiplayerCenterWindow.uss - Importer: ScriptedImporter/UnityEditor.QuickSearchModule:UnityEditor.Search:ASIAI0B -> (ImportResultId: '1f0ce0c989166bc31e8d3876a2a007ec') in 0.017395208 seconds
[Worker0] Imported GUID: b6a02e450cd04bb781e7728f2056251c - Path: Packages/com.unity.multiplayer.center/Editor/Recommendations/RecommenderSystemDataObject.cs - Importer: ScriptedImporter/UnityEditor.QuickSearchModule:UnityEditor.Search:ASIAI0B -> (ImportResultId: '856756fbbcd7210a0423b2f9d31786c6') in 0.003974084 seconds
[Worker0] Imported GUID: 2664430aff4254d79887d32c3fc1e221 - Path: Packages/com.unity.multiplayer.center/Tests/Runtime/Unity.Multiplayer.Center.Tests.asmdef - Importer: ScriptedImporter/UnityEditor.QuickSearchModule:UnityEditor.Search:ASIAI0B -> (ImportResultId: '454c2fa3841bb1fba844ba16afc5e9d8') in 0.00216075 seconds
[Worker0] Imported GUID: 18cde282a8d045bf9d245fdcfaa7271b - Path: Packages/com.unity.multiplayer.center/Editor/Questionnaire/UserChoicesObject.cs - Importer: ScriptedImporter/UnityEditor.QuickSearchModule:UnityEditor.Search:ASIAI0B -> (ImportResultId: '5d0604abc410d6ab640ad32a80ba6088') in 0.00257825 seconds
[Worker0] Imported GUID: dd20f32039084a12a8e48dffd4d58f48 - Path: Packages/com.unity.multiplayer.center/Editor/Analytics/DebugAnalytics.cs - Importer: ScriptedImporter/UnityEditor.QuickSearchModule:UnityEditor.Search:ASIAI0B -> (ImportResultId: '209f56a4931628d8d9ad6c2a3cc58989') in 0.002090375 seconds
[Worker0] Imported GUID: 71b3035ad4d343cbbe033e93369d187e - Path: Packages/com.unity.multiplayer.center/Editor/Recommendations/RecommendationAuthoringData.cs - Importer: ScriptedImporter/UnityEditor.QuickSearchModule:UnityEditor.Search:ASIAI0B -> (ImportResultId: '6784797bd866003c8dc72ccdd48923d1') in 0.00208675 seconds
[Worker0] Imported GUID: 1984cd07fe96417f9e88f5771f6b4b32 - Path: Packages/com.unity.multiplayer.center/Editor/MultiplayerCenterWindow/UI/dark.uss - Importer: ScriptedImporter/UnityEditor.QuickSearchModule:UnityEditor.Search:ASIAI0B -> (ImportResultId: 'a5a7145acda52282d8f0c8e41c2fec04') in 0.0074485 seconds
[Worker0] Imported GUID: bcf305fff4614e26a6979b63e954f6d6 - Path: Packages/com.unity.multiplayer.center/Editor/MultiplayerCenterWindow/UI/QuestionnaireView.cs - Importer: ScriptedImporter/UnityEditor.QuickSearchModule:UnityEditor.Search:ASIAI0B -> (ImportResultId: '1c022069b43e517a7f3bc9ae7641b368') in 0.002156167 seconds
[Worker0] Imported GUID: ea491f91a8b84866ad13371715bf90c8 - Path: Packages/com.unity.multiplayer.center/Tests/Editor/LogicTests.cs - Importer: ScriptedImporter/UnityEditor.QuickSearchModule:UnityEditor.Search:ASIAI0B -> (ImportResultId: 'aca574fad9b5a96add1c5db97e828010') in 0.001221666 seconds
[Worker0] Imported GUID: 322b0121d39f45208a3d933e6926a9d8 - Path: Packages/com.unity.multiplayer.center/Editor/OnBoarding/QuickstartPackageHandling.cs - Importer: ScriptedImporter/UnityEditor.QuickSearchModule:UnityEditor.Search:ASIAI0B -> (ImportResultId: '70ae1e00df1d96d29e5442f650e16b73') in 0.001686125 seconds
[Worker0] Imported GUID: 7e006510f5f4425ca971c7de0bfbb77a - Path: Packages/com.unity.multiplayer.center/Editor/MultiplayerCenterWindow/MultiplayerCenterWindow.cs - Importer: ScriptedImporter/UnityEditor.QuickSearchModule:UnityEditor.Search:ASIAI0B -> (ImportResultId: 'cd343c7b64281011f5cfc75a7fc9a4f2') in 0.00223975 seconds
[Worker0] Imported GUID: fdefed6b790f4373b0feb7d25854d8ac - Path: Packages/com.unity.multiplayer.center/Editor/MultiplayerCenterWindow/TabGroup.cs - Importer: ScriptedImporter/UnityEditor.QuickSearchModule:UnityEditor.Search:ASIAI0B -> (ImportResultId: '89ebe1a24f4681a37957731126e1c0d4') in 0.001294541 seconds
[Worker0] Imported GUID: c7a38e6eccbfc49778cb8b77f594a971 - Path: Packages/com.unity.multiplayer.center/Editor/MultiplayerCenterWindow/UI/Icons/ClientHosted@2x.png - Importer: ScriptedImporter/UnityEditor.QuickSearchModule:UnityEditor.Search:ASIAI0B -> (ImportResultId: 'e49997ff7890a7192bad3110f2f970ed') in 0.003519375 seconds
[Worker0] Imported GUID: 470a2d15035f44b7b2888a0db0704bff - Path: Packages/com.unity.multiplayer.center/Tests/Editor/TabGroupTests.cs - Importer: ScriptedImporter/UnityEditor.QuickSearchModule:UnityEditor.Search:ASIAI0B -> (ImportResultId: '079e61f37765a07791e8c6c8a4b606bb') in 0.001462459 seconds
[Worker0] Imported GUID: ea11495227d864849bdb4fa69e931cbc - Path: Packages/com.unity.ugui/Editor/Analytics/UGUIBuildAnalytics.cs - Importer: ScriptedImporter/UnityEditor.QuickSearchModule:UnityEditor.Search:ASIAI0B -> (ImportResultId: 'cd739df5f9273fcd5bf467f5d5ccd85f') in 0.002303958 seconds
[Worker0] Imported GUID: ff6d34f71e1a6af4290f9275ff94616c - Path: Packages/com.unity.ugui/Editor/Analytics/UGUIAnalytics.cs - Importer: ScriptedImporter/UnityEditor.QuickSearchModule:UnityEditor.Search:ASIAI0B -> (ImportResultId: '63106acb6d14c2f688007b5f5fca5597') in 0.001396541 seconds
[Worker0] Imported GUID: 525a6cca8dd9a4d28875a8fe824710d9 - Path: Packages/com.unity.multiplayer.center/Editor/MultiplayerCenterWindow/UI/Icons/d_Package.png - Importer: ScriptedImporter/UnityEditor.QuickSearchModule:UnityEditor.Search:ASIAI0B -> (ImportResultId: 'b492a123666109ad3a8ba28fe84d7466') in 0.003447417 seconds
[Worker0] Imported GUID: dab91f148d99946e7b3c3a87ecf4b973 - Path: Packages/com.unity.multiplayer.center/Editor/MultiplayerCenterWindow/UI/Icons/d_Loading.png - Importer: ScriptedImporter/UnityEditor.QuickSearchModule:UnityEditor.Search:ASIAI0B -> (ImportResultId: '5c9813034431ae706388c92eb877f18a') in 0.004489667 seconds
[Worker0] Imported GUID: 679f9999c6f8f497e806a2d5d0511879 - Path: Packages/com.unity.multiplayer.center/Editor/MultiplayerCenterWindow/UI/Icons/PackageManager.png - Importer: ScriptedImporter/UnityEditor.QuickSearchModule:UnityEditor.Search:ASIAI0B -> (ImportResultId: '6761880006a216a54ca13189bafe3c5f') in 0.003365167 seconds
[Worker0] Imported GUID: 96d14b71b907bb52333b2886e665aba6 - Path: Packages/com.unity.modules.video/package.json - Importer: ScriptedImporter/UnityEditor.QuickSearchModule:UnityEditor.Search:ASIAI0B -> (ImportResultId: 'c451bc6af75d38b09d4a9d97dedec650') in 0.0013235 seconds
[Worker0] Imported GUID: 96b44f7d98314b139324a8a87eb66067 - Path: Packages/com.unity.ugui/Editor/TMP/TMP_FontAssetEditor.cs - Importer: ScriptedImporter/UnityEditor.QuickSearchModule:UnityEditor.Search:ASIAI0B -> (ImportResultId: '5e91d609fcd833ddf032751be36d8c47') in 0.001773125 seconds
[Worker0] Imported GUID: 5262b119dc3e4259a40e6d93c8ea1048 - Path: Packages/com.unity.multiplayer.center/Editor/MultiplayerCenterWindow/UI/RecommendationView/PackageSelectionView.cs - Importer: ScriptedImporter/UnityEditor.QuickSearchModule:UnityEditor.Search:ASIAI0B -> (ImportResultId: '91d8de8d236a0f2675467fd9597c4081') in 0.00154125 seconds
[Worker0] Imported GUID: f1e4f3f59aa446bfb097357fa8ad4a8b - Path: Packages/com.unity.multiplayer.center/Editor/MultiplayerCenterWindow/UI/RecommendationView/SolutionSelectionView.cs - Importer: ScriptedImporter/UnityEditor.QuickSearchModule:UnityEditor.Search:ASIAI0B -> (ImportResultId: 'f5202b2a1008d0f657f2dd6afd148e25') in 0.001567584 seconds
[Worker0] Imported GUID: 225b67dcce9247b4c806e435b34695d2 - Path: Packages/com.unity.ugui/Editor/TMP/TMP_MarkupTagUpdateUtility.cs - Importer: ScriptedImporter/UnityEditor.QuickSearchModule:UnityEditor.Search:ASIAI0B -> (ImportResultId: 'cfbaec88f5ca2c296a5610eac7197796') in 0.001691791 seconds
[Worker0] Imported GUID: d9647b571c5e44729b71d756b3d55317 - Path: Packages/com.unity.ugui/Editor/TMP/TMP_ColorGradientAssetMenu.cs - Importer: ScriptedImporter/UnityEditor.QuickSearchModule:UnityEditor.Search:ASIAI0B -> (ImportResultId: 'eaeee183a34abf8d0752ac486f4032ef') in 0.001477625 seconds
[Worker0] Imported GUID: 0423146d9f51c4563a0f2a8200b6cd38 - Path: Packages/com.unity.multiplayer.center/Editor/MultiplayerCenterWindow/UI/Icons/PackageInstalled@2x.png - Importer: ScriptedImporter/UnityEditor.QuickSearchModule:UnityEditor.Search:ASIAI0B -> (ImportResultId: '7ff69c9ffc07ec107f1c0f910e12d060') in 0.004071917 seconds
[Worker0] Imported GUID: ce4ff17ca867d2b48b5c8a4181611901 - Path: Packages/com.unity.ugui/Package Resources/TMP Essential Resources.unitypackage - Importer: ScriptedImporter/UnityEditor.QuickSearchModule:UnityEditor.Search:ASIAI0B -> (ImportResultId: '0f824537aaa36fcd6c10a0fd0c757cc2') in 0.001352208 seconds
[Worker0] Imported GUID: 8394c018a82352f41ae354f7bdad54e3 - Path: Packages/com.unity.ugui/Editor/Analytics/UnityEditor.UI.Analytics.asmdef - Importer: ScriptedImporter/UnityEditor.QuickSearchModule:UnityEditor.Search:ASIAI0B -> (ImportResultId: 'ba3f23e3f014c07188dde525f936f8f5') in 0.00146025 seconds
[Worker0] Imported GUID: 21c0044a7f964773be90d197a78e4703 - Path: Packages/com.unity.ugui/Editor/TMP/TMP_EditorPanelUI.cs - Importer: ScriptedImporter/UnityEditor.QuickSearchModule:UnityEditor.Search:ASIAI0B -> (ImportResultId: '781cda62507b381f4365b030d38e2318') in 0.001409666 seconds
[Worker0] Imported GUID: 1b4c88814ec6241eb8e327515399c006 - Path: Packages/com.unity.multiplayer.center/Editor/MultiplayerCenterWindow/UI/Icons/d_PackageManager.png - Importer: ScriptedImporter/UnityEditor.QuickSearchModule:UnityEditor.Search:ASIAI0B -> (ImportResultId: '8ec580f341f32e43798fbdc417366ea9') in 0.00408875 seconds
[Worker0] Imported GUID: 424a8de5def3b46dcb08edd00ad1c7bd - Path: Packages/com.unity.multiplayer.center/Editor/MultiplayerCenterWindow/UI/Icons/Loading.png - Importer: ScriptedImporter/UnityEditor.QuickSearchModule:UnityEditor.Search:ASIAI0B -> (ImportResultId: '9e0d0aeaa21a53ef9000b5bee793778d') in 0.003945875 seconds
[Worker0] Imported GUID: 319b8889f363f5947acf209c17a94149 - Path: Packages/com.unity.ugui/package.json - Importer: ScriptedImporter/UnityEditor.QuickSearchModule:UnityEditor.Search:ASIAI0B -> (ImportResultId: '1096cb01f5c32f815fc29dd6076e05f4') in 0.001954792 seconds
[Worker0] Imported GUID: 6b259c4003a802847b9ada90744e34c5 - Path: Packages/com.unity.ugui/Editor/TMP/TMP_EditorResourceManager.cs - Importer: ScriptedImporter/UnityEditor.QuickSearchModule:UnityEditor.Search:ASIAI0B -> (ImportResultId: '6bccccd67f07dcfaed71753e971d16fc') in 0.001441083 seconds
[Worker0] Imported GUID: 83b28bcaaf34b4fd580114fb05d9f160 - Path: Packages/com.unity.multiplayer.center/Editor/MultiplayerCenterWindow/UI/Icons/NGO@2x.png - Importer: ScriptedImporter/UnityEditor.QuickSearchModule:UnityEditor.Search:ASIAI0B -> (ImportResultId: '2621427cfd72b99166a0721f721b2a36') in 0.003901584 seconds
[Worker0] Imported GUID: 6dbcf248c987476181a37f01a1814975 - Path: Packages/com.unity.ugui/Editor/TMP/TMP_DropdownEditor.cs - Importer: ScriptedImporter/UnityEditor.QuickSearchModule:UnityEditor.Search:ASIAI0B -> (ImportResultId: '0e9e7b97b5d49c5df6670e36699e6db7') in 0.00144325 seconds
[Worker0] Imported GUID: 34f6695d37a94370a3697f6b068f5d5e - Path: Packages/com.unity.ugui/Editor/TMP/TMP_EditorPanel.cs - Importer: ScriptedImporter/UnityEditor.QuickSearchModule:UnityEditor.Search:ASIAI0B -> (ImportResultId: 'd8f6c089e2705e3990f5ab835da506c8') in 0.001526875 seconds
[Worker0] Imported GUID: dd70cd654275d47db807e918055e004f - Path: Packages/com.unity.multiplayer.center/Editor/MultiplayerCenterWindow/UI/Icons/Questionnaire.png - Importer: ScriptedImporter/UnityEditor.QuickSearchModule:UnityEditor.Search:ASIAI0B -> (ImportResultId: 'f43f7200312e17ad77dfad8ede6c3bba') in 0.003666166 seconds
[Worker0] Imported GUID: aa160f27c3fe4052a5850e21108811b6 - Path: Packages/com.unity.ugui/Editor/TMP/TMP_InputFieldEditor.cs - Importer: ScriptedImporter/UnityEditor.QuickSearchModule:UnityEditor.Search:ASIAI0B -> (ImportResultId: '049563b239f56394d6209dc03027c78c') in 0.001591083 seconds
[Worker0] Imported GUID: e0ae6629cc70b514889df37fccb76832 - Path: Packages/com.unity.ugui/README.md - Importer: ScriptedImporter/UnityEditor.QuickSearchModule:UnityEditor.Search:ASIAI0B -> (ImportResultId: '4fd413bed466a1d174e392cc9be2dca9') in 0.0028025 seconds
[Worker0] Imported GUID: a2c71c02b50345e99168bda191ec01b4 - Path: Packages/com.unity.multiplayer.center/Editor/MultiplayerCenterWindow/UI/RecommendationView/RecommendationView.cs - Importer: ScriptedImporter/UnityEditor.QuickSearchModule:UnityEditor.Search:ASIAI0B -> (ImportResultId: '7017b29b5e90e0405d95566e0ba9069a') in 0.003269541 seconds
[Worker0] Imported GUID: 38b78df4a34c94fa6a52c90239606ff1 - Path: Packages/com.unity.multiplayer.center/Editor/MultiplayerCenterWindow/UI/Icons/DedicatedServer@2x.png - Importer: ScriptedImporter/UnityEditor.QuickSearchModule:UnityEditor.Search:ASIAI0B -> (ImportResultId: 'd5781b424a47e26755882ca03185f9ac') in 0.004606209 seconds
[Worker0] Imported GUID: 91950f78729ab144aa36e94690b28fad - Path: Packages/com.unity.ugui/Editor/TMP/TMP_BaseEditorPanel.cs - Importer: ScriptedImporter/UnityEditor.QuickSearchModule:UnityEditor.Search:ASIAI0B -> (ImportResultId: 'dccb0fabbbe4568c1013e1b93d33d1e2') in 0.001807375 seconds
[Worker0] Imported GUID: 741761e72e6f24446bd8ba03ea3d0261 - Path: Packages/com.unity.multiplayer.center/Editor/MultiplayerCenterWindow/UI/Icons/d_Questionnaire.png - Importer: ScriptedImporter/UnityEditor.QuickSearchModule:UnityEditor.Search:ASIAI0B -> (ImportResultId: 'c2c8e51202583eb4b57e2d3729e24d5d') in 0.007150875 seconds
[Worker0] Imported GUID: 27a0335dab59ec542aadd6636a5b4ebd - Path: Packages/com.unity.ugui/Editor/TMP/TMP_EditorCoroutine.cs - Importer: ScriptedImporter/UnityEditor.QuickSearchModule:UnityEditor.Search:ASIAI0B -> (ImportResultId: '5beb8040bf058befece7d43bbff57984') in 0.00253475 seconds
[Worker0] Imported GUID: 7496af95dfe67cf429ac65edaaf99106 - Path: Packages/com.unity.ugui/Editor/TMP/TMP_FontAsset_CreationMenu.cs - Importer: ScriptedImporter/UnityEditor.QuickSearchModule:UnityEditor.Search:ASIAI0B -> (ImportResultId: '433890468b5fae09475061d570a22af5') in 0.0041085 seconds
[Worker0] Imported GUID: d63245ece6d8f476c8c7ca24da9937f6 - Path: Packages/com.unity.multiplayer.center/Editor/MultiplayerCenterWindow/UI/Icons/DistributedAuthority.png - Importer: ScriptedImporter/UnityEditor.QuickSearchModule:UnityEditor.Search:ASIAI0B -> (ImportResultId: '2389b513823f1b6c49afdfc0ec2b868b') in 0.004425834 seconds
[Worker0] Imported GUID: f62135e79edb837b2d2ee3c524da864c - Path: Packages/com.unity.modules.video/package.ModuleCompilationTrigger - Importer: ScriptedImporter/UnityEditor.QuickSearchModule:UnityEditor.Search:ASIAI0B -> (ImportResultId: 'e6d30a4af99d1b922ffc8dc5137c1e27') in 0.0016525 seconds
[Worker0] Imported GUID: c851bee4305bddf438cc6ffc515991ce - Path: Packages/com.unity.ugui/CHANGELOG.md - Importer: ScriptedImporter/UnityEditor.QuickSearchModule:UnityEditor.Search:ASIAI0B -> (ImportResultId: '79f6d6bd77a5d7d3f1016aae9e3f451d') in 0.00322875 seconds
[Worker0] Imported GUID: 2300e75732d74890b38a8ff257a3ae15 - Path: Packages/com.unity.ugui/Editor/TMP/TMP_EditorUtility.cs - Importer: ScriptedImporter/UnityEditor.QuickSearchModule:UnityEditor.Search:ASIAI0B -> (ImportResultId: '4f1fad0319f7f35c2c551e81aefd41f3') in 0.003950083 seconds
[Worker0] Imported GUID: 4616b2fa4acd1429e931835b80966c2a - Path: Packages/com.unity.multiplayer.center/Editor/MultiplayerCenterWindow/UI/Icons/PackageInstalled.png - Importer: ScriptedImporter/UnityEditor.QuickSearchModule:UnityEditor.Search:ASIAI0B -> (ImportResultId: '3221eff54f8250b0a67a475ec8c24dbb') in 0.006590959 seconds
[Worker0] Imported GUID: 29395f0639574c1fbc8b729aa257fb84 - Path: Packages/com.unity.multiplayer.center/Editor/MultiplayerCenterWindow/UI/Icons/d_Check.png - Importer: ScriptedImporter/UnityEditor.QuickSearchModule:UnityEditor.Search:ASIAI0B -> (ImportResultId: '8f7a7532ac4efddd3cd2d24f845888df') in 0.005005209 seconds
[Worker0] Imported GUID: 77be953cf28de42a4ad8532539fef3f5 - Path: Packages/com.unity.multiplayer.center/Editor/MultiplayerCenterWindow/UI/Icons/d_PackageInstalled.png - Importer: ScriptedImporter/UnityEditor.QuickSearchModule:UnityEditor.Search:ASIAI0B -> (ImportResultId: 'ec89e0aaca24c74f54af652c080cc9f8') in 0.004722167 seconds
[Worker0] Imported GUID: e9669051ff70449b5923861e0e0b8838 - Path: Packages/com.unity.multiplayer.center/Editor/MultiplayerCenterWindow/UI/Icons/N4E.png - Importer: ScriptedImporter/UnityEditor.QuickSearchModule:UnityEditor.Search:ASIAI0B -> (ImportResultId: 'ad4f220c8f9008920e6b0060110f7c65') in 0.004776125 seconds
[Worker0] Imported GUID: 1daed49eec0f94f7ebb36dfef6159884 - Path: Packages/com.unity.multiplayer.center/Editor/MultiplayerCenterWindow/UI/Icons/NoNetcode.png - Importer: ScriptedImporter/UnityEditor.QuickSearchModule:UnityEditor.Search:ASIAI0B -> (ImportResultId: 'e18cd43c20fcf7f26f74b693568e8e3e') in 0.004538458 seconds
[Worker0] Imported GUID: 0354877031b64465ea7e5cafea1a2653 - Path: Packages/com.unity.multiplayer.center/Editor/MultiplayerCenterWindow/UI/Icons/DistributedAuthority@2x.png - Importer: ScriptedImporter/UnityEditor.QuickSearchModule:UnityEditor.Search:ASIAI0B -> (ImportResultId: 'c328a00a9fc643ff77d6ba09ee9ce0e5') in 0.006164541 seconds
[Worker0] Imported GUID: db8e609a39b9b231fccc54e5fa4cbd1b - Path: Packages/com.unity.modules.animation/package.ModuleCompilationTrigger - Importer: ScriptedImporter/UnityEditor.QuickSearchModule:UnityEditor.Search:ASIAI0B -> (ImportResultId: 'e79afb508c6479d7a19d27e8fd78f69e') in 0.001798334 seconds
[Worker0] Imported GUID: 438efd46088d408d8a53f707fa68d976 - Path: Packages/com.unity.ugui/Editor/TMP/TMP_BaseShaderGUI.cs - Importer: ScriptedImporter/UnityEditor.QuickSearchModule:UnityEditor.Search:ASIAI0B -> (ImportResultId: 'bee0d6a96321faf8ba32c3fca8ced4e6') in 0.001700167 seconds
[Worker0] Imported GUID: b58a826ca804e4c67bab4283ad5a6102 - Path: Packages/com.unity.multiplayer.center/Editor/MultiplayerCenterWindow/UI/Icons/NoNetcode@2x.png - Importer: ScriptedImporter/UnityEditor.QuickSearchModule:UnityEditor.Search:ASIAI0B -> (ImportResultId: '8b667aba50a74c98e71339e1a842efdf') in 0.004688167 seconds
[Worker0] Imported GUID: 0e0afa652c0031c48896a97b424d027b - Path: Packages/com.unity.ugui/PackageConversionData_Assets.json - Importer: ScriptedImporter/UnityEditor.QuickSearchModule:UnityEditor.Search:ASIAI0B -> (ImportResultId: '9f9a2fa131fad886af11864c03115d46') in 0.001597916 seconds
[Worker0] Imported GUID: 7ef8348b8ea834d7e1bc214b07f7fb87 - Path: Packages/com.unity.modules.animation/package.json - Importer: ScriptedImporter/UnityEditor.QuickSearchModule:UnityEditor.Search:ASIAI0B -> (ImportResultId: '298b1327189a3dceb96b1c0d7dcfbc7b') in 0.002365292 seconds
[Worker0] Imported GUID: 99da7b3894f364efdb5fa1443952a55d - Path: Packages/com.unity.multiplayer.center/Editor/MultiplayerCenterWindow/UI/Icons/NGO.png - Importer: ScriptedImporter/UnityEditor.QuickSearchModule:UnityEditor.Search:ASIAI0B -> (ImportResultId: '64229efccbc4ea237efb901ef1110449') in 0.003835542 seconds
[Worker0] Imported GUID: 281e16dfc02f4a86bf924188eb96b176 - Path: Packages/com.unity.multiplayer.center/Editor/MultiplayerCenterWindow/UI/RecommendationView/RecommendationItemView.cs - Importer: ScriptedImporter/UnityEditor.QuickSearchModule:UnityEditor.Search:ASIAI0B -> (ImportResultId: 'd6236bdeaef4483a1e4702628bef886f') in 0.002311458 seconds
[Worker0] Imported GUID: fcc60c1d6bb544d9b712b652f418ff3a - Path: Packages/com.unity.ugui/Editor/TMP/TMP_ColorGradientEditor.cs - Importer: ScriptedImporter/UnityEditor.QuickSearchModule:UnityEditor.Search:ASIAI0B -> (ImportResultId: 'ce23802d74d786bcd60e340b142a5e60') in 0.001589791 seconds
[Worker0] Imported GUID: 4d3d51749e989f747b2674e0b4d9b3d7 - Path: Packages/com.unity.ugui/LICENSE.md - Importer: ScriptedImporter/UnityEditor.QuickSearchModule:UnityEditor.Search:ASIAI0B -> (ImportResultId: '0e1918ab7cc701330ba4a9e01817c696') in 0.001781375 seconds
[Worker0] Imported GUID: 806de5a9211448c8b65c8435ebb48dd4 - Path: Packages/com.unity.ugui/Editor/TMP/TMP_BitmapShaderGUI.cs - Importer: ScriptedImporter/UnityEditor.QuickSearchModule:UnityEditor.Search:ASIAI0B -> (ImportResultId: 'b7fca766f9bc82488b29adca1f81f6c7') in 0.001598541 seconds
[Worker0] Imported GUID: 2cb589d4e01184d928bb698f06e77561 - Path: Packages/com.unity.multiplayer.center/Editor/MultiplayerCenterWindow/UI/Icons/N4E@2x.png - Importer: ScriptedImporter/UnityEditor.QuickSearchModule:UnityEditor.Search:ASIAI0B -> (ImportResultId: '77cc995f8ac12dfbf579ff5c998bd3ae') in 0.004567667 seconds
[Worker0] Imported GUID: 9d9689eab72c8480c90679f4dcf18820 - Path: Packages/com.unity.multiplayer.center/Editor/MultiplayerCenterWindow/UI/Icons/Package.png - Importer: ScriptedImporter/UnityEditor.QuickSearchModule:UnityEditor.Search:ASIAI0B -> (ImportResultId: '46b7b358da701212f3132e3cd2245ec1') in 0.006875167 seconds
[Worker0] Imported GUID: 05f5bfd584002f948982a1498890f9a9 - Path: Packages/com.unity.ugui/PackageConversionData.json - Importer: ScriptedImporter/UnityEditor.QuickSearchModule:UnityEditor.Search:ASIAI0B -> (ImportResultId: '065fb0f0f98b37c177a56741b5c0e2d1') in 0.002712292 seconds
[Worker0] Imported GUID: a6fd0c627f5aa48fa81512221e70a11e - Path: Packages/com.unity.multiplayer.center/Editor/MultiplayerCenterWindow/UI/Icons/d_PackageManager@2x.png - Importer: ScriptedImporter/UnityEditor.QuickSearchModule:UnityEditor.Search:ASIAI0B -> (ImportResultId: '6ad66d2a298514fa13d7fcefeba28ce7') in 0.00703775 seconds
[Worker0] Imported GUID: 318df756abab5463e9aa361360784865 - Path: Packages/com.unity.multiplayer.center/Editor/MultiplayerCenterWindow/UI/Icons/d_PackageInstalled@2x.png - Importer: ScriptedImporter/UnityEditor.QuickSearchModule:UnityEditor.Search:ASIAI0B -> (ImportResultId: '1835c2fc708f7e0a18e3c8227d52760d') in 0.005119833 seconds
[Worker0] Imported GUID: 84e4bbd00035e4671bf14e0380a89001 - Path: Packages/com.unity.multiplayer.center/Editor/MultiplayerCenterWindow/UI/Icons/EmptyViewIcon.png - Importer: ScriptedImporter/UnityEditor.QuickSearchModule:UnityEditor.Search:ASIAI0B -> (ImportResultId: '817b5147817058c0dee708f73d447145') in 0.004462708 seconds
[Worker0] Imported GUID: bc00e25696e4132499f56528d3fed2e3 - Path: Packages/com.unity.ugui/Package Resources/TMP Examples & Extras.unitypackage - Importer: ScriptedImporter/UnityEditor.QuickSearchModule:UnityEditor.Search:ASIAI0B -> (ImportResultId: '7bbe9544152521b76f0103a788150fb6') in 0.002783667 seconds
[Worker0] Imported GUID: 63314900d81e4a15814496af1889cb51 - Path: Packages/com.unity.multiplayer.center/Editor/MultiplayerCenterWindow/UI/RecommendationView/SectionHeader.cs - Importer: ScriptedImporter/UnityEditor.QuickSearchModule:UnityEditor.Search:ASIAI0B -> (ImportResultId: '34e9946de11fb6cfc2febec007b3cff2') in 0.002138125 seconds
[Worker0] Imported GUID: 9431e8221045c4af189b2fa7174b9e9f - Path: Packages/com.unity.multiplayer.center/Editor/MultiplayerCenterWindow/UI/Icons/PackageManager@2x.png - Importer: ScriptedImporter/UnityEditor.QuickSearchModule:UnityEditor.Search:ASIAI0B -> (ImportResultId: 'e2827e47f2d2efd602b4b336d72e893d') in 0.009245292 seconds
[Worker0] Imported GUID: 2adffcc506285402aa795dee6f3166d0 - Path: Packages/com.unity.multiplayer.center/Editor/MultiplayerCenterWindow/UI/Icons/EmptyViewIcon@2x.png - Importer: ScriptedImporter/UnityEditor.QuickSearchModule:UnityEditor.Search:ASIAI0B -> (ImportResultId: '6a72b4b4032b01707774de8eaf1f0f93') in 0.006484167 seconds
[Worker0] Imported GUID: 43b111c4a445f446abd2c02e77750ff5 - Path: Packages/com.unity.ugui/Runtime/InternalBridge/Unity.InternalAPIEngineBridge.004.asmdef - Importer: ScriptedImporter/UnityEditor.QuickSearchModule:UnityEditor.Search:ASIAI0B -> (ImportResultId: 'fec05e1d30fc6fe060bfe74b5937fbd5') in 0.002435875 seconds
[Worker0] Imported GUID: 34e2c9b9d9e44953933afe37461f44e6 - Path: Packages/com.unity.ugui/Editor/TMP/TMP_StyleSheetEditor.cs - Importer: ScriptedImporter/UnityEditor.QuickSearchModule:UnityEditor.Search:ASIAI0B -> (ImportResultId: 'cfca4fe0cf4b7a6c3dfacdec0c6dcf00') in 0.002429334 seconds
[Worker0] Imported GUID: 35ff0937876540d3bd4b6a941df62a92 - Path: Packages/com.unity.ugui/Editor Resources/Textures/btn_AlignCenterGeo_Light.psd - Importer: ScriptedImporter/UnityEditor.QuickSearchModule:UnityEditor.Search:ASIAI0B -> (ImportResultId: 'ab4ea5fce46c3d2d19857d452ee9416f') in 0.003600667 seconds
[Worker0] Imported GUID: 0ce5fe4db14be432cab1bc46704eef4c - Path: Packages/com.unity.ugui/Runtime/InternalBridge/ObjectUtilsBridge.cs - Importer: ScriptedImporter/UnityEditor.QuickSearchModule:UnityEditor.Search:ASIAI0B -> (ImportResultId: '270f3c36d521e82d398ebb270753de52') in 0.00155225 seconds
[Worker0] Imported GUID: ca51b19024094d1b87f3e07edb0a75fb - Path: Packages/com.unity.ugui/Editor Resources/Textures/btn_AlignBottom.psd - Importer: ScriptedImporter/UnityEditor.QuickSearchModule:UnityEditor.Search:ASIAI0B -> (ImportResultId: '83229638a02e5bd5c45385a40175d045') in 0.004410417 seconds
[Worker0] Imported GUID: 49679f302ac6408697f6b9314a38985c - Path: Packages/com.unity.ugui/Editor Resources/Textures/btn_AlignCapLine_Light.psd - Importer: ScriptedImporter/UnityEditor.QuickSearchModule:UnityEditor.Search:ASIAI0B -> (ImportResultId: '7111779d5e97a115117d9666a835874c') in 0.00454975 seconds
[Worker0] Imported GUID: 9288066c33474b94b6ee5465f4df1cc0 - Path: Packages/com.unity.ugui/Editor Resources/Textures/btn_AlignLeft.psd - Importer: ScriptedImporter/UnityEditor.QuickSearchModule:UnityEditor.Search:ASIAI0B -> (ImportResultId: 'fe2d5978130c2a612fd50c863f1497e8') in 0.00398025 seconds
[Worker0] Imported GUID: 41b96614b2e6494ba995ddcd252d11ae - Path: Packages/com.unity.ugui/Editor Resources/Textures/btn_AlignMiddle.psd - Importer: ScriptedImporter/UnityEditor.QuickSearchModule:UnityEditor.Search:ASIAI0B -> (ImportResultId: '80e5cecbcc7fd07ba814d7b590f06646') in 0.004154916 seconds
[Worker0] Imported GUID: 9c442dc870b456e48b615cd8add0e9ef - Path: Packages/com.unity.ugui/Editor Resources/Shaders/TMP_SDF Internal Editor.shader - Importer: ScriptedImporter/UnityEditor.QuickSearchModule:UnityEditor.Search:ASIAI0B -> (ImportResultId: 'e1e3b778202b0c87d4282a0ad054e371') in 0.008824334 seconds
[Worker0] Imported GUID: fb5730e24283d0c489e5c7d0bee023d9 - Path: Packages/com.unity.ugui/Editor Resources/Textures/SectionHeader_Dark.psd - Importer: ScriptedImporter/UnityEditor.QuickSearchModule:UnityEditor.Search:ASIAI0B -> (ImportResultId: 'd6cab6b926b89fb436828349aa25e32b') in 0.004084583 seconds
[Worker0] Imported GUID: 88ed537c17c34f339121fe9a7d6d7a0e - Path: Packages/com.unity.ugui/Editor/TMP/TMPro_SortingLayerHelper.cs - Importer: ScriptedImporter/UnityEditor.QuickSearchModule:UnityEditor.Search:ASIAI0B -> (ImportResultId: '1700f3482025ed412efeea0d793aa7c5') in 0.001291959 seconds
[Worker0] Imported GUID: e3b0f810fdea84e40ab4ba20f256f7e8 - Path: Packages/com.unity.ugui/Editor Resources/Textures/SectionHeader_Light.psd - Importer: ScriptedImporter/UnityEditor.QuickSearchModule:UnityEditor.Search:ASIAI0B -> (ImportResultId: '9d55cfafd38728784ae54c31204eedeb') in 0.003726041 seconds
[Worker0] Imported GUID: 0d9a36012a224080966c7b55896aa0f9 - Path: Packages/com.unity.ugui/Editor Resources/Textures/btn_AlignCapLine.psd - Importer: ScriptedImporter/UnityEditor.QuickSearchModule:UnityEditor.Search:ASIAI0B -> (ImportResultId: 'af1a479b5f522a4fae623781c5d2ea34') in 0.00436925 seconds
[Worker0] Imported GUID: c76700ea0062413d9f69409b4e9e151b - Path: Packages/com.unity.ugui/Editor Resources/Textures/btn_AlignCenterGeo.psd - Importer: ScriptedImporter/UnityEditor.QuickSearchModule:UnityEditor.Search:ASIAI0B -> (ImportResultId: 'ef07b6b48778d2cd420d3aba8ac04671') in 0.00472675 seconds
[Worker0] Imported GUID: ed041e68439749a69d0efa0e3d896c2e - Path: Packages/com.unity.ugui/Editor Resources/Textures/btn_AlignTop_Light.psd - Importer: ScriptedImporter/UnityEditor.QuickSearchModule:UnityEditor.Search:ASIAI0B -> (ImportResultId: 'f288d9ecacf5856fbd214c03d15a99cc') in 0.003396666 seconds
[Worker0] Imported GUID: 6fdea2af3daa40fe8f88e5e9cfc17abb - Path: Packages/com.unity.ugui/Editor/TMP/TMP_PostBuildProcessHandler.cs - Importer: ScriptedImporter/UnityEditor.QuickSearchModule:UnityEditor.Search:ASIAI0B -> (ImportResultId: 'ca490d592daba67d2b2f016efa881682') in 0.00127625 seconds
[Licensing::Client] Successfully resolved entitlement details
[Worker0] Imported GUID: 92027f7f8cfc4feaa477da0dc38d3d46 - Path: Packages/com.unity.ugui/Editor Resources/Textures/btn_AlignJustified.psd - Importer: ScriptedImporter/UnityEditor.QuickSearchModule:UnityEditor.Search:ASIAI0B -> (ImportResultId: '0df82aef5d3a1a36c9dd005a359315e7') in 0.003428 seconds
[Worker0] Imported GUID: 68eedd4e5b33b37429c02c4add0036fe - Path: Packages/com.unity.ugui/Editor/TMP/TMP_PackageUtilities.cs - Importer: ScriptedImporter/UnityEditor.QuickSearchModule:UnityEditor.Search:ASIAI0B -> (ImportResultId: 'e77927433dcad1f9617b279377ed33e9') in 0.001369917 seconds
[Worker0] Imported GUID: 1c147d10db452eb4b854a35f84472017 - Path: Packages/com.unity.ugui/Runtime/TMP/AssemblyInfo.cs - Importer: ScriptedImporter/UnityEditor.QuickSearchModule:UnityEditor.Search:ASIAI0B -> (ImportResultId: '9874b73ad47da93b6d6612ac4a7bd6a4') in 0.001280208 seconds
[Worker0] Imported GUID: 9c4a050f089abb04ebd4125e419f4548 - Path: Packages/com.unity.ugui/Editor/TMP/TMP_SerializedPropertyHolder.cs - Importer: ScriptedImporter/UnityEditor.QuickSearchModule:UnityEditor.Search:ASIAI0B -> (ImportResultId: 'a417139784ca80d4df5cae1fcbc8a136') in 0.002009625 seconds
[Worker0] Imported GUID: 3c6c403084eacec478a1129ce20061ea - Path: Packages/com.unity.ugui/Editor Resources/Shaders/TMP_Properties.cginc - Importer: ScriptedImporter/UnityEditor.QuickSearchModule:UnityEditor.Search:ASIAI0B -> (ImportResultId: 'dc3ef71017863f162943a2d7acb147d6') in 0.002206709 seconds
[Worker0] Imported GUID: e05ace3bd15740cda0bad60d89092a5b - Path: Packages/com.unity.ugui/Editor Resources/Textures/btn_AlignRight_Light.psd - Importer: ScriptedImporter/UnityEditor.QuickSearchModule:UnityEditor.Search:ASIAI0B -> (ImportResultId: '901e973503c5e6997a0278e0e225a2a6') in 0.0040775 seconds
[Worker0] Imported GUID: 48d034c499ee4697af9dd6e327110249 - Path: Packages/com.unity.ugui/Editor Resources/Textures/btn_AlignTop.psd - Importer: ScriptedImporter/UnityEditor.QuickSearchModule:UnityEditor.Search:ASIAI0B -> (ImportResultId: '67dae502faebfeb1e0564619ad1e76b2') in 0.003762791 seconds
[Worker0] Imported GUID: 0e751e877ed14d71a6b8e63ac54949cf - Path: Packages/com.unity.ugui/Editor/TMP/TMP_ProjectTextSettings.cs - Importer: ScriptedImporter/UnityEditor.QuickSearchModule:UnityEditor.Search:ASIAI0B -> (ImportResultId: '33cb1ef3b467670647db118b9dc8f12d') in 0.001538875 seconds
[Worker0] Imported GUID: 6546d7765b4165b40850b3667f981c26 - Path: Packages/com.unity.ugui/Editor/TMP/Unity.TextMeshPro.Editor.asmdef - Importer: ScriptedImporter/UnityEditor.QuickSearchModule:UnityEditor.Search:ASIAI0B -> (ImportResultId: 'faf434f8b30fdaa89344f67797029a13') in 0.001570667 seconds
[Worker0] Imported GUID: 383966e89d344865a36addd5d378ffd3 - Path: Packages/com.unity.ugui/Editor/TMP/TMPro_FontAssetCreatorWindow.cs - Importer: ScriptedImporter/UnityEditor.QuickSearchModule:UnityEditor.Search:ASIAI0B -> (ImportResultId: '73ed89889ded7d7ca47f6237df2271f4') in 0.001373084 seconds
[Worker0] Imported GUID: 7065397ff8184621aa3ca4f854491259 - Path: Packages/com.unity.ugui/Editor/TMP/TMPro_CreateObjectMenu.cs - Importer: ScriptedImporter/UnityEditor.QuickSearchModule:UnityEditor.Search:ASIAI0B -> (ImportResultId: 'f1d9f9b261c99e4404a2ec6d2f59b3e1') in 0.001354625 seconds
[Worker0] Imported GUID: 2fd6421f253b4ef1a19526541f9ffc0c - Path: Packages/com.unity.ugui/Editor Resources/Gizmos/TMP - Text Component Icon.psd - Importer: ScriptedImporter/UnityEditor.QuickSearchModule:UnityEditor.Search:ASIAI0B -> (ImportResultId: '2414af05ef3d375fcd076e64191ae12b') in 0.005443958 seconds
[Worker0] Imported GUID: 987fa2c7d1a0e2242839cb8af2fcecc9 - Path: Packages/com.unity.ugui/Runtime/InternalBridge/TMPHelpURL.cs - Importer: ScriptedImporter/UnityEditor.QuickSearchModule:UnityEditor.Search:ASIAI0B -> (ImportResultId: '06bdecb801cb38ceb028d6c2ba76671d') in 0.001526417 seconds
[Worker0] Imported GUID: c2f7f6a88b4c4f20a53deb72f3d9144c - Path: Packages/com.unity.ugui/Editor Resources/Textures/btn_AlignMidLine.psd - Importer: ScriptedImporter/UnityEditor.QuickSearchModule:UnityEditor.Search:ASIAI0B -> (ImportResultId: 'ed89e24ecdae1db74e8756025e493a98') in 0.004122625 seconds
[Worker0] Imported GUID: 6ace62d30f494c948b71d5594afce11d - Path: Packages/com.unity.ugui/Editor Resources/Textures/btn_AlignCenter_Light.psd - Importer: ScriptedImporter/UnityEditor.QuickSearchModule:UnityEditor.Search:ASIAI0B -> (ImportResultId: 'e3a573b6cae950bf23d6a36918ff8654') in 0.0035315 seconds
[Worker0] Imported GUID: bb42b2d967d6427983c901a4ffc8ecd9 - Path: Packages/com.unity.ugui/Editor Resources/Textures/btn_AlignMidline_Light.psd - Importer: ScriptedImporter/UnityEditor.QuickSearchModule:UnityEditor.Search:ASIAI0B -> (ImportResultId: '45f4b1a286eae24d7abab06035da7368') in 0.003537666 seconds
[Worker0] Imported GUID: 64b9fad609434c489c32b1cdf2004a1c - Path: Packages/com.unity.ugui/Editor Resources/Textures/btn_AlignFlush_Light.psd - Importer: ScriptedImporter/UnityEditor.QuickSearchModule:UnityEditor.Search:ASIAI0B -> (ImportResultId: '379bc1fc7d2678882989b112e500f6df') in 0.00498 seconds
[Worker0] Imported GUID: 3ee40aa79cd242a5b53b0b0ca4f13f0f - Path: Packages/com.unity.ugui/Editor Resources/Gizmos/TMP - Input Field Icon.psd - Importer: ScriptedImporter/UnityEditor.QuickSearchModule:UnityEditor.Search:ASIAI0B -> (ImportResultId: 'ddccfd6cfb38107d32c26a0f5b36031b') in 0.005424541 seconds
[Worker0] Imported GUID: 585b70cb75dd43efbfead809c30a1731 - Path: Packages/com.unity.ugui/Editor Resources/Textures/btn_AlignBottom_Light.psd - Importer: ScriptedImporter/UnityEditor.QuickSearchModule:UnityEditor.Search:ASIAI0B -> (ImportResultId: '3f7829a12d05019b444871d92bd3f35e') in 0.003775208 seconds
[Worker0] Imported GUID: f4935fb862d54980b1bcbca942962642 - Path: Packages/com.unity.ugui/Editor/TMP/TMPro_TexturePostProcessor.cs - Importer: ScriptedImporter/UnityEditor.QuickSearchModule:UnityEditor.Search:ASIAI0B -> (ImportResultId: '85df2140dd4916f3d5525662599b11a5') in 0.001502292 seconds
[Worker0] Imported GUID: 0386b6eb838c47138cd51d1c1b879a35 - Path: Packages/com.unity.ugui/Editor/TMP/TMP_SettingsEditor.cs - Importer: ScriptedImporter/UnityEditor.QuickSearchModule:UnityEditor.Search:ASIAI0B -> (ImportResultId: 'f9c4566b8903cf0a31e0952f983b1f20') in 0.001469709 seconds
[Worker0] Imported GUID: 23a562f2cac6401f9f91251c68a1a794 - Path: Packages/com.unity.ugui/Editor/TMP/TMP_StyleAssetMenu.cs - Importer: ScriptedImporter/UnityEditor.QuickSearchModule:UnityEditor.Search:ASIAI0B -> (ImportResultId: '9920c8531196370bea2cdc921cbf3afc') in 0.001753417 seconds
[Worker0] Imported GUID: dd2fe74169b54bf58fca17288513ef38 - Path: Packages/com.unity.ugui/Editor/TMP/TMP_SubMesh_Editor.cs - Importer: ScriptedImporter/UnityEditor.QuickSearchModule:UnityEditor.Search:ASIAI0B -> (ImportResultId: '5b9ae38eb595132b4405f07fca910e1e') in 0.002162667 seconds
[Worker0] Imported GUID: 02893ffb522b490a9fa28eedd2584309 - Path: Packages/com.unity.ugui/Editor/TMP/TMPro_TextContainerEditor.cs - Importer: ScriptedImporter/UnityEditor.QuickSearchModule:UnityEditor.Search:ASIAI0B -> (ImportResultId: 'f266e397826754eb653b4c815ccef2bd') in 0.001531875 seconds
[Worker0] Imported GUID: b09be1f217d34247af54863a2f5587e1 - Path: Packages/com.unity.ugui/Editor/TMP/TMP_SpriteAssetEditor.cs - Importer: ScriptedImporter/UnityEditor.QuickSearchModule:UnityEditor.Search:ASIAI0B -> (ImportResultId: 'b65ca0a7033d1065822c1dc2c162e891') in 0.001487667 seconds
[Worker0] Imported GUID: ee148e281f3c41c5b4ff5f8a5afe5a6c - Path: Packages/com.unity.ugui/Editor Resources/Gizmos/TMP - Font Asset Icon.psd - Importer: ScriptedImporter/UnityEditor.QuickSearchModule:UnityEditor.Search:ASIAI0B -> (ImportResultId: 'ae23e2f5ee1f58f125fa539e3805e14d') in 0.004565167 seconds
[Worker0] Imported GUID: 81ed8c76d2bc4a4c95d092c98af4e58f - Path: Packages/com.unity.ugui/Editor Resources/Textures/btn_AlignCenter.psd - Importer: ScriptedImporter/UnityEditor.QuickSearchModule:UnityEditor.Search:ASIAI0B -> (ImportResultId: 'adcc72eeafa687c1dfa0702eb771dd6e') in 0.003519584 seconds
[Worker0] Imported GUID: bf8befe3c500aa84b9ce3860a226cf41 - Path: Packages/com.unity.ugui/Editor/TMP/TMP_PreBuildProcessor.cs - Importer: ScriptedImporter/UnityEditor.QuickSearchModule:UnityEditor.Search:ASIAI0B -> (ImportResultId: 'dc64feca53eb8e7beb1ee8324badda67') in 0.001455667 seconds
[Worker0] Imported GUID: abe6991365a27d341a10580f3b7c0f44 - Path: Packages/com.unity.ugui/Editor Resources/Shaders/TMP_SDF_SSD.cginc - Importer: ScriptedImporter/UnityEditor.QuickSearchModule:UnityEditor.Search:ASIAI0B -> (ImportResultId: 'd8d99de92e541860bfd502d70f4cd912') in 0.001715625 seconds
[Worker0] Imported GUID: 342a0f8aca7f4f0691338912faec0494 - Path: Packages/com.unity.ugui/Editor Resources/Textures/btn_AlignRight.psd - Importer: ScriptedImporter/UnityEditor.QuickSearchModule:UnityEditor.Search:ASIAI0B -> (ImportResultId: '9e8dea0c1191ac5402a9ca5b93e93e27') in 0.004267 seconds
[Worker0] Imported GUID: a7ec9e7ad8b847b7ae4510af83c5d868 - Path: Packages/com.unity.ugui/Editor Resources/Gizmos/TMP - Dropdown Icon.psd - Importer: ScriptedImporter/UnityEditor.QuickSearchModule:UnityEditor.Search:ASIAI0B -> (ImportResultId: '242570c6b1aa99aa54b3463053d995d5') in 0.004725375 seconds
[Worker0] Imported GUID: 1048a87135154606808bf2030da32d18 - Path: Packages/com.unity.ugui/Editor/TMP/TMP_SpriteAssetMenu.cs - Importer: ScriptedImporter/UnityEditor.QuickSearchModule:UnityEditor.Search:ASIAI0B -> (ImportResultId: '6e2249f2c740056be573bb45162c4ebd') in 0.001690625 seconds
[Worker0] Imported GUID: 18775b51e3bd42299fd30bd036ea982f - Path: Packages/com.unity.ugui/Editor Resources/Textures/btn_AlignBaseLine_Light.psd - Importer: ScriptedImporter/UnityEditor.QuickSearchModule:UnityEditor.Search:ASIAI0B -> (ImportResultId: 'ecb76083dac7400ac455b84749b0a57b') in 0.004551083 seconds
[Worker0] Imported GUID: 30a939dce2fd4073955f2f20e659d506 - Path: Packages/com.unity.ugui/Editor/TMP/TMP_UIStyleManager.cs - Importer: ScriptedImporter/UnityEditor.QuickSearchModule:UnityEditor.Search:ASIAI0B -> (ImportResultId: '32827a366a89ab5dc3372537a4443e4c') in 0.00178575 seconds
[Worker0] Imported GUID: f1ea944dcf8849ebab391e461b99ccb7 - Path: Packages/com.unity.ugui/Editor/TMP/TMP_SpriteAssetImporter.cs - Importer: ScriptedImporter/UnityEditor.QuickSearchModule:UnityEditor.Search:ASIAI0B -> (ImportResultId: '9d815a322f8e859d871b019171bce804') in 0.001685041 seconds
[Worker0] Imported GUID: 8bc445bb79654bf496c92d0407840a92 - Path: Packages/com.unity.ugui/Editor Resources/Textures/btn_AlignBaseLine.psd - Importer: ScriptedImporter/UnityEditor.QuickSearchModule:UnityEditor.Search:ASIAI0B -> (ImportResultId: 'b353d7b0ba2569fecc2f5388584740ba') in 0.004665125 seconds
[Worker0] Imported GUID: 7241c7dc25374fc1a6ab3ef9da79c363 - Path: Packages/com.unity.ugui/Editor/TMP/TMP_ResourcesLoader.cs - Importer: ScriptedImporter/UnityEditor.QuickSearchModule:UnityEditor.Search:ASIAI0B -> (ImportResultId: 'fd772751ac6a1ac64e6581b2e0366203') in 0.00336725 seconds
[Worker0] Imported GUID: 12736c98af174f91827a26b66d2b01b9 - Path: Packages/com.unity.ugui/Editor Resources/Textures/btn_AlignLeft_Light.psd - Importer: ScriptedImporter/UnityEditor.QuickSearchModule:UnityEditor.Search:ASIAI0B -> (ImportResultId: 'e6b471423e94b40bc06b7b9294cc7402') in 0.003624083 seconds
[Worker0] Imported GUID: 066619c9c9c84f89acb1b48c11a7efe2 - Path: Packages/com.unity.ugui/Editor Resources/Textures/btn_AlignMiddle_Light.psd - Importer: ScriptedImporter/UnityEditor.QuickSearchModule:UnityEditor.Search:ASIAI0B -> (ImportResultId: 'f5afcc2530eee9ca15c94a60c2f8ef9b') in 0.003376708 seconds
[Worker0] Imported GUID: aa76955fe5bb44f7915d91db8c7043c4 - Path: Packages/com.unity.ugui/Editor/TMP/TMPro_EditorShaderUtilities.cs - Importer: ScriptedImporter/UnityEditor.QuickSearchModule:UnityEditor.Search:ASIAI0B -> (ImportResultId: '0bef3dda8af0603dfbfb4679635a80e7') in 0.001920416 seconds
[Worker0] Imported GUID: 691475c57a824010be0c6f474caeb7e1 - Path: Packages/com.unity.ugui/Editor Resources/Textures/btn_AlignFlush.psd - Importer: ScriptedImporter/UnityEditor.QuickSearchModule:UnityEditor.Search:ASIAI0B -> (ImportResultId: '7f857f24e2699da7056264757ff8cdc6') in 0.003823083 seconds
[Worker0] Imported GUID: ec7c645d93308c04d8840982af12101e - Path: Packages/com.unity.ugui/Editor Resources/Gizmos/TMP - Sprite Asset Icon.psd - Importer: ScriptedImporter/UnityEditor.QuickSearchModule:UnityEditor.Search:ASIAI0B -> (ImportResultId: '5dac65fcb304bac2a0b231f67fc799de') in 0.004451916 seconds
[Worker0] Imported GUID: 6b01141ed8f74d198965c86f25eb7040 - Path: Packages/com.unity.ugui/Editor/TMP/TMP_SubMeshUI_Editor.cs - Importer: ScriptedImporter/UnityEditor.QuickSearchModule:UnityEditor.Search:ASIAI0B -> (ImportResultId: 'b3f56e0c9f0074814621bbc8a283194e') in 0.001523709 seconds
[Worker0] Imported GUID: 44e1d646473a40178712cb2150f54cec - Path: Packages/com.unity.ugui/Editor/TMP/TMPro_ContextMenus.cs - Importer: ScriptedImporter/UnityEditor.QuickSearchModule:UnityEditor.Search:ASIAI0B -> (ImportResultId: '158200ad11b6296b588abfb5d7a5ee81') in 0.001519417 seconds
[Worker0] Imported GUID: fa6bd40a216346b783a4cce741d277a5 - Path: Packages/com.unity.ugui/Editor Resources/Textures/btn_AlignJustified_Light.psd - Importer: ScriptedImporter/UnityEditor.QuickSearchModule:UnityEditor.Search:ASIAI0B -> (ImportResultId: '2db6f63b586e791eb760d791d5cf657d') in 0.003536166 seconds
[Worker0] Imported GUID: f5bdc05a613799d43845f94fb8735763 - Path: Packages/com.unity.ugui/Runtime/InternalBridge/AssemblyInfo.cs - Importer: ScriptedImporter/UnityEditor.QuickSearchModule:UnityEditor.Search:ASIAI0B -> (ImportResultId: '2e0e7ea37eeab9fc69a1205a3d56090a') in 0.001300459 seconds
[Worker0] Imported GUID: 8413ca0e506d42a1a4bd9769f204ad16 - Path: Packages/com.unity.ugui/Editor/TMP/TMP_SDFShaderGUI.cs - Importer: ScriptedImporter/UnityEditor.QuickSearchModule:UnityEditor.Search:ASIAI0B -> (ImportResultId: 'b66119d4e06044ff6b8ea38391d11852') in 0.001564292 seconds
[Worker0] Imported GUID: 343deaaf83e0cee4ca978e7df0b80d21 - Path: Packages/com.unity.ugui/Editor/UGUI/UnityEditor.UI.asmdef - Importer: ScriptedImporter/UnityEditor.QuickSearchModule:UnityEditor.Search:ASIAI0B -> (ImportResultId: 'fb3af93c4b2878aa61cfaebaad412d4f') in 0.001347333 seconds
[Worker0] Imported GUID: ab2114bdc8544297b417dfefe9f1e410 - Path: Packages/com.unity.ugui/Runtime/TMP/TMP_StyleSheet.cs - Importer: ScriptedImporter/UnityEditor.QuickSearchModule:UnityEditor.Search:ASIAI0B -> (ImportResultId: '25a9e6cd135f964f56136b2882523f3b') in 0.001675208 seconds
[Worker0] Imported GUID: 4ae64f3f72004807a9f919f9c27af0db - Path: Packages/com.unity.ugui/Runtime/TMP/TMP_TextInfo.cs - Importer: ScriptedImporter/UnityEditor.QuickSearchModule:UnityEditor.Search:ASIAI0B -> (ImportResultId: '351d9a4966206bbb1cb7986c6787f5bc') in 0.002764167 seconds
[Worker0] Imported GUID: 20a9b557a46149dfbfa04a3a7080f5aa - Path: Packages/com.unity.ugui/Runtime/TMP/TMP_TextProcessingStack.cs - Importer: ScriptedImporter/UnityEditor.QuickSearchModule:UnityEditor.Search:ASIAI0B -> (ImportResultId: '7d245aab943dd6af638adfd964ee28e7') in 0.002338167 seconds
[Worker0] Imported GUID: 658c1fb149e7498aa072b0c0f3bf13f0 - Path: Packages/com.unity.ugui/Runtime/TMP/TMP_CoroutineTween.cs - Importer: ScriptedImporter/UnityEditor.QuickSearchModule:UnityEditor.Search:ASIAI0B -> (ImportResultId: '926cb94b9a47b068fe4dc78f69571faa') in 0.001517459 seconds
[Worker0] Imported GUID: 326e2b1b31fc06d4fa884c803b27b46a - Path: Packages/com.unity.ugui/Runtime/TMP/FontFeatureCommon.cs - Importer: ScriptedImporter/UnityEditor.QuickSearchModule:UnityEditor.Search:ASIAI0B -> (ImportResultId: '745ed6f78f274e1c2c0f1544e965c01b') in 0.00144025 seconds
[Worker0] Imported GUID: 77476292f9fa4905a787e6417853846b - Path: Packages/com.unity.ugui/Runtime/TMP/TMPro_ExtensionMethods.cs - Importer: ScriptedImporter/UnityEditor.QuickSearchModule:UnityEditor.Search:ASIAI0B -> (ImportResultId: 'bad2c426ea6f5e7510a35ace5064c1e9') in 0.001485041 seconds
[Worker0] Imported GUID: aaf9006568d76504f982305b517fb490 - Path: Packages/com.unity.ugui/Runtime/TMP/TMP_DynamicFontAssetUtilities.cs - Importer: ScriptedImporter/UnityEditor.QuickSearchModule:UnityEditor.Search:ASIAI0B -> (ImportResultId: 'dbfedd9e87ad8e14e0be0d4a480b39bf') in 0.001485833 seconds
[Worker0] Imported GUID: 9541d86e2fd84c1d9990edf0852d74ab - Path: Packages/com.unity.ugui/Runtime/TMP/TextMeshPro.cs - Importer: ScriptedImporter/UnityEditor.QuickSearchModule:UnityEditor.Search:ASIAI0B -> (ImportResultId: '097748a14a3bbf7c51ae068ec9ae9df7') in 0.003963167 seconds
[Worker0] Imported GUID: 5ea9f573d4b800a49b9d83a1f61c0a88 - Path: Packages/com.unity.ugui/Runtime/TMP/TMP_FontFeatureTable.cs - Importer: ScriptedImporter/UnityEditor.QuickSearchModule:UnityEditor.Search:ASIAI0B -> (ImportResultId: 'dc8d28b4418448f389304198246b729e') in 0.001551458 seconds
[Worker0] Imported GUID: 07994bfe8b0e4adb97d706de5dea48d5 - Path: Packages/com.unity.ugui/Runtime/TMP/TMP_SubMesh.cs - Importer: ScriptedImporter/UnityEditor.QuickSearchModule:UnityEditor.Search:ASIAI0B -> (ImportResultId: '99de99427cd96d874f721bbf30f04752') in 0.001217084 seconds
[Worker0] Imported GUID: 2da0c512f12947e489f739169773d7ca - Path: Packages/com.unity.ugui/Runtime/TMP/TMP_InputField.cs - Importer: ScriptedImporter/UnityEditor.QuickSearchModule:UnityEditor.Search:ASIAI0B -> (ImportResultId: 'd8ad48a495aa61f07cfb9328cdbce5c6') in 0.002042833 seconds
[Worker0] Imported GUID: a55fb7b4961a425381d1282fc424f966 - Path: Packages/com.unity.ugui/Runtime/TMP/TMP_UpdateRegistery.cs - Importer: ScriptedImporter/UnityEditor.QuickSearchModule:UnityEditor.Search:ASIAI0B -> (ImportResultId: '9d5cd8e0871c236cb7c593dfd574771e') in 0.001381875 seconds
[Worker0] Imported GUID: fea49a0730244a98bf1087f7ca9410a8 - Path: Packages/com.unity.ugui/Runtime/TMP/TMP_ShaderUtilities.cs - Importer: ScriptedImporter/UnityEditor.QuickSearchModule:UnityEditor.Search:ASIAI0B -> (ImportResultId: '44ecc07958c560b1a08e0d5a2b2c6498') in 0.001543459 seconds
[Worker0] Imported GUID: 27df3b12f30d0b74a9b10a3968c402ff - Path: Packages/com.unity.ugui/Runtime/TMP/TMP_FontFeaturesCommon.cs - Importer: ScriptedImporter/UnityEditor.QuickSearchModule:UnityEditor.Search:ASIAI0B -> (ImportResultId: 'c43e761db1dde51b1224874f0d76e209') in 0.001422292 seconds
[Worker0] Imported GUID: 2705215ac5b84b70bacc50632be6e391 - Path: Packages/com.unity.ugui/Runtime/TMP/TMP_Settings.cs - Importer: ScriptedImporter/UnityEditor.QuickSearchModule:UnityEditor.Search:ASIAI0B -> (ImportResultId: 'c00b6ce43c6d196879ca1af532f4fdd8') in 0.001312833 seconds
[Worker0] Imported GUID: effb76e1937b45ff8adf45e51a4c08cf - Path: Packages/com.unity.ugui/Runtime/TMP/TMPro_MeshUtilities.cs - Importer: ScriptedImporter/UnityEditor.QuickSearchModule:UnityEditor.Search:ASIAI0B -> (ImportResultId: 'abc2b583d7e2d56a7e4139df7f1d02cd') in 0.001349667 seconds
[Worker0] Imported GUID: 2bafac87e7f4b9b418d9448d219b01ab - Path: Packages/com.unity.ugui/Runtime/UGUI/UnityEngine.UI.asmdef - Importer: ScriptedImporter/UnityEditor.QuickSearchModule:UnityEditor.Search:ASIAI0B -> (ImportResultId: 'e9a9b5e0a775a9d4cc3153ab177fd491') in 0.001679958 seconds
[Worker0] Imported GUID: 96e9072453a441618754c478755b3028 - Path: Packages/com.unity.ugui/Runtime/TMP/TMPro_EventManager.cs - Importer: ScriptedImporter/UnityEditor.QuickSearchModule:UnityEditor.Search:ASIAI0B -> (ImportResultId: '12429fefeeac11d106b1481f1fc6f060') in 0.001472959 seconds
[Worker0] Imported GUID: 543674eec776b1442a192c932e6cd9b3 - Path: Packages/com.unity.ugui/Runtime/TMP/TMP_TextElement.cs - Importer: ScriptedImporter/UnityEditor.QuickSearchModule:UnityEditor.Search:ASIAI0B -> (ImportResultId: 'c180deb6b84a73d1b8795a1e89af904e') in 0.001431584 seconds
[Worker0] Imported GUID: 5143f58107604835ab1a5efa2d8818fd - Path: Packages/com.unity.ugui/Runtime/TMP/TMP_Text.cs - Importer: ScriptedImporter/UnityEditor.QuickSearchModule:UnityEditor.Search:ASIAI0B -> (ImportResultId: '1abd372d2e254ee5e10df2ca713ee1b2') in 0.00128275 seconds
[Worker0] Imported GUID: 6366ee97f6b541449155028b9487355a - Path: Packages/com.unity.ugui/Runtime/TMP/TMP_SpriteAnimator.cs - Importer: ScriptedImporter/UnityEditor.QuickSearchModule:UnityEditor.Search:ASIAI0B -> (ImportResultId: '826d33eceac32ad842fd622009ef48d2') in 0.001351666 seconds
[Worker0] Imported GUID: 3bda1886f58f4e0ab1139400b160c3ee - Path: Packages/com.unity.ugui/Runtime/TMP/TMP_Asset.cs - Importer: ScriptedImporter/UnityEditor.QuickSearchModule:UnityEditor.Search:ASIAI0B -> (ImportResultId: '83c7a91b78e218d6020dece88f7a7049') in 0.001113833 seconds
[Worker0] Imported GUID: 84a92b25f83d49b9bc132d206b370281 - Path: Packages/com.unity.ugui/Runtime/TMP/TMP_SpriteAsset.cs - Importer: ScriptedImporter/UnityEditor.QuickSearchModule:UnityEditor.Search:ASIAI0B -> (ImportResultId: '74499cf4411c58577ea40fb2d1046eef') in 0.001725 seconds
[Worker0] Imported GUID: ca819640f53b48919bf7774744f7f15e - Path: Packages/com.unity.ugui/Runtime/TMP/TMP_SelectionCaret.cs - Importer: ScriptedImporter/UnityEditor.QuickSearchModule:UnityEditor.Search:ASIAI0B -> (ImportResultId: '40917f3c0a45342ac1cd865bfe764bf1') in 0.002333875 seconds
[Worker0] Imported GUID: 32d40088a6124c578ad6b428df586e2e - Path: Packages/com.unity.ugui/Runtime/TMP/TextContainer.cs - Importer: ScriptedImporter/UnityEditor.QuickSearchModule:UnityEditor.Search:ASIAI0B -> (ImportResultId: '711422c28d1c14e9179df134c3d0d5ed') in 0.001228541 seconds
[Worker0] Imported GUID: 322392995be44d23a3c86cfd972f838f - Path: Packages/com.unity.ugui/Runtime/TMP/TMP_DefaultControls.cs - Importer: ScriptedImporter/UnityEditor.QuickSearchModule:UnityEditor.Search:ASIAI0B -> (ImportResultId: 'bb12f9abc7eb6db599f88ea2ae8ae5d7') in 0.001290875 seconds
[Worker0] Imported GUID: 202d758d102b6854a9710c8b93db742c - Path: Packages/com.unity.ugui/Runtime/TMP/TMP_SpriteCharacter.cs - Importer: ScriptedImporter/UnityEditor.QuickSearchModule:UnityEditor.Search:ASIAI0B -> (ImportResultId: '51be4c169346a21e5808ca718e30fd7e') in 0.00153575 seconds
[Worker0] Imported GUID: 77b2d47bca9376f4a8ae69084a485957 - Path: Packages/com.unity.ugui/Runtime/TMP/FontFeatureCommonGSUB.cs - Importer: ScriptedImporter/UnityEditor.QuickSearchModule:UnityEditor.Search:ASIAI0B -> (ImportResultId: '6bf0e3b0178874d90b21209fcb79a013') in 0.001478 seconds
[Worker0] Imported GUID: 871f8edd56e84b8fb295b10cc3c78f36 - Path: Packages/com.unity.ugui/Runtime/TMP/FastAction.cs - Importer: ScriptedImporter/UnityEditor.QuickSearchModule:UnityEditor.Search:ASIAI0B -> (ImportResultId: '9ac88a648e51d853d219b6af63232126') in 0.001260583 seconds
[Worker0] Imported GUID: 11a6a034ab84493cbed6af5ae7aae78b - Path: Packages/com.unity.ugui/Runtime/TMP/MaterialReferenceManager.cs - Importer: ScriptedImporter/UnityEditor.QuickSearchModule:UnityEditor.Search:ASIAI0B -> (ImportResultId: 'b8b425d2901c215da2b1e66bf5a2d39d') in 0.003620667 seconds
[Worker0] Imported GUID: 6d9df2bc198c417db00037803568139c - Path: Packages/com.unity.ugui/Runtime/TMP/TMP_MaterialManager.cs - Importer: ScriptedImporter/UnityEditor.QuickSearchModule:UnityEditor.Search:ASIAI0B -> (ImportResultId: 'e15b95230dd52cd63021a1c46b7a341e') in 0.003268375 seconds
[Worker0] Imported GUID: a4bbbb1fed4e2b7448af9313d6d00536 - Path: Packages/com.unity.ugui/Runtime/TMP/FontFeatureCommonGPOS.cs - Importer: ScriptedImporter/UnityEditor.QuickSearchModule:UnityEditor.Search:ASIAI0B -> (ImportResultId: '10e9316e92505c9b66ce4140a3a55c04') in 0.001770541 seconds
[Worker0] Imported GUID: afc31ad767318c9488de260c166cd21d - Path: Packages/com.unity.ugui/Runtime/TMP/ITextPreProcessor.cs - Importer: ScriptedImporter/UnityEditor.QuickSearchModule:UnityEditor.Search:ASIAI0B -> (ImportResultId: 'be902e367e41c7cd7eaa31debd127cdc') in 0.001779125 seconds
[Worker0] Imported GUID: e69259f6ff914146ad610be5491eb44a - Path: Packages/com.unity.ugui/Runtime/TMP/TMP_ObjectPool.cs - Importer: ScriptedImporter/UnityEditor.QuickSearchModule:UnityEditor.Search:ASIAI0B -> (ImportResultId: 'cbbb5b19d79bf46425dc7da4475384bb') in 0.001441916 seconds
[Worker0] Imported GUID: 691db8cb70c4426a8ae718465c21345f - Path: Packages/com.unity.ugui/Runtime/TMP/TMP_UpdateManager.cs - Importer: ScriptedImporter/UnityEditor.QuickSearchModule:UnityEditor.Search:ASIAI0B -> (ImportResultId: '8cbf8d46ab065b3bfc6513beca106d89') in 0.001936125 seconds
[Worker0] Imported GUID: 24cda912b57cf784d9eebefb7c59111c - Path: Packages/com.unity.ugui/Editor/Analytics/IAnalytic/UGUIBuildEvent.cs - Importer: ScriptedImporter/UnityEditor.QuickSearchModule:UnityEditor.Search:ASIAI0B -> (ImportResultId: '690b726695259f5735127bb8fc5da2f7') in 0.00186075 seconds
[Worker0] Imported GUID: 7b743370ac3e4ec2a1668f5455a8ef8a - Path: Packages/com.unity.ugui/Runtime/TMP/TMP_Dropdown.cs - Importer: ScriptedImporter/UnityEditor.QuickSearchModule:UnityEditor.Search:ASIAI0B -> (ImportResultId: '1de7c67eb2b59e7cf932ce4f5d1531eb') in 0.001973166 seconds
[Worker0] Imported GUID: 0a017569bfe174e4890797b4d64cbabc - Path: Packages/com.unity.ugui/Runtime/TMP/TMP_FontAssetUtilities.cs - Importer: ScriptedImporter/UnityEditor.QuickSearchModule:UnityEditor.Search:ASIAI0B -> (ImportResultId: 'ad2cd5ad8bbbaf883b2d38f8f9f98fdd') in 0.002738167 seconds
[Worker0] Imported GUID: e4e0b1de1aee400d81ed4273141e7823 - Path: Packages/com.unity.ugui/Runtime/TMP/TMP_SpriteAssetImportFormats.cs - Importer: ScriptedImporter/UnityEditor.QuickSearchModule:UnityEditor.Search:ASIAI0B -> (ImportResultId: '6766249976b630a29e16fc28bf0f79a9') in 0.003837792 seconds
[Worker0] Imported GUID: b6e75d7f429a4e7e9e1ffb4f85cff49f - Path: Packages/com.unity.ugui/Runtime/TMP/TMP_LineInfo.cs - Importer: ScriptedImporter/UnityEditor.QuickSearchModule:UnityEditor.Search:ASIAI0B -> (ImportResultId: 'ee5078c48ce5777c2eaaa15569789d49') in 0.002508667 seconds
[Worker0] Imported GUID: f4688fdb7df04437aeb418b961361dc5 - Path: Packages/com.unity.ugui/Runtime/TMP/TextMeshProUGUI.cs - Importer: ScriptedImporter/UnityEditor.QuickSearchModule:UnityEditor.Search:ASIAI0B -> (ImportResultId: '57aff7045eac985b097d479c8ab1a600') in 0.002033875 seconds
[Worker0] Imported GUID: e21bec35f48a44298911b25ead550ce3 - Path: Packages/com.unity.ugui/Runtime/TMP/TMP_MeshInfo.cs - Importer: ScriptedImporter/UnityEditor.QuickSearchModule:UnityEditor.Search:ASIAI0B -> (ImportResultId: 'fbe5753fec92580971d5c5e9605049fe') in 0.001363042 seconds
[Worker0] Imported GUID: 30bed781e402439ab8ce4e3357708115 - Path: Packages/com.unity.ugui/Runtime/TMP/TMP_Style.cs - Importer: ScriptedImporter/UnityEditor.QuickSearchModule:UnityEditor.Search:ASIAI0B -> (ImportResultId: '1c8607af23afedfdac225ce907b518bb') in 0.001328042 seconds
[Worker0] Imported GUID: 54d21f6ece3b46479f0c328f8c6007e0 - Path: Packages/com.unity.ugui/Runtime/TMP/TMP_ColorGradient.cs - Importer: ScriptedImporter/UnityEditor.QuickSearchModule:UnityEditor.Search:ASIAI0B -> (ImportResultId: '4db0efa916743d9624f5e3e1200792ec') in 0.001873916 seconds
[Worker0] Imported GUID: 4877f87131635e6408f8c44e5d86791e - Path: Packages/com.unity.ugui/Runtime/TMP/TMP_ResourcesManager.cs - Importer: ScriptedImporter/UnityEditor.QuickSearchModule:UnityEditor.Search:ASIAI0B -> (ImportResultId: 'de6c06c4e7b2974629e5a858d5074d9d') in 0.001380625 seconds
[Worker0] Imported GUID: 968a09f153574430a6e15ae975145768 - Path: Packages/com.unity.ugui/Runtime/TMP/TMP_Sprite.cs - Importer: ScriptedImporter/UnityEditor.QuickSearchModule:UnityEditor.Search:ASIAI0B -> (ImportResultId: '2f71668ea747755954b063533543bc06') in 0.001377625 seconds
[Worker0] Imported GUID: 79ff392d1bde4ad78a3836a4a480392d - Path: Packages/com.unity.ugui/Runtime/TMP/TMP_InputValidator.cs - Importer: ScriptedImporter/UnityEditor.QuickSearchModule:UnityEditor.Search:ASIAI0B -> (ImportResultId: '1d2b71ccd7c262ed1c3aa48d8b47e3f4') in 0.001346375 seconds
[Worker0] Imported GUID: 58c9792f08de21b4194eb2f9d862dc22 - Path: Packages/com.unity.ugui/Runtime/UGUI/AssemblyInfo.cs - Importer: ScriptedImporter/UnityEditor.QuickSearchModule:UnityEditor.Search:ASIAI0B -> (ImportResultId: '1da75770f03b450897db7fa108d1fb50') in 0.001541625 seconds
[Worker0] Imported GUID: 90fe1c65e6bb3bc4e90862df7297719e - Path: Packages/com.unity.ugui/Runtime/TMP/TMP_CharacterInfo.cs - Importer: ScriptedImporter/UnityEditor.QuickSearchModule:UnityEditor.Search:ASIAI0B -> (ImportResultId: 'f88984fa89af5bc293d7ab4b5c431d1a') in 0.001472667 seconds
[Worker0] Imported GUID: 28375447bcea455c9b51a6650b10c9d7 - Path: Packages/com.unity.ugui/Runtime/TMP/TMP_ListPool.cs - Importer: ScriptedImporter/UnityEditor.QuickSearchModule:UnityEditor.Search:ASIAI0B -> (ImportResultId: '652a8ea30ea183ef582e95366fac777d') in 0.00131675 seconds
[Worker0] Imported GUID: 5b5c6a576605b3c4aab7d27193785f27 - Path: Packages/com.unity.ugui/Runtime/TMP/TMP_SpriteGlyph.cs - Importer: ScriptedImporter/UnityEditor.QuickSearchModule:UnityEditor.Search:ASIAI0B -> (ImportResultId: '08a74f892c96eeb23c6280cc08723797') in 0.001732083 seconds
[Worker0] Imported GUID: c8f647c4cc6a64e4ba36c171768ab9a7 - Path: Packages/com.unity.ugui/Runtime/TMP/TMP_TextProcessingCommon.cs - Importer: ScriptedImporter/UnityEditor.QuickSearchModule:UnityEditor.Search:ASIAI0B -> (ImportResultId: '20d3a3d51f68e1f251da2332e9f46bf7') in 0.003868625 seconds
[Worker0] Imported GUID: 4f0ca6874aa74540bb3d4fe5a0f86bcc - Path: Packages/com.unity.ugui/Runtime/TMP/TMP_TextUtilities.cs - Importer: ScriptedImporter/UnityEditor.QuickSearchModule:UnityEditor.Search:ASIAI0B -> (ImportResultId: '774fb648994e88faf6f2fa3d71bc4c22') in 0.00229525 seconds
[Worker0] Imported GUID: cf1fe50a641faac4691bf49eb32ce333 - Path: Packages/com.unity.ugui/Runtime/TMP/TMP_PackageResourceImporter.cs - Importer: ScriptedImporter/UnityEditor.QuickSearchModule:UnityEditor.Search:ASIAI0B -> (ImportResultId: 'f98c14e1128317677de0e7f6869bd19c') in 0.001396667 seconds
[Worker0] Imported GUID: f695b5f9415c40b39ae877eaff41c96e - Path: Packages/com.unity.ugui/Runtime/TMP/TMP_FontAssetCommon.cs - Importer: ScriptedImporter/UnityEditor.QuickSearchModule:UnityEditor.Search:ASIAI0B -> (ImportResultId: '42f937f483a3be07030f3ed9b7a6d724') in 0.0014085 seconds
[Worker0] Imported GUID: 6055be8ebefd69e48b49212b09b47b2f - Path: Packages/com.unity.ugui/Runtime/TMP/Unity.TextMeshPro.asmdef - Importer: ScriptedImporter/UnityEditor.QuickSearchModule:UnityEditor.Search:ASIAI0B -> (ImportResultId: '569943f4f86890adb47bc26744232dbc') in 0.001666125 seconds
[Worker0] Imported GUID: 6ad632cbcc87f634d9b86006cdffdaf5 - Path: Packages/com.unity.ugui/Runtime/TMP/TMP_TextParsingUtilities.cs - Importer: ScriptedImporter/UnityEditor.QuickSearchModule:UnityEditor.Search:ASIAI0B -> (ImportResultId: 'ea0ea94cac9ad0a1b460461a8dcf0510') in 0.001634917 seconds
[Worker0] Imported GUID: 058cba836c1846c3aa1c5fd2e28aea77 - Path: Packages/com.unity.ugui/Runtime/TMP/TMP_SubMeshUI.cs - Importer: ScriptedImporter/UnityEditor.QuickSearchModule:UnityEditor.Search:ASIAI0B -> (ImportResultId: 'e9a52e32404b4308f6ce85b9b1a7d4f8') in 0.001337875 seconds
[Worker0] Imported GUID: 87ab1bebe13f41f89d5427e7d2c34d58 - Path: Packages/com.unity.ugui/Runtime/TMP/TMP_TextElement_Legacy.cs - Importer: ScriptedImporter/UnityEditor.QuickSearchModule:UnityEditor.Search:ASIAI0B -> (ImportResultId: '5d25c1480c08706690bc1ed7ba419653') in 0.001402459 seconds
[Worker0] Imported GUID: 4ac5b6a65aaeb59478e3b78660e9f134 - Path: Packages/com.unity.ugui/Runtime/TMP/TMP_Character.cs - Importer: ScriptedImporter/UnityEditor.QuickSearchModule:UnityEditor.Search:ASIAI0B -> (ImportResultId: '155a0a2d904f57ee89e4482f25d3c025') in 0.001523792 seconds
[Worker0] Imported GUID: 34e150112c1c42ac83170b52d898e322 - Path: Packages/com.unity.ugui/Runtime/TMP/TMP_ScrollbarEventHandler.cs - Importer: ScriptedImporter/UnityEditor.QuickSearchModule:UnityEditor.Search:ASIAI0B -> (ImportResultId: '1faf237af632f337c3f0870679a53c6f') in 0.001649291 seconds
[Worker0] Imported GUID: 21364f754cf9b9b47a60742332d4af56 - Path: Packages/com.unity.ugui/Runtime/TMP/TMP_Compatibility.cs - Importer: ScriptedImporter/UnityEditor.QuickSearchModule:UnityEditor.Search:ASIAI0B -> (ImportResultId: '9d0617d5820810f97bfe2bdf66821539') in 0.001872584 seconds
[Worker0] Imported GUID: b458b2c7f196bdc4581b2f9fd6a5d931 - Path: Packages/com.unity.ugui/Runtime/TMP/TMP_RichTextTagsCommon.cs - Importer: ScriptedImporter/UnityEditor.QuickSearchModule:UnityEditor.Search:ASIAI0B -> (ImportResultId: '939d1bafeb5b8050b58fb10f528dc955') in 0.001722209 seconds
[Worker0] Imported GUID: 71c1514a6bd24e1e882cebbe1904ce04 - Path: Packages/com.unity.ugui/Runtime/TMP/TMP_FontAsset.cs - Importer: ScriptedImporter/UnityEditor.QuickSearchModule:UnityEditor.Search:ASIAI0B -> (ImportResultId: '54c3ceb69a33bdc13f99ddd325cf8d07') in 0.001796667 seconds
[Worker0] Imported GUID: 76c392e42b5098c458856cdf6ecaaaa1 - Path: Packages/com.unity.ugui/Runtime/UGUI/EventSystem/EventSystem.cs - Importer: ScriptedImporter/UnityEditor.QuickSearchModule:UnityEditor.Search:ASIAI0B -> (ImportResultId: '04062fdce7372d184252506f224a3a02') in 0.003426666 seconds
[Worker0] Imported GUID: a62706dc421fc9b4fa368a8050a930f7 - Path: Packages/com.unity.ugui/Editor/UGUI/UI/PrefabLayoutRebuilder.cs - Importer: ScriptedImporter/UnityEditor.QuickSearchModule:UnityEditor.Search:ASIAI0B -> (ImportResultId: '47a080ac14bddacbcfdb2a39d1bf176f') in 0.001484459 seconds
[Worker0] Imported GUID: d0b148fe25e99eb48b9724523833bab1 - Path: Packages/com.unity.ugui/Runtime/UGUI/EventSystem/EventTrigger.cs - Importer: ScriptedImporter/UnityEditor.QuickSearchModule:UnityEditor.Search:ASIAI0B -> (ImportResultId: '69a3c69ffb9ea7dc810165e3a909e977') in 0.001414 seconds
[Worker0] Imported GUID: b759d61544e231c41bc88530b1d94ee8 - Path: Packages/com.unity.ugui/Editor/UGUI/UI/ImageEditor.cs - Importer: ScriptedImporter/UnityEditor.QuickSearchModule:UnityEditor.Search:ASIAI0B -> (ImportResultId: '83c011aa3502372ec5a3b2f14fa84a13') in 0.001541292 seconds
[Worker0] Imported GUID: d25515b7ecc4c4ad0ad42bb0a34b5bd5 - Path: Packages/com.unity.ugui/Editor/UGUI/UI/RaycastReceiverEditor.cs - Importer: ScriptedImporter/UnityEditor.QuickSearchModule:UnityEditor.Search:ASIAI0B -> (ImportResultId: '7f4114b04be73a336903ffa0f84dbc5a') in 0.002984375 seconds
[Worker0] Imported GUID: 8bc2b083b068f3546a9509c805e0541c - Path: Packages/com.unity.ugui/Editor/TMP/PropertyDrawers/GlyphRectPropertyDrawer.cs - Importer: ScriptedImporter/UnityEditor.QuickSearchModule:UnityEditor.Search:ASIAI0B -> (ImportResultId: 'fcb639c99a8c39b406582581a2d394c4') in 0.00335925 seconds
[Worker0] Imported GUID: 05242c3d99f24a74f99cc20369fcb344 - Path: Packages/com.unity.ugui/Tests/Editor/Common/UnityEditor.UI.Common.Tests.asmdef - Importer: ScriptedImporter/UnityEditor.QuickSearchModule:UnityEditor.Search:ASIAI0B -> (ImportResultId: '45bf988fa7dd1cd66d1eb59ae87aa312') in 0.002270208 seconds
[Worker0] Imported GUID: 35d143b352678294ab0f5feb97b67f88 - Path: Packages/com.unity.ugui/Editor/UGUI/UI/ContentSizeFitterEditor.cs - Importer: ScriptedImporter/UnityEditor.QuickSearchModule:UnityEditor.Search:ASIAI0B -> (ImportResultId: '5600538350577bd9ebfa178c6a7dc7c5') in 0.001899833 seconds
[Worker0] Imported GUID: 765f7aac6597fc444a90dac4294e929d - Path: Packages/com.unity.ugui/Editor/UGUI/EventSystem/InputModuleComponentFactory.cs - Importer: ScriptedImporter/UnityEditor.QuickSearchModule:UnityEditor.Search:ASIAI0B -> (ImportResultId: 'ff98ad421cbfa5ad0c16ba507505fd89') in 0.001454792 seconds
[Worker0] Imported GUID: e976a5e755c7016418f66e15223c1b90 - Path: Packages/com.unity.ugui/Editor/UGUI/EventSystem/PhysicsRaycasterEditor.cs - Importer: ScriptedImporter/UnityEditor.QuickSearchModule:UnityEditor.Search:ASIAI0B -> (ImportResultId: 'c9e4666e50c83dabc5830b18db9a56ab') in 0.001488625 seconds
[Worker0] Imported GUID: c55a64c7570474f47a94abe39ebfef04 - Path: Packages/com.unity.ugui/Editor/TMP/PropertyDrawers/TMP_TextAlignmentDrawer.cs - Importer: ScriptedImporter/UnityEditor.QuickSearchModule:UnityEditor.Search:ASIAI0B -> (ImportResultId: '4f984bd756c902310d52472ffdf8de75') in 0.001273459 seconds
[Worker0] Imported GUID: 2359c66dee10c454c97f6aea84e3fe22 - Path: Packages/com.unity.ugui/Runtime/UGUI/EventSystem/EventInterfaces.cs - Importer: ScriptedImporter/UnityEditor.QuickSearchModule:UnityEditor.Search:ASIAI0B -> (ImportResultId: 'd52124cc6ea52711c605d33ca8d06108') in 0.00116975 seconds
[Worker0] Imported GUID: f867743975592a743a3581ff042bcc25 - Path: Packages/com.unity.ugui/Editor/UGUI/UI/MenuOptions.cs - Importer: ScriptedImporter/UnityEditor.QuickSearchModule:UnityEditor.Search:ASIAI0B -> (ImportResultId: 'dd9cb55581934d0f371ec320116795d0') in 0.002129417 seconds
[Worker0] Imported GUID: d256fa541faf5d4409992c631adb98a1 - Path: Packages/com.unity.ugui/Editor/TMP/PropertyDrawers/GlyphPairAdjustmentRecordPropertyDrawer.cs - Importer: ScriptedImporter/UnityEditor.QuickSearchModule:UnityEditor.Search:ASIAI0B -> (ImportResultId: 'fb0f0916439e3084321f1d97d6814df9') in 0.001437083 seconds
[Worker0] Imported GUID: 56ba6cb160ebfc042b48224bd1a35614 - Path: Packages/com.unity.ugui/Editor/UGUI/UI/ScrollRectEditor.cs - Importer: ScriptedImporter/UnityEditor.QuickSearchModule:UnityEditor.Search:ASIAI0B -> (ImportResultId: '51fdc1f4696ff1990a09a44c32e894c0') in 0.001821709 seconds
[Worker0] Imported GUID: 3fa274f26b1574c40b949e114327022e - Path: Packages/com.unity.ugui/Runtime/UGUI/EventSystem/EventTriggerType.cs - Importer: ScriptedImporter/UnityEditor.QuickSearchModule:UnityEditor.Search:ASIAI0B -> (ImportResultId: '428ba901a51427a93ce2cc28d048abca') in 0.001668458 seconds
[Worker0] Imported GUID: 3550d8ec6f29ab34d895ae9a43d560c2 - Path: Packages/com.unity.ugui/Runtime/UGUI/EventSystem/RaycastResult.cs - Importer: ScriptedImporter/UnityEditor.QuickSearchModule:UnityEditor.Search:ASIAI0B -> (ImportResultId: '472398b41a7136e1bf45cccfb85ea26c') in 0.001445 seconds
[Worker0] Imported GUID: 065a7fcf0d7286d418f3114ec18d1a2d - Path: Packages/com.unity.ugui/Editor/TMP/PropertyDrawers/TMP_MarkToBaseAdjustmentRecordPropertyDrawer.cs - Importer: ScriptedImporter/UnityEditor.QuickSearchModule:UnityEditor.Search:ASIAI0B -> (ImportResultId: 'c9b6519c1666fde3c1693a5787879501') in 0.001442583 seconds
[Worker0] Imported GUID: c4777500b5da6094e956c3d4f04de4db - Path: Packages/com.unity.ugui/Editor/TMP/PropertyDrawers/TMP_GlyphPropertyDrawer.cs - Importer: ScriptedImporter/UnityEditor.QuickSearchModule:UnityEditor.Search:ASIAI0B -> (ImportResultId: 'fd704d13f47f137eeb9386be519e560a') in 0.001455333 seconds
[Worker0] Imported GUID: 1143ae6bb91836f4a8f8ebfaabb9396d - Path: Packages/com.unity.ugui/Editor/UGUI/EventSystem/Physics2DRaycasterEditor.cs - Importer: ScriptedImporter/UnityEditor.QuickSearchModule:UnityEditor.Search:ASIAI0B -> (ImportResultId: '89b9e6739c6860026250375edcf2bd2e') in 0.001184417 seconds
[Worker0] Imported GUID: 6a981cd1456bec84b86e1c66773f57f5 - Path: Packages/com.unity.ugui/Editor/UGUI/UI/GridLayoutGroupEditor.cs - Importer: ScriptedImporter/UnityEditor.QuickSearchModule:UnityEditor.Search:ASIAI0B -> (ImportResultId: '276aa21377ad489bc73d135bca97d908') in 0.001202208 seconds
[Worker0] Imported GUID: 9545c9eb3bf94265810463794fec8334 - Path: Packages/com.unity.ugui/Editor/TMP/PropertyDrawers/DropdownOptionListDrawer.cs - Importer: ScriptedImporter/UnityEditor.QuickSearchModule:UnityEditor.Search:ASIAI0B -> (ImportResultId: 'a87323632c0df2c15d7f368cd794ccc5') in 0.001364083 seconds
[Worker0] Imported GUID: 3bce033ee26244e419b3bb3bba95a37d - Path: Packages/com.unity.ugui/Editor/UGUI/UI/CanvasScalerEditor.cs - Importer: ScriptedImporter/UnityEditor.QuickSearchModule:UnityEditor.Search:ASIAI0B -> (ImportResultId: '08bcea4c6b70028183f37d3686d6d616') in 0.001311708 seconds
[Worker0] Imported GUID: b10cb8fee5b39014d8a417bf413f5e5c - Path: Packages/com.unity.ugui/Editor/UGUI/UI/MaskEditor.cs - Importer: ScriptedImporter/UnityEditor.QuickSearchModule:UnityEditor.Search:ASIAI0B -> (ImportResultId: '6618aaf467906a543164625a3dbd53e0') in 0.001803292 seconds
[Worker0] Imported GUID: e3795795b029fde4395e6953ce72b5a6 - Path: Packages/com.unity.ugui/Editor/TMP/HDRP/TMP_BaseHDRPLitShaderGUI.cs - Importer: ScriptedImporter/UnityEditor.QuickSearchModule:UnityEditor.Search:ASIAI0B -> (ImportResultId: '2db13719277c17694b087692ac820b45') in 0.001361 seconds
[Worker0] Imported GUID: 05f582d4fbc8e0c40afccb76bbbe0935 - Path: Packages/com.unity.ugui/Editor/UGUI/UI/DropdownEditor.cs - Importer: ScriptedImporter/UnityEditor.QuickSearchModule:UnityEditor.Search:ASIAI0B -> (ImportResultId: 'a45ce81f23ff85358b846b3ce2cb0fac') in 0.002620625 seconds
[Worker0] Imported GUID: c890977a36bfdc849872b9337ab89098 - Path: Packages/com.unity.ugui/Editor/UGUI/UI/GraphicEditor.cs - Importer: ScriptedImporter/UnityEditor.QuickSearchModule:UnityEditor.Search:ASIAI0B -> (ImportResultId: 'f5b67652f159daf9af9cbedbb0a1c5b3') in 0.001589542 seconds
[Worker0] Imported GUID: b5f70efd2f7b286498ca6c00adbb4a13 - Path: Packages/com.unity.ugui/Editor/UGUI/UI/AspectRatioFitterEditor.cs - Importer: ScriptedImporter/UnityEditor.QuickSearchModule:UnityEditor.Search:ASIAI0B -> (ImportResultId: 'de952d8c332bb3e9006d9d98eb8d8c5d') in 0.001533584 seconds
[Worker0] Imported GUID: d36a7c7a1ed377c4b8008e53032d7dcf - Path: Packages/com.unity.ugui/Editor/UGUI/UI/ToggleEditor.cs - Importer: ScriptedImporter/UnityEditor.QuickSearchModule:UnityEditor.Search:ASIAI0B -> (ImportResultId: '00c0b23fb7760f93100d84eb2ca33409') in 0.001360458 seconds
[Worker0] Imported GUID: 37b164a494cd92a498526852ecceedef - Path: Packages/com.unity.ugui/Editor/UGUI/EventSystem/EventTriggerEditor.cs - Importer: ScriptedImporter/UnityEditor.QuickSearchModule:UnityEditor.Search:ASIAI0B -> (ImportResultId: '416a515dfe0653d5bdc6eb6215c67620') in 0.001874666 seconds
[Worker0] Imported GUID: 0aaa057ce5566e940b18a0ccd0344693 - Path: Packages/com.unity.ugui/Runtime/UGUI/EventSystem/UIBehaviour.cs - Importer: ScriptedImporter/UnityEditor.QuickSearchModule:UnityEditor.Search:ASIAI0B -> (ImportResultId: 'cba2f40a14846e40e6b14399011281c4') in 0.001789958 seconds
[Worker0] Imported GUID: 260b531edc40677429c0198d6961e448 - Path: Packages/com.unity.ugui/Editor/UGUI/UI/SpriteDrawUtility.cs - Importer: ScriptedImporter/UnityEditor.QuickSearchModule:UnityEditor.Search:ASIAI0B -> (ImportResultId: 'fdfc2855ea0ade8dc6d4ba60d0e3f26f') in 0.001286792 seconds
[Worker0] Imported GUID: 6370fe1d392924d45b0cfd255bf60d2a - Path: Packages/com.unity.ugui/Tests/Editor/Common/VersionTests.cs - Importer: ScriptedImporter/UnityEditor.QuickSearchModule:UnityEditor.Search:ASIAI0B -> (ImportResultId: 'b4895ce227e2cf8dccf21f0e29c361c5') in 0.0015095 seconds
[Worker0] Imported GUID: 056819c66570ca54cadb72330a354050 - Path: Packages/com.unity.ugui/Editor/TMP/PropertyDrawers/TMP_SpriteGlyphPropertyDrawer.cs - Importer: ScriptedImporter/UnityEditor.QuickSearchModule:UnityEditor.Search:ASIAI0B -> (ImportResultId: 'ac9424abcc4017abf984cdbe1a139782') in 0.001864 seconds
[Worker0] Imported GUID: 149e85704eb73624ba2d705408274f3e - Path: Packages/com.unity.ugui/Editor/TMP/PropertyDrawers/TMP_MarkToMarkAdjustmentRecordPropertyDrawer.cs - Importer: ScriptedImporter/UnityEditor.QuickSearchModule:UnityEditor.Search:ASIAI0B -> (ImportResultId: '790d0784e881d5a863c59707da85fe5a') in 0.001579625 seconds
[Worker0] Imported GUID: cb319974ad8ebd44aa1e1fbb02640b5b - Path: Packages/com.unity.ugui/Editor/UGUI/UI/HorizontalOrVerticalLayoutGroupEditor.cs - Importer: ScriptedImporter/UnityEditor.QuickSearchModule:UnityEditor.Search:ASIAI0B -> (ImportResultId: '4cc3b58952f0850215044c666c8153c1') in 0.002106625 seconds
[Worker0] Imported GUID: 4d2250412b81fe34abf39f246e274479 - Path: Packages/com.unity.ugui/Runtime/UGUI/EventSystem/MoveDirection.cs - Importer: ScriptedImporter/UnityEditor.QuickSearchModule:UnityEditor.Search:ASIAI0B -> (ImportResultId: 'e8b730f882d04dec70a0bc5883676c09') in 0.00199175 seconds
[Worker0] Imported GUID: 85016528879d5d644981050d1d0a4368 - Path: Packages/com.unity.ugui/Editor/TMP/HDRP/TMP_SDF_HDRPLitShaderGUI.cs - Importer: ScriptedImporter/UnityEditor.QuickSearchModule:UnityEditor.Search:ASIAI0B -> (ImportResultId: '3fe8930c86f752e474ccfc41df38afac') in 0.001595375 seconds
[Worker0] Imported GUID: bc98484caab3b6d4facbcff38be93380 - Path: Packages/com.unity.ugui/Editor/UGUI/UI/SliderEditor.cs - Importer: ScriptedImporter/UnityEditor.QuickSearchModule:UnityEditor.Search:ASIAI0B -> (ImportResultId: '552fe5c5b371120efe9cca4324c0364d') in 0.001419834 seconds
[Worker0] Imported GUID: 1336690ece4db2740b4ba38873e00dfb - Path: Packages/com.unity.ugui/Editor/UGUI/UI/TextEditor.cs - Importer: ScriptedImporter/UnityEditor.QuickSearchModule:UnityEditor.Search:ASIAI0B -> (ImportResultId: '6e816b0c555f72aff4fa54167b5b47eb') in 0.001862584 seconds
[Worker0] Imported GUID: 794f3951c48395848920fdb593a2ae38 - Path: Packages/com.unity.ugui/Editor/UGUI/UI/LayoutPropertiesPreview.cs - Importer: ScriptedImporter/UnityEditor.QuickSearchModule:UnityEditor.Search:ASIAI0B -> (ImportResultId: '0ecd381c06f9ac5c87c103270b1b61f7') in 0.001686041 seconds
[Worker0] Imported GUID: 58e7d991249847640b1534192721c5ea - Path: Packages/com.unity.ugui/Editor/UGUI/UI/RectMask2DEditor.cs - Importer: ScriptedImporter/UnityEditor.QuickSearchModule:UnityEditor.Search:ASIAI0B -> (ImportResultId: 'e6758bbe40dcf97b564f158f11267dfb') in 0.001413791 seconds
[Worker0] Imported GUID: 7d7bd4bcc815cfb44b9990c29dabdb9f - Path: Packages/com.unity.ugui/Runtime/UGUI/Properties/AssemblyInfo.cs - Importer: ScriptedImporter/UnityEditor.QuickSearchModule:UnityEditor.Search:ASIAI0B -> (ImportResultId: '25b6e53fa702137cb22bc63e8114a168') in 0.001844333 seconds
[Worker0] Imported GUID: 7b6c2e51603686247afd5ab620c490e6 - Path: Packages/com.unity.ugui/Editor/TMP/PropertyDrawers/LigatureSubstitutionRecordPropertyDrawer.cs - Importer: ScriptedImporter/UnityEditor.QuickSearchModule:UnityEditor.Search:ASIAI0B -> (ImportResultId: 'e2ac88fb827d1eea7d61e687ef9856aa') in 0.001762583 seconds
[Worker0] Imported GUID: 623c79a1e113b4941afdbfc88d19e8fd - Path: Packages/com.unity.ugui/Runtime/UGUI/EventSystem/ExecuteEvents.cs - Importer: ScriptedImporter/UnityEditor.QuickSearchModule:UnityEditor.Search:ASIAI0B -> (ImportResultId: 'd184e43786001dff086c5734439793f7') in 0.001578291 seconds
[Worker0] Imported GUID: e3882522a08b6f5459b4dea6f8791278 - Path: Packages/com.unity.ugui/Editor/TMP/PropertyDrawers/GlyphMetricsPropertyDrawer.cs - Importer: ScriptedImporter/UnityEditor.QuickSearchModule:UnityEditor.Search:ASIAI0B -> (ImportResultId: 'f25f5a0cb3dbe15622e6f4f93453c36f') in 0.001521667 seconds
[Worker0] Imported GUID: 7693972390a4ed841a986c0c452c1058 - Path: Packages/com.unity.ugui/Editor/UGUI/UI/LayoutElementEditor.cs - Importer: ScriptedImporter/UnityEditor.QuickSearchModule:UnityEditor.Search:ASIAI0B -> (ImportResultId: 'de5e3dd8cdc2e798eb4b67ecef86b0f1') in 0.001429541 seconds
[Worker0] Imported GUID: 26570be2af04195458e6f1ac1f5c48e0 - Path: Packages/com.unity.ugui/Runtime/UGUI/EventSystem/RaycasterManager.cs - Importer: ScriptedImporter/UnityEditor.QuickSearchModule:UnityEditor.Search:ASIAI0B -> (ImportResultId: '730c1002cff237586e9d803c92cbb4e8') in 0.001756709 seconds
[Worker0] Imported GUID: 37cff9f5a86ae494c8cb04423580480d - Path: Packages/com.unity.ugui/Editor/TMP/PropertyDrawers/TMP_SpriteCharacterPropertyDrawer.cs - Importer: ScriptedImporter/UnityEditor.QuickSearchModule:UnityEditor.Search:ASIAI0B -> (ImportResultId: 'd6000b1b4d8c7a3a90133791a097c1d9') in 0.001391208 seconds
[Worker0] Imported GUID: 645409e9544820042937871953f20509 - Path: Packages/com.unity.ugui/Editor/TMP/HDRP/TMP_BaseHDRPUnlitShaderGUI.cs - Importer: ScriptedImporter/UnityEditor.QuickSearchModule:UnityEditor.Search:ASIAI0B -> (ImportResultId: 'f0a6a8a48278a3ab165399073111c575') in 0.001094167 seconds
[Worker0] Imported GUID: 6f72aa6eab9392548b9e9d92eb6b2ef8 - Path: Packages/com.unity.ugui/Editor/UGUI/EventSystem/EventSystemEditor.cs - Importer: ScriptedImporter/UnityEditor.QuickSearchModule:UnityEditor.Search:ASIAI0B -> (ImportResultId: '617157db9bfdd12b913dc85efbcedf14') in 0.001151417 seconds
[Worker0] Imported GUID: 371a2245f9a9ff344997fec3609bf73e - Path: Packages/com.unity.ugui/Editor/TMP/PropertyDrawers/TMP_PropertyDrawerUtilities.cs - Importer: ScriptedImporter/UnityEditor.QuickSearchModule:UnityEditor.Search:ASIAI0B -> (ImportResultId: '95e9c4ed9dbbef9451d1b239929f4be4') in 0.001357125 seconds
[Worker0] Imported GUID: 127023922adddf744b59fa7b0b0c3030 - Path: Packages/com.unity.ugui/Editor/UGUI/UI/InterceptedEventsPreview.cs - Importer: ScriptedImporter/UnityEditor.QuickSearchModule:UnityEditor.Search:ASIAI0B -> (ImportResultId: '57e3810046b576d959e779c4620e4b53') in 0.001937625 seconds
[Worker0] Imported GUID: f700f31b2e40d7f4bb69753fdbbbc2b5 - Path: Packages/com.unity.ugui/Editor/UGUI/UI/ScrollbarEditor.cs - Importer: ScriptedImporter/UnityEditor.QuickSearchModule:UnityEditor.Search:ASIAI0B -> (ImportResultId: '43f1d04225e2f8e08f7c5b87bb76de3e') in 0.001518667 seconds
[Worker0] Imported GUID: bad96c2cfa78a124cb8ec890d2386dfe - Path: Packages/com.unity.ugui/Editor/TMP/HDRP/TMP_SDF_HDRPUnlitShaderGUI.cs - Importer: ScriptedImporter/UnityEditor.QuickSearchModule:UnityEditor.Search:ASIAI0B -> (ImportResultId: '36a4c5f2ea35cfe5cb7a6bd68c149156') in 0.001346708 seconds
[Worker0] Imported GUID: d51458b261e0ecc4a98904e53924dc1c - Path: Packages/com.unity.ugui/Editor/UGUI/Properties/AssemblyInfo.cs - Importer: ScriptedImporter/UnityEditor.QuickSearchModule:UnityEditor.Search:ASIAI0B -> (ImportResultId: '9e2d2b2cc7941b339f50747a1566cf91') in 0.001416375 seconds
[Worker0] Imported GUID: 472a6f18dd2f97c41af72271d22db869 - Path: Packages/com.unity.ugui/Editor/UGUI/UI/ButtonEditor.cs - Importer: ScriptedImporter/UnityEditor.QuickSearchModule:UnityEditor.Search:ASIAI0B -> (ImportResultId: 'bbb7efb6e441740f5fa6f4dd7e0c2dcc') in 0.002464875 seconds
[Worker0] Imported GUID: 21d2d5d6901f2ca43a8015c60ada4e2c - Path: Packages/com.unity.ugui/Editor/UGUI/UI/InputFieldEditor.cs - Importer: ScriptedImporter/UnityEditor.QuickSearchModule:UnityEditor.Search:ASIAI0B -> (ImportResultId: '95176938f2684efe9ee358ac41faceaa') in 0.002191875 seconds
[Worker0] Imported GUID: dcf00682bef4d264d84a5c92c8f5a40f - Path: Packages/com.unity.ugui/Editor/UGUI/UI/SelfControllerEditor.cs - Importer: ScriptedImporter/UnityEditor.QuickSearchModule:UnityEditor.Search:ASIAI0B -> (ImportResultId: '351b8bad8f6fd40ba3fc5960f7b8e97e') in 0.001517125 seconds
[Worker0] Imported GUID: e6413f4090046814d802ddbff9890878 - Path: Packages/com.unity.ugui/Editor/UGUI/UI/RawImageEditor.cs - Importer: ScriptedImporter/UnityEditor.QuickSearchModule:UnityEditor.Search:ASIAI0B -> (ImportResultId: 'b8684120ce380269576e8262f08e0f26') in 0.001383291 seconds
[Worker0] Imported GUID: db7dd43fe1278a9459cd6036f096b91d - Path: Packages/com.unity.ugui/Runtime/UGUI/EventSystem/EventHandle.cs - Importer: ScriptedImporter/UnityEditor.QuickSearchModule:UnityEditor.Search:ASIAI0B -> (ImportResultId: '1402294677790c00ca4474593c41ac33') in 0.003014375 seconds
[Worker0] Imported GUID: 01ada73c4792aba4c937ff5d92cce866 - Path: Packages/com.unity.ugui/Editor/TMP/PropertyDrawers/TMP_CharacterPropertyDrawer.cs - Importer: ScriptedImporter/UnityEditor.QuickSearchModule:UnityEditor.Search:ASIAI0B -> (ImportResultId: '56a47cb2c8dd95b4612773f1622c706d') in 0.001624875 seconds
[Worker0] Imported GUID: e9253e696cd45794d9aec6d4de366b6e - Path: Packages/com.unity.ugui/Editor/UGUI/UI/SelectableEditor.cs - Importer: ScriptedImporter/UnityEditor.QuickSearchModule:UnityEditor.Search:ASIAI0B -> (ImportResultId: 'a18d40ab9057f13d5f21e224a33ecd5b') in 0.001539625 seconds
[Worker0] Imported GUID: 899b803b32ce548918778bacc0a950f0 - Path: Packages/com.unity.ugui/Editor/UGUI/UI/CanvasGroupEditor.cs - Importer: ScriptedImporter/UnityEditor.QuickSearchModule:UnityEditor.Search:ASIAI0B -> (ImportResultId: 'd9ab953a007291c1b9cb44f4b8705166') in 0.001057666 seconds
[Worker0] Imported GUID: 1344c3c82d62a2a41a3576d8abb8e3ea - Path: Packages/com.unity.ugui/Runtime/UGUI/UI/Core/RawImage.cs - Importer: ScriptedImporter/UnityEditor.QuickSearchModule:UnityEditor.Search:ASIAI0B -> (ImportResultId: 'f6935a216c8d192fe8a671851d4dcd9d') in 0.001409166 seconds
[Worker0] Imported GUID: 4e29b1a8efbd4b44bb3f3716e73f07ff - Path: Packages/com.unity.ugui/Runtime/UGUI/UI/Core/Button.cs - Importer: ScriptedImporter/UnityEditor.QuickSearchModule:UnityEditor.Search:ASIAI0B -> (ImportResultId: '1514bcc6ce70c43d24525d695a36dba3') in 0.001554166 seconds
[Worker0] Imported GUID: bf87e20fb5440ec498f441167b5291f8 - Path: Packages/com.unity.ugui/Runtime/UGUI/UI/Core/DefaultControls.cs - Importer: ScriptedImporter/UnityEditor.QuickSearchModule:UnityEditor.Search:ASIAI0B -> (ImportResultId: 'f30462c444db3cd5e826742d7ce27ac7') in 0.002409417 seconds
[Worker0] Imported GUID: b825fd5f27403b84f97726dd9c5a5e6f - Path: Packages/com.unity.ugui/Editor/UGUI/UI/PropertyDrawers/ColorBlockDrawer.cs - Importer: ScriptedImporter/UnityEditor.QuickSearchModule:UnityEditor.Search:ASIAI0B -> (ImportResultId: 'a1c1dc02d29b2cb20cdec6d4eb0ec596') in 0.001765625 seconds
[Worker0] Imported GUID: 8a410b213209442fb15a69799f0240a5 - Path: Packages/com.unity.ugui/Runtime/UGUI/EventSystem/UIElements/PanelEventHandler.cs - Importer: ScriptedImporter/UnityEditor.QuickSearchModule:UnityEditor.Search:ASIAI0B -> (ImportResultId: 'e823f843a35e54f7034a1572371a9295') in 0.001201542 seconds
[Worker0] Imported GUID: 1aa08ab6e0800fa44ae55d278d1423e3 - Path: Packages/com.unity.ugui/Runtime/UGUI/UI/Core/ScrollRect.cs - Importer: ScriptedImporter/UnityEditor.QuickSearchModule:UnityEditor.Search:ASIAI0B -> (ImportResultId: '6b6d5587832920079d7cb2b502032770') in 0.001073833 seconds
[Worker0] Imported GUID: bfb788a43e03363419155b8af77da971 - Path: Packages/com.unity.ugui/Runtime/UGUI/UI/Core/CanvasUpdateRegistry.cs - Importer: ScriptedImporter/UnityEditor.QuickSearchModule:UnityEditor.Search:ASIAI0B -> (ImportResultId: '1af7e35aea422682e1123873163871ab') in 0.000998667 seconds
[Worker0] Imported GUID: 61d491d99e9292c4a81d7d01a74781ea - Path: Packages/com.unity.ugui/Runtime/UGUI/UI/Core/Navigation.cs - Importer: ScriptedImporter/UnityEditor.QuickSearchModule:UnityEditor.Search:ASIAI0B -> (ImportResultId: 'b84db976f2479cb661f6cc1282d903e4') in 0.001093041 seconds
[Worker0] Imported GUID: 31a19414c41e5ae4aae2af33fee712f6 - Path: Packages/com.unity.ugui/Runtime/UGUI/UI/Core/Mask.cs - Importer: ScriptedImporter/UnityEditor.QuickSearchModule:UnityEditor.Search:ASIAI0B -> (ImportResultId: 'adf18d073f6edb199f823ce844765a85') in 0.001161917 seconds
[Worker0] Imported GUID: 69e3979b7029e8a4da2d96b714ba5c3a - Path: Packages/com.unity.ugui/Runtime/UGUI/UI/Core/GraphicRegistry.cs - Importer: ScriptedImporter/UnityEditor.QuickSearchModule:UnityEditor.Search:ASIAI0B -> (ImportResultId: 'ae938cd25de726f7be460caa88fd3aba') in 0.00117925 seconds
[Worker0] Imported GUID: 2c727e4c005e5114fb3348a38c4cebbf - Path: Packages/com.unity.ugui/Runtime/UGUI/EventSystem/UIElements/WorldDocumentRaycaster.cs - Importer: ScriptedImporter/UnityEditor.QuickSearchModule:UnityEditor.Search:ASIAI0B -> (ImportResultId: 'af784ade77ecf9e2e1b12f583b7606a2') in 0.001630917 seconds
[Worker0] Imported GUID: ba923e2b58fea044bb1f8839376a1118 - Path: Packages/com.unity.ugui/Runtime/UGUI/EventSystem/UIElements/UIToolkitInteroperabilityBridge.cs - Importer: ScriptedImporter/UnityEditor.QuickSearchModule:UnityEditor.Search:ASIAI0B -> (ImportResultId: '31808eac756eeeee7d872a17dbe3659e') in 0.001345 seconds
[Worker0] Imported GUID: cbab8835092323a4389f2dc7d8f6c781 - Path: Packages/com.unity.ugui/Runtime/UGUI/EventSystem/InputModules/PointerInputModule.cs - Importer: ScriptedImporter/UnityEditor.QuickSearchModule:UnityEditor.Search:ASIAI0B -> (ImportResultId: 'b5a953973d415adb5687c8d4738c29c0') in 0.001937 seconds
[Worker0] Imported GUID: 7bd96d76711152648a736c4d28d865f2 - Path: Packages/com.unity.ugui/Runtime/UGUI/UI/Core/MaskUtilities.cs - Importer: ScriptedImporter/UnityEditor.QuickSearchModule:UnityEditor.Search:ASIAI0B -> (ImportResultId: '559cf5adf3a2495d7ddf362592d3dcc5') in 0.001545584 seconds
[Worker0] Imported GUID: e9745f6a32442194c8dc5a43e9ab86f9 - Path: Packages/com.unity.ugui/Tests/Runtime/UGUI/UnityEngine.UI.Tests.asmdef - Importer: ScriptedImporter/UnityEditor.QuickSearchModule:UnityEditor.Search:ASIAI0B -> (ImportResultId: '86b75234e9757645641561348886be38') in 0.001882083 seconds
[Worker0] Imported GUID: 0d0b652f32a2cc243917e4028fa0f046 - Path: Packages/com.unity.ugui/Runtime/UGUI/UI/Core/Dropdown.cs - Importer: ScriptedImporter/UnityEditor.QuickSearchModule:UnityEditor.Search:ASIAI0B -> (ImportResultId: 'e6c3729e30c0f5d19114b6dfc962af81') in 0.001733959 seconds
[Worker0] Imported GUID: 426106349a0ff964fa4e7178c1d3a4f5 - Path: Packages/com.unity.ugui/Runtime/UGUI/EventSystem/Raycasters/BaseRaycaster.cs - Importer: ScriptedImporter/UnityEditor.QuickSearchModule:UnityEditor.Search:ASIAI0B -> (ImportResultId: '699e54ef89d6b06414a6e4257196a849') in 0.002246833 seconds
[Worker0] Imported GUID: 75df57ccb1e44c64085399277405e1ca - Path: Packages/com.unity.ugui/Runtime/UGUI/EventSystem/EventData/PointerEventData.cs - Importer: ScriptedImporter/UnityEditor.QuickSearchModule:UnityEditor.Search:ASIAI0B -> (ImportResultId: '704d75ad46d1928aeffc72143b29307c') in 0.0017225 seconds
[Worker0] Imported GUID: 61a20120cddc53849bbc10fc805ffe3e - Path: Packages/com.unity.ugui/Runtime/UGUI/UI/Core/IMaskable.cs - Importer: ScriptedImporter/UnityEditor.QuickSearchModule:UnityEditor.Search:ASIAI0B -> (ImportResultId: 'c8a6a4139b6dbf4759cb08d891c50e9d') in 0.00154125 seconds
[Worker0] Imported GUID: fc31799bd6dc1f74a8adfee1acd05a9b - Path: Packages/com.unity.ugui/Tests/Editor/UGUI/WrapperWindowFixture.cs - Importer: ScriptedImporter/UnityEditor.QuickSearchModule:UnityEditor.Search:ASIAI0B -> (ImportResultId: 'd73e69577fbb822c6452daa78f0e557d') in 0.001888333 seconds
[Worker0] Imported GUID: 928dc55e2c8c3ee4dad33b6d561cb6ea - Path: Packages/com.unity.ugui/Runtime/UGUI/UI/Core/IGraphicEnabledDisabled.cs - Importer: ScriptedImporter/UnityEditor.QuickSearchModule:UnityEditor.Search:ASIAI0B -> (ImportResultId: 'fdf14c6545cf596536ee7e0bc9c2982b') in 0.001434667 seconds
[Worker0] Imported GUID: b180fd8310805e44dbbef545d0231418 - Path: Packages/com.unity.ugui/Runtime/UGUI/EventSystem/EventData/AxisEventData.cs - Importer: ScriptedImporter/UnityEditor.QuickSearchModule:UnityEditor.Search:ASIAI0B -> (ImportResultId: '7736c8aa83a744ec9a21d221394c35b6') in 0.001259917 seconds
[Worker0] Imported GUID: ceb629fc661813d40986b4abbefe72c6 - Path: Packages/com.unity.ugui/Runtime/UGUI/UI/Core/IMask.cs - Importer: ScriptedImporter/UnityEditor.QuickSearchModule:UnityEditor.Search:ASIAI0B -> (ImportResultId: 'b56d118ece44c277f4728e4d9ff2f0c6') in 0.001153791 seconds
[Worker0] Imported GUID: 1511ccae7919cfc46b603b9b337fdc94 - Path: Packages/com.unity.ugui/Runtime/UGUI/EventSystem/InputModules/BaseInput.cs - Importer: ScriptedImporter/UnityEditor.QuickSearchModule:UnityEditor.Search:ASIAI0B -> (ImportResultId: 'd383d5912e0a8cb053366eeb0da201e2') in 0.001192334 seconds
[Worker0] Imported GUID: 3312d7739989d2b4e91e6319e9a96d76 - Path: Packages/com.unity.ugui/Runtime/UGUI/UI/Core/RectMask2D.cs - Importer: ScriptedImporter/UnityEditor.QuickSearchModule:UnityEditor.Search:ASIAI0B -> (ImportResultId: '8558c572718b615ee3375ef2d1104aea') in 0.001227125 seconds
[Worker0] Imported GUID: b9ba34e0b1884454fbc4257260e22b64 - Path: Packages/com.unity.ugui/Runtime/UGUI/UI/Core/SetPropertyUtility.cs - Importer: ScriptedImporter/UnityEditor.QuickSearchModule:UnityEditor.Search:ASIAI0B -> (ImportResultId: '596e6ed5ca4ac477eca553c13032f176') in 0.00151575 seconds
[Worker0] Imported GUID: fb27f3049fe06c246803a4a4c5b7fda3 - Path: Packages/com.unity.ugui/Editor/UGUI/UI/PropertyDrawers/NavigationDrawer.cs - Importer: ScriptedImporter/UnityEditor.QuickSearchModule:UnityEditor.Search:ASIAI0B -> (ImportResultId: '4e98936026fa67087a4342978c4082c9') in 0.001344041 seconds
[Worker0] Imported GUID: 67db9e8f0e2ae9c40bc1e2b64352a6b4 - Path: Packages/com.unity.ugui/Runtime/UGUI/UI/Core/Slider.cs - Importer: ScriptedImporter/UnityEditor.QuickSearchModule:UnityEditor.Search:ASIAI0B -> (ImportResultId: '97e71561333ff4ae016dcd6e937dfbd6') in 0.001124084 seconds
[Worker0] Imported GUID: c18288a8d31fc9043a807ee8a9f1ae64 - Path: Packages/com.unity.ugui/Editor/UGUI/UI/PropertyDrawers/AnimationTriggersDrawer.cs - Importer: ScriptedImporter/UnityEditor.QuickSearchModule:UnityEditor.Search:ASIAI0B -> (ImportResultId: '029ab3702a94f5bb5f2f2392ed0eba1b') in 0.001533875 seconds
[Worker0] Imported GUID: fe87c0e1cc204ed48ad3b37840f39efc - Path: Packages/com.unity.ugui/Runtime/UGUI/UI/Core/Image.cs - Importer: ScriptedImporter/UnityEditor.QuickSearchModule:UnityEditor.Search:ASIAI0B -> (ImportResultId: '31ba8534ddc9afe0932bf8a800802c83') in 0.001256625 seconds
[Worker0] Imported GUID: 828075bc53f2de84982a943870529b7b - Path: Packages/com.unity.ugui/Runtime/UGUI/UI/Core/Misc.cs - Importer: ScriptedImporter/UnityEditor.QuickSearchModule:UnityEditor.Search:ASIAI0B -> (ImportResultId: '68e30fd4b29789809ac02bcc59057d77') in 0.001317958 seconds
[Worker0] Imported GUID: 5ebeb75bd91642048bb3f6c1939fde66 - Path: Packages/com.unity.ugui/Runtime/UGUI/UI/Core/MultipleDisplayUtilities.cs - Importer: ScriptedImporter/UnityEditor.QuickSearchModule:UnityEditor.Search:ASIAI0B -> (ImportResultId: '62f35f9f7b3a7deacef0c4ab0b6ec9fc') in 0.001087 seconds
[Worker0] Imported GUID: dc42784cf147c0c48a680349fa168899 - Path: Packages/com.unity.ugui/Runtime/UGUI/UI/Core/GraphicRaycaster.cs - Importer: ScriptedImporter/UnityEditor.QuickSearchModule:UnityEditor.Search:ASIAI0B -> (ImportResultId: '42a40426c9b024395361ab2c6bf0881c') in 0.000999334 seconds
[Worker0] Imported GUID: 56666c5a40171f54783dd416a44f42bf - Path: Packages/com.unity.ugui/Runtime/UGUI/EventSystem/Raycasters/Physics2DRaycaster.cs - Importer: ScriptedImporter/UnityEditor.QuickSearchModule:UnityEditor.Search:ASIAI0B -> (ImportResultId: '03e0c1427ae1ed6a328e6f67a2ea726d') in 0.001704583 seconds
[Worker0] Imported GUID: fea12beeeb5a7a448b5e60f50e40975d - Path: Packages/com.unity.ugui/Editor/UGUI/UI/PropertyDrawers/FontDataDrawer.cs - Importer: ScriptedImporter/UnityEditor.QuickSearchModule:UnityEditor.Search:ASIAI0B -> (ImportResultId: '49321d40c5dec6369b204affb812f455') in 0.001663083 seconds
[Worker0] Imported GUID: ec4b2559effa72e42a09339d71efef3d - Path: Packages/com.unity.ugui/Tests/Editor/TMP/FontEngineTests.cs - Importer: ScriptedImporter/UnityEditor.QuickSearchModule:UnityEditor.Search:ASIAI0B -> (ImportResultId: 'e2c9ca19d2498a892f12cc6e8b434023') in 0.001266 seconds
[Worker0] Imported GUID: 4f231c4fb786f3946a6b90b886c48677 - Path: Packages/com.unity.ugui/Runtime/UGUI/EventSystem/InputModules/StandaloneInputModule.cs - Importer: ScriptedImporter/UnityEditor.QuickSearchModule:UnityEditor.Search:ASIAI0B -> (ImportResultId: '255e3e687c8b547b220510f5b26ff706') in 0.002338542 seconds
[Worker0] Imported GUID: d199490a83bb2b844b9695cbf13b01ef - Path: Packages/com.unity.ugui/Runtime/UGUI/UI/Core/InputField.cs - Importer: ScriptedImporter/UnityEditor.QuickSearchModule:UnityEditor.Search:ASIAI0B -> (ImportResultId: '11304aa90d37d8e17b9f9d7a64f32967') in 0.002256459 seconds
[Worker0] Imported GUID: 592f7288ed0df2c4b884e2cd9baac023 - Path: Packages/com.unity.ugui/Tests/Editor/TMP/TMP_EditorTests.cs - Importer: ScriptedImporter/UnityEditor.QuickSearchModule:UnityEditor.Search:ASIAI0B -> (ImportResultId: 'f1541c38d6fdeee047f23d2cf2033cca') in 0.001202625 seconds
[Worker0] Imported GUID: 5348cbfcd4f74699b33fe6b43747a016 - Path: Packages/com.unity.ugui/Tests/Runtime/TMP/TMP_CanvasTests.cs - Importer: ScriptedImporter/UnityEditor.QuickSearchModule:UnityEditor.Search:ASIAI0B -> (ImportResultId: '3c7acd6563701e9cd90c1288adfaf8fe') in 0.003189458 seconds
[Worker0] Imported GUID: 91f495459b6e34f419ac123740d798b1 - Path: Packages/com.unity.ugui/Runtime/UGUI/EventSystem/EventData/BaseEventData.cs - Importer: ScriptedImporter/UnityEditor.QuickSearchModule:UnityEditor.Search:ASIAI0B -> (ImportResultId: '85104842ec8f29cc00e44b79ae08e881') in 0.001273542 seconds
[Worker0] Imported GUID: 656e461844099ae43a609ff6109b0877 - Path: Packages/com.unity.ugui/Tests/Editor/TMP/Unity.TextMeshPro.Editor.Tests.asmdef - Importer: ScriptedImporter/UnityEditor.QuickSearchModule:UnityEditor.Search:ASIAI0B -> (ImportResultId: '26f3dc3bb7615fca73058725465aaa3d') in 0.001481708 seconds
[Worker0] Imported GUID: 445cdcfc747eba94288b97f5869aa2fb - Path: Packages/com.unity.ugui/Runtime/UGUI/UI/Core/GraphicRebuildTracker.cs - Importer: ScriptedImporter/UnityEditor.QuickSearchModule:UnityEditor.Search:ASIAI0B -> (ImportResultId: '9fe43b46bc3c2243925f2f1b05470d2c') in 0.001513708 seconds
[Worker0] Imported GUID: 7c04f0dfa9243c04681a55d90d3ff3fc - Path: Packages/com.unity.ugui/Tests/Editor/UGUI/UnityEditor.UI.EditorTests.asmdef - Importer: ScriptedImporter/UnityEditor.QuickSearchModule:UnityEditor.Search:ASIAI0B -> (ImportResultId: '16e1023be15440e29430f7543ea0ac3e') in 0.001691167 seconds
[Worker0] Imported GUID: a6238e9452bfc704f82ff36791fe1a45 - Path: Packages/com.unity.ugui/Runtime/UGUI/UI/Core/Graphic.cs - Importer: ScriptedImporter/UnityEditor.QuickSearchModule:UnityEditor.Search:ASIAI0B -> (ImportResultId: '01f7c10a82ab2963d1e7f01c6b884e1a') in 0.001296458 seconds
[Worker0] Imported GUID: 728d2c19676ea3743aaa087aa28c4a16 - Path: Packages/com.unity.ugui/Editor/UGUI/UI/PropertyDrawers/SpriteStateDrawer.cs - Importer: ScriptedImporter/UnityEditor.QuickSearchModule:UnityEditor.Search:ASIAI0B -> (ImportResultId: '4bc70297436ca05e71eabdd0c597c05f') in 0.001287083 seconds
[Worker0] Imported GUID: 39ab466162988eb4f83443f911bbf5c8 - Path: Packages/com.unity.ugui/Runtime/UGUI/UI/Core/FontUpdateTracker.cs - Importer: ScriptedImporter/UnityEditor.QuickSearchModule:UnityEditor.Search:ASIAI0B -> (ImportResultId: '0838bf8f533c5ccc4783bc822734afb8') in 0.001251792 seconds
[Worker0] Imported GUID: 1ea10891dd782154ca0fb67bce9e6f72 - Path: Packages/com.unity.ugui/Runtime/UGUI/EventSystem/InputModules/BaseInputModule.cs - Importer: ScriptedImporter/UnityEditor.QuickSearchModule:UnityEditor.Search:ASIAI0B -> (ImportResultId: '8098397188f510d8782a4336c81dc1a8') in 0.00121025 seconds
[Worker0] Imported GUID: 7be84a49bb2cd7e4a9ed097ba22794d0 - Path: Packages/com.unity.ugui/Runtime/UGUI/UI/Animation/CoroutineTween.cs - Importer: ScriptedImporter/UnityEditor.QuickSearchModule:UnityEditor.Search:ASIAI0B -> (ImportResultId: '70cf34991392f362f1f6d613dc4efc20') in 0.001375375 seconds
[Worker0] Imported GUID: 9de24983a2c6cbe4f925c3e98a79b804 - Path: Packages/com.unity.ugui/Tests/Runtime/TMP/TMP_RuntimeTests.cs - Importer: ScriptedImporter/UnityEditor.QuickSearchModule:UnityEditor.Search:ASIAI0B -> (ImportResultId: '79796630e062c2b236dc70eceaad8ff1') in 0.001249042 seconds
[Worker0] Imported GUID: 1385bc74f3945c943be16ecbb1381063 - Path: Packages/com.unity.ugui/Editor/UGUI/UI/PropertyDrawers/DropdownOptionListDrawer.cs - Importer: ScriptedImporter/UnityEditor.QuickSearchModule:UnityEditor.Search:ASIAI0B -> (ImportResultId: 'f145247eb3023b899919d12e867ffc0b') in 0.001965042 seconds
[Worker0] Imported GUID: 976acc75bfafe594cb01142ba21947be - Path: Packages/com.unity.ugui/Runtime/UGUI/UI/Core/MaskableGraphic.cs - Importer: ScriptedImporter/UnityEditor.QuickSearchModule:UnityEditor.Search:ASIAI0B -> (ImportResultId: '885d5dbdfabc4206faa0b859a5000e27') in 0.001325292 seconds
[Worker0] Imported GUID: 7a98125502f715b4b83cfb77b434e436 - Path: Packages/com.unity.ugui/Runtime/UGUI/UI/Core/Selectable.cs - Importer: ScriptedImporter/UnityEditor.QuickSearchModule:UnityEditor.Search:ASIAI0B -> (ImportResultId: '5d8566e0346cdf9dbb0d22722e9858d9') in 0.001410042 seconds
[Worker0] Imported GUID: 83088ba2132cbc940b7ca0c679a02b0d - Path: Packages/com.unity.ugui/Runtime/UGUI/UI/Core/ColorBlock.cs - Importer: ScriptedImporter/UnityEditor.QuickSearchModule:UnityEditor.Search:ASIAI0B -> (ImportResultId: 'ae418cb17fb929a353446a37dec6cdeb') in 0.001097708 seconds
[Worker0] Imported GUID: c49b4cc203aa6414fae5c798d1d0e7d6 - Path: Packages/com.unity.ugui/Runtime/UGUI/EventSystem/Raycasters/PhysicsRaycaster.cs - Importer: ScriptedImporter/UnityEditor.QuickSearchModule:UnityEditor.Search:ASIAI0B -> (ImportResultId: '7542436afc96bf6ab74d78d4f16bc0f2') in 0.001141208 seconds
[Worker0] Imported GUID: 9353b7d498b954a06ae1228982925d0b - Path: Packages/com.unity.ugui/Runtime/UGUI/UI/Core/RaycastReceiver.cs - Importer: ScriptedImporter/UnityEditor.QuickSearchModule:UnityEditor.Search:ASIAI0B -> (ImportResultId: '5ac5165297152cd0f3a06d67f4d6f83d') in 0.001141625 seconds
[Worker0] Imported GUID: 7a79c4e23d4d4b64bfa5fa9e6671a460 - Path: Packages/com.unity.ugui/Runtime/UGUI/EventSystem/UIElements/PanelRaycaster.cs - Importer: ScriptedImporter/UnityEditor.QuickSearchModule:UnityEditor.Search:ASIAI0B -> (ImportResultId: '3a85a628781b211596ddece34d69b7ee') in 0.001218167 seconds
[Worker0] Imported GUID: 13cd966480ec3354bb318ee1aeccff6f - Path: Packages/com.unity.ugui/Runtime/UGUI/UI/Core/FontData.cs - Importer: ScriptedImporter/UnityEditor.QuickSearchModule:UnityEditor.Search:ASIAI0B -> (ImportResultId: '518f0f6870858664ff31f4309e7da1cf') in 0.001337292 seconds
[Worker0] Imported GUID: 2a4db7a114972834c8e4117be1d82ba3 - Path: Packages/com.unity.ugui/Runtime/UGUI/UI/Core/Scrollbar.cs - Importer: ScriptedImporter/UnityEditor.QuickSearchModule:UnityEditor.Search:ASIAI0B -> (ImportResultId: 'd2ec5485ea8d1aff52c315c12984065c') in 0.001264792 seconds
[Worker0] Imported GUID: c67ac6e40bbb6fe47a095b949b609ce0 - Path: Packages/com.unity.ugui/Runtime/UGUI/UI/Core/AnimationTriggers.cs - Importer: ScriptedImporter/UnityEditor.QuickSearchModule:UnityEditor.Search:ASIAI0B -> (ImportResultId: '5c8ff613e98b366f5e0033f6b27b1bc2') in 0.000934959 seconds
[Worker0] Imported GUID: bb05cab7d802aa5468f8f2f86840d984 - Path: Packages/com.unity.ugui/Tests/Runtime/TMP/Unity.TextMeshPro.Tests.asmdef - Importer: ScriptedImporter/UnityEditor.QuickSearchModule:UnityEditor.Search:ASIAI0B -> (ImportResultId: 'b0968858643f1f48eb6f05772ee75ed0') in 0.00155425 seconds
[Worker0] Imported GUID: 2d49b7c1bcd2e07499844da127be038d - Path: Packages/com.unity.ugui/Runtime/UGUI/EventSystem/InputModules/TouchInputModule.cs - Importer: ScriptedImporter/UnityEditor.QuickSearchModule:UnityEditor.Search:ASIAI0B -> (ImportResultId: 'edfe1ce699b2c633e61c32d0e3093d7f') in 0.001335542 seconds
[Worker0] Imported GUID: 5c221dffa89042038c946376c731c918 - Path: Packages/com.unity.ugui/Tests/Editor/TMP/TMP_ControlTests.cs - Importer: ScriptedImporter/UnityEditor.QuickSearchModule:UnityEditor.Search:ASIAI0B -> (ImportResultId: '312f3b2aa6f3b9cf4146d11cd1d5c754') in 0.0023905 seconds
[Worker0] Imported GUID: 393b15da08c88194dbbcacd6ee15a89c - Path: Packages/com.unity.ugui/Tests/Editor/UGUI/TestBehaviourBase.cs - Importer: ScriptedImporter/UnityEditor.QuickSearchModule:UnityEditor.Search:ASIAI0B -> (ImportResultId: '2f00fa0ab3add911b0d392a14529b7c4') in 0.001104916 seconds
[Worker0] Imported GUID: 4402dcee6e9969549bf5b33f11533208 - Path: Packages/com.unity.ugui/Tests/Editor/UGUI/RectMask2D/RectMask2DCulling.cs - Importer: ScriptedImporter/UnityEditor.QuickSearchModule:UnityEditor.Search:ASIAI0B -> (ImportResultId: '6be6c243eb9ab1aadf9779a285569a6a') in 0.001509875 seconds
[Worker0] Imported GUID: 69ae55f76840b2849ba56cfb53a17df0 - Path: Packages/com.unity.ugui/Runtime/UGUI/UI/Core/StencilMaterial.cs - Importer: ScriptedImporter/UnityEditor.QuickSearchModule:UnityEditor.Search:ASIAI0B -> (ImportResultId: 'abbd28abc73a26b7f67431e30767d1a0') in 0.001592917 seconds
[Worker0] Imported GUID: 9713795381722eb43b623dffba25d115 - Path: Packages/com.unity.ugui/Tests/Runtime/UGUI/Image/TestableImage.cs - Importer: ScriptedImporter/UnityEditor.QuickSearchModule:UnityEditor.Search:ASIAI0B -> (ImportResultId: '8603db5a723939d20b91eafd182bcf7c') in 0.001691458 seconds
[Worker0] Imported GUID: 9c21cfda3336137438c3001d40564be0 - Path: Packages/com.unity.ugui/Tests/Runtime/UGUI/Canvas/NoActiveCameraInSceneDoesNotCrashEditor.cs - Importer: ScriptedImporter/UnityEditor.QuickSearchModule:UnityEditor.Search:ASIAI0B -> (ImportResultId: '8665dab9ae44378cc8a6e2b10b668242') in 0.001603625 seconds
[Worker0] Imported GUID: 811d999912a5f3f459a637aad029fbc8 - Path: Packages/com.unity.ugui/Tests/Runtime/UGUI/Canvas/RectTransformValidAfterEnable.cs - Importer: ScriptedImporter/UnityEditor.QuickSearchModule:UnityEditor.Search:ASIAI0B -> (ImportResultId: 'e4a54017a34a329db491308445b46052') in 0.001155792 seconds
[Worker0] Imported GUID: d4dbe29df1b294c4f8f0a2fb529d19fd - Path: Packages/com.unity.ugui/Tests/Runtime/UGUI/Canvas/CanvasResizeCorrectlyForRenderTexture.cs - Importer: ScriptedImporter/UnityEditor.QuickSearchModule:UnityEditor.Search:ASIAI0B -> (ImportResultId: '6214feb796aa12d58f94fa270459d922') in 0.001098333 seconds
[Worker0] Imported GUID: 25b01819c6e1649428db2a9b274cf364 - Path: Packages/com.unity.ugui/Runtime/UGUI/UI/Core/SpriteState.cs - Importer: ScriptedImporter/UnityEditor.QuickSearchModule:UnityEditor.Search:ASIAI0B -> (ImportResultId: 'e93ae08a740b8897b30fb89f45d49f7b') in 0.001334167 seconds
[Worker0] Imported GUID: a0bae4ff8f5baf64aad3b92b8aea0603 - Path: Packages/com.unity.ugui/Tests/Runtime/UGUI/Graphic/ImageTests.cs - Importer: ScriptedImporter/UnityEditor.QuickSearchModule:UnityEditor.Search:ASIAI0B -> (ImportResultId: '61921dcd10097e2bfbc0220c4ab06ae3') in 0.00129475 seconds
[Worker0] Imported GUID: 35a0d10199de49f4db0128003bfd3bda - Path: Packages/com.unity.ugui/Tests/Editor/UGUI/Canvas/CanvasElementsMaintainValidPositionsWhenCameraOrthoSizeIsZero.cs - Importer: ScriptedImporter/UnityEditor.QuickSearchModule:UnityEditor.Search:ASIAI0B -> (ImportResultId: 'adf5863274f18a1fe2c96fbc86fd871a') in 0.001454 seconds
[Worker0] Imported GUID: b611b0a598aeada419afa9737807c598 - Path: Packages/com.unity.ugui/Tests/Runtime/UGUI/Graphic/MaskTests.cs - Importer: ScriptedImporter/UnityEditor.QuickSearchModule:UnityEditor.Search:ASIAI0B -> (ImportResultId: '8f734ff41e3cd33f36d5c4fbd307bc3f') in 0.00132575 seconds
[Worker0] Imported GUID: 39dcddcb5895328489c92214aa73e3bb - Path: Packages/com.unity.ugui/Tests/Runtime/UGUI/EventSystem/SelectableTests.cs - Importer: ScriptedImporter/UnityEditor.QuickSearchModule:UnityEditor.Search:ASIAI0B -> (ImportResultId: 'dd64572c3ee47d829a567f505007400a') in 0.001295958 seconds
[Worker0] Imported GUID: 1ef2923b9c5521948a04299da53ae750 - Path: Packages/com.unity.ugui/Tests/Runtime/UGUI/Button/ButtonTests.cs - Importer: ScriptedImporter/UnityEditor.QuickSearchModule:UnityEditor.Search:ASIAI0B -> (ImportResultId: '1462896c16ab87b812d6c41c985263d0') in 0.00153525 seconds
[Worker0] Imported GUID: 2aff4fada0516c64a8537a20bfe1b699 - Path: Packages/com.unity.ugui/Tests/Editor/UGUI/EventSystem/InterceptedEventsPreviewTests.cs - Importer: ScriptedImporter/UnityEditor.QuickSearchModule:UnityEditor.Search:ASIAI0B -> (ImportResultId: 'bf709dff804be001edf059c8763a0b7b') in 0.001391667 seconds
[Worker0] Imported GUID: fc8d686a4c18b8d49bb1db4150de0459 - Path: Packages/com.unity.ugui/Tests/Runtime/UGUI/Canvas/NestedCanvas.cs - Importer: ScriptedImporter/UnityEditor.QuickSearchModule:UnityEditor.Search:ASIAI0B -> (ImportResultId: '49e8a7b439f38eaa1f258324a07d34de') in 0.001166875 seconds
[Worker0] Imported GUID: c32df609537c54c46adf92992a673693 - Path: Packages/com.unity.ugui/Tests/Runtime/UGUI/Canvas/SiblingOrderChangesLayout.cs - Importer: ScriptedImporter/UnityEditor.QuickSearchModule:UnityEditor.Search:ASIAI0B -> (ImportResultId: '298aa3424a7de67a444a975470280d81') in 0.001110833 seconds
[Worker0] Imported GUID: a598580d0cfc7224ebed8d2b627d9e00 - Path: Packages/com.unity.ugui/Tests/Runtime/UGUI/Image/ImageTests.cs - Importer: ScriptedImporter/UnityEditor.QuickSearchModule:UnityEditor.Search:ASIAI0B -> (ImportResultId: '5d8eff87d08b08d6581c7c862d0d5323') in 0.001229667 seconds
[Worker0] Imported GUID: 6fb761a492f57d84586a8264df7b3cc0 - Path: Packages/com.unity.ugui/Tests/Runtime/UGUI/EventSystem/Physics2DRaycasterTests.cs - Importer: ScriptedImporter/UnityEditor.QuickSearchModule:UnityEditor.Search:ASIAI0B -> (ImportResultId: 'ead9dbe8e428d927457c8c3edbb01425') in 0.001569208 seconds
[Worker0] Imported GUID: 4f5ed95515938d14189b094f8654d0bd - Path: Packages/com.unity.ugui/Tests/Runtime/UGUI/Button/TestButton.cs - Importer: ScriptedImporter/UnityEditor.QuickSearchModule:UnityEditor.Search:ASIAI0B -> (ImportResultId: 'd363736baeb63fa502feab7bfa65f98d') in 0.001532333 seconds
[Worker0] Imported GUID: acfa3573efc38c844be021fdaa8cf8a6 - Path: Packages/com.unity.ugui/Tests/Runtime/UGUI/Graphic/RawImageTest.cs - Importer: ScriptedImporter/UnityEditor.QuickSearchModule:UnityEditor.Search:ASIAI0B -> (ImportResultId: 'a7f2a23ae59d8db6aff14dc269834478') in 0.002719541 seconds
[Worker0] Imported GUID: 8573c56c34e616248a3881b2c56280ef - Path: Packages/com.unity.ugui/Tests/Runtime/UGUI/Canvas/CoroutineWorksIfUIObjectIsAttached.cs - Importer: ScriptedImporter/UnityEditor.QuickSearchModule:UnityEditor.Search:ASIAI0B -> (ImportResultId: 'b9044c2781096c583142b996e7dfa7d7') in 0.00192425 seconds
[Worker0] Imported GUID: 1a70a790a43cd0d4a96f75746841f764 - Path: Packages/com.unity.ugui/Tests/Runtime/UGUI/Image/ImageFilledGenerateWork.cs - Importer: ScriptedImporter/UnityEditor.QuickSearchModule:UnityEditor.Search:ASIAI0B -> (ImportResultId: '87985d9dbf097c71fc814bb5e42a9749') in 0.00216075 seconds
[Worker0] Imported GUID: 3cbc4280d63720c448a3c6fee4b1ec88 - Path: Packages/com.unity.ugui/Tests/Editor/UGUI/Canvas/CanvasUseReflectionProbes.cs - Importer: ScriptedImporter/UnityEditor.QuickSearchModule:UnityEditor.Search:ASIAI0B -> (ImportResultId: '8c3f0ebb4ead4b0f8e73791964973245') in 0.001302834 seconds
[Worker0] Imported GUID: 2ba506934dc2ce14591a37f3b00dca92 - Path: Packages/com.unity.ugui/Tests/Runtime/UGUI/Canvas/RectMask2DReparentedToDifferentCanvas.cs - Importer: ScriptedImporter/UnityEditor.QuickSearchModule:UnityEditor.Search:ASIAI0B -> (ImportResultId: '738810504fbe8745301ff0cba7c8b0e6') in 0.001634875 seconds
[Worker0] Imported GUID: 5c004b1354944164fb076276c289afc1 - Path: Packages/com.unity.ugui/Tests/Runtime/UGUI/Graphic/ToggleTestImageHook.cs - Importer: ScriptedImporter/UnityEditor.QuickSearchModule:UnityEditor.Search:ASIAI0B -> (ImportResultId: '773fdb543b1324b7259d964657d43686') in 0.001542042 seconds
[Worker0] Imported GUID: 833143c443f979e44ae0b8ed899e3b59 - Path: Packages/com.unity.ugui/Tests/Runtime/UGUI/EventSystem/PhysicsRaycasterTests.cs - Importer: ScriptedImporter/UnityEditor.QuickSearchModule:UnityEditor.Search:ASIAI0B -> (ImportResultId: '4014d3215100a6ccddbbde0946d36dae') in 0.001374917 seconds
[Worker0] Imported GUID: 812aaaefaab404448a3e4db49dfa5206 - Path: Packages/com.unity.ugui/Tests/Editor/UGUI/Text/FontCreatedByScript.cs - Importer: ScriptedImporter/UnityEditor.QuickSearchModule:UnityEditor.Search:ASIAI0B -> (ImportResultId: '49ddf6a0163c4937bf942bf4916c427a') in 0.00102875 seconds
[Worker0] Imported GUID: aca0de4e74f6cdf41a449805f345a4f5 - Path: Packages/com.unity.ugui/Tests/Runtime/UGUI/Graphic/NavigationTests.cs - Importer: ScriptedImporter/UnityEditor.QuickSearchModule:UnityEditor.Search:ASIAI0B -> (ImportResultId: '6b898f17c2068f39adce55ba0b49feaf') in 0.00097425 seconds
[Worker0] Imported GUID: bede4033d9f359b41878c4cda6a910b3 - Path: Packages/com.unity.ugui/Tests/Editor/UGUI/Canvas/AssertionFailureOnOutputVertexCount.cs - Importer: ScriptedImporter/UnityEditor.QuickSearchModule:UnityEditor.Search:ASIAI0B -> (ImportResultId: '88551dcc298185d8945e8171cee521c5') in 0.00095475 seconds
[Worker0] Imported GUID: 5f7201a12d95ffc409449d95f23cf332 - Path: Packages/com.unity.ugui/Runtime/UGUI/UI/Core/Text.cs - Importer: ScriptedImporter/UnityEditor.QuickSearchModule:UnityEditor.Search:ASIAI0B -> (ImportResultId: 'd84dec8f04229eb3ae5dacb933273075') in 0.000810917 seconds
[Worker0] Imported GUID: 358a618bc6bd9354d81cc206fd2ed80e - Path: Packages/com.unity.ugui/Tests/Runtime/UGUI/Dropdown/DropdownTests.cs - Importer: ScriptedImporter/UnityEditor.QuickSearchModule:UnityEditor.Search:ASIAI0B -> (ImportResultId: '4ae175a1aad1b4498aa8aa8785d78d57') in 0.000918708 seconds
[Worker0] Imported GUID: a14a59f2a5c757e469c3e4e17b798c2e - Path: Packages/com.unity.ugui/Tests/Runtime/UGUI/Canvas/CanvasGroupInheritedAlpha.cs - Importer: ScriptedImporter/UnityEditor.QuickSearchModule:UnityEditor.Search:ASIAI0B -> (ImportResultId: '96ce9e23985e501a40a4d3bfa0e90127') in 0.001217875 seconds
[Worker0] Imported GUID: be07f70ee67e6d74e851a9333719bbb6 - Path: Packages/com.unity.ugui/Tests/Runtime/UGUI/Canvas/NestedCanvasMaintainsCorrectSize.cs - Importer: ScriptedImporter/UnityEditor.QuickSearchModule:UnityEditor.Search:ASIAI0B -> (ImportResultId: '3e5397b0d4f182a5d3e7103765fef0b3') in 0.001353792 seconds
[Worker0] Imported GUID: db339ef553721e94999125c0b9f909dc - Path: Packages/com.unity.ugui/Tests/Runtime/UGUI/Canvas/CreateSceneUtility.cs - Importer: ScriptedImporter/UnityEditor.QuickSearchModule:UnityEditor.Search:ASIAI0B -> (ImportResultId: '0796e0d4c1fe33174ac52c292139e967') in 0.00122025 seconds
[Worker0] Imported GUID: df1ba932d4ce4534e97a0f10c85cd3c9 - Path: Packages/com.unity.ugui/Tests/Runtime/UGUI/Canvas/CanvasSizeCorrectInAwakeAndStartScript.cs - Importer: ScriptedImporter/UnityEditor.QuickSearchModule:UnityEditor.Search:ASIAI0B -> (ImportResultId: '3c53486550e50c172e712593966f5c17') in 0.00105125 seconds
[Worker0] Imported GUID: 9085046f02f69544eb97fd06b6048fe2 - Path: Packages/com.unity.ugui/Runtime/UGUI/UI/Core/Toggle.cs - Importer: ScriptedImporter/UnityEditor.QuickSearchModule:UnityEditor.Search:ASIAI0B -> (ImportResultId: '56c224ad8e63e08cb37099dd718785aa') in 0.001024584 seconds
[Worker0] Imported GUID: 735d54f21944f834f931716514c87a84 - Path: Packages/com.unity.ugui/Tests/Runtime/UGUI/Canvas/RectMask2DWithNestedCanvasCullsUsingCorrectCanvasRect.cs - Importer: ScriptedImporter/UnityEditor.QuickSearchModule:UnityEditor.Search:ASIAI0B -> (ImportResultId: 'bb953b242e2ae4daa7b7588aa473ffd9') in 0.001322333 seconds
[Worker0] Imported GUID: 08a8587e5f07fb64f88a0cbe2ebe327e - Path: Packages/com.unity.ugui/Tests/Runtime/UGUI/Canvas/RectangleContainsScreenPointTest.cs - Importer: ScriptedImporter/UnityEditor.QuickSearchModule:UnityEditor.Search:ASIAI0B -> (ImportResultId: '5c372fbedb78194e3fedacd69ce6ffca') in 0.00140825 seconds
[Worker0] Imported GUID: c825bad77a42dd341a8f0a5ef9cd5f4c - Path: Packages/com.unity.ugui/Tests/Editor/UGUI/CanvasRenderer/ChangingHierarchyOfCanvasRenderer.cs - Importer: ScriptedImporter/UnityEditor.QuickSearchModule:UnityEditor.Search:ASIAI0B -> (ImportResultId: 'b9d3650013c6165f2f00abb89067aa6b') in 0.001201291 seconds
[Worker0] Imported GUID: 798968d841703b54bb9d08b1da6bc52f - Path: Packages/com.unity.ugui/Tests/Editor/UGUI/Canvas/RootCanvasTests.cs - Importer: ScriptedImporter/UnityEditor.QuickSearchModule:UnityEditor.Search:ASIAI0B -> (ImportResultId: 'ca5d73969a13dad03f542944260afbe4') in 0.000884125 seconds
[Worker0] Imported GUID: 9390296e78291b543b2f4a9761ef8139 - Path: Packages/com.unity.ugui/Tests/Runtime/UGUI/Canvas/CheckMeshColorsAndColors32Match.cs - Importer: ScriptedImporter/UnityEditor.QuickSearchModule:UnityEditor.Search:ASIAI0B -> (ImportResultId: '60f5b9be3c9f0d0f9f64db6c0c6654a4') in 0.0007955 seconds
[Worker0] Imported GUID: 53ee1d135588bf447a7af7ba2e8709d7 - Path: Packages/com.unity.ugui/Tests/Runtime/UGUI/EventSystem/GraphicRaycasterButtonTests.cs - Importer: ScriptedImporter/UnityEditor.QuickSearchModule:UnityEditor.Search:ASIAI0B -> (ImportResultId: 'c8905fbce9e70bafe31d8ba0d5357115') in 0.000945167 seconds
[Worker0] Imported GUID: e4e290d31ab7fb54880746bb8f818e0d - Path: Packages/com.unity.ugui/Tests/Runtime/UGUI/EventSystem/InputModuleTests.cs - Importer: ScriptedImporter/UnityEditor.QuickSearchModule:UnityEditor.Search:ASIAI0B -> (ImportResultId: '198e7313b59d1daed700f823e3751e1a') in 0.000975583 seconds
[Worker0] Imported GUID: 4585b5feb801bdb44b0e5eafdd95a3be - Path: Packages/com.unity.ugui/Tests/Editor/UGUI/Canvas/CanvasWidthAssertionErrorWithRectTransform.cs - Importer: ScriptedImporter/UnityEditor.QuickSearchModule:UnityEditor.Search:ASIAI0B -> (ImportResultId: '13819f4e1a614ab254cf874ee6975f4f') in 0.00189725 seconds
[Worker0] Imported GUID: e6323ebef616fee4486ee155cd56d191 - Path: Packages/com.unity.ugui/Tests/Runtime/UGUI/EventSystem/GraphicRaycasterTests.cs - Importer: ScriptedImporter/UnityEditor.QuickSearchModule:UnityEditor.Search:ASIAI0B -> (ImportResultId: 'd64172f6606a66856dd2e666636839e9') in 0.001259375 seconds
[Worker0] Imported GUID: 03fb1af6e1585964a8d5c2437a191324 - Path: Packages/com.unity.ugui/Tests/Editor/UGUI/EventSystem/InputModuleTests.cs - Importer: ScriptedImporter/UnityEditor.QuickSearchModule:UnityEditor.Search:ASIAI0B -> (ImportResultId: '7bdeda332e7b64b243d22f5db49797a9') in 0.001250833 seconds
[Worker0] Imported GUID: 3d42c4854f9093e409cd90c00ef26de0 - Path: Packages/com.unity.ugui/Tests/Runtime/UGUI/EventSystem/GraphicRaycasterWorldSpaceCanvasTests.cs - Importer: ScriptedImporter/UnityEditor.QuickSearchModule:UnityEditor.Search:ASIAI0B -> (ImportResultId: '706ead47ac6659d1e200b033e11308f4') in 0.001330791 seconds
[Worker0] Imported GUID: 13d161b14bb3ab74e8a9634e26fb7a5e - Path: Packages/com.unity.ugui/Tests/Runtime/UGUI/Canvas/CanvasScalerWithChildTextObjectDoesNotCrash.cs - Importer: ScriptedImporter/UnityEditor.QuickSearchModule:UnityEditor.Search:ASIAI0B -> (ImportResultId: 'e5cb3500a60286c471caaa13ac0cf654') in 0.001307458 seconds
[Worker0] Imported GUID: 4b8be68229770db4ea3c78ab0d854325 - Path: Packages/com.unity.ugui/Tests/Editor/UGUI/InputField/CharacterLimitValidation.cs - Importer: ScriptedImporter/UnityEditor.QuickSearchModule:UnityEditor.Search:ASIAI0B -> (ImportResultId: '694fb51ffd4e6ad3b3ca77ca4571e139') in 0.000906791 seconds
[Worker0] Imported GUID: 0ca81982e37e893498abf804c12a22c7 - Path: Packages/com.unity.ugui/Tests/Editor/UGUI/Canvas/UISystemProfilerAddMarkerWithNullObjectDoesNotCrash.cs - Importer: ScriptedImporter/UnityEditor.QuickSearchModule:UnityEditor.Search:ASIAI0B -> (ImportResultId: '62b30daf98a42f0c3582f20ff0aef39c') in 0.001153125 seconds
[Worker0] Imported GUID: 5a2e98b03511c6f43bc645238cd40857 - Path: Packages/com.unity.ugui/Tests/Editor/UGUI/InputField/ContentValidation.cs - Importer: ScriptedImporter/UnityEditor.QuickSearchModule:UnityEditor.Search:ASIAI0B -> (ImportResultId: 'd373858c18c1d875e745fdebca021f19') in 0.001246959 seconds
[Worker0] Imported GUID: 40c83ba6a1a64cb4baac27028dd1acc1 - Path: Packages/com.unity.ugui/Tests/Runtime/UGUI/Graphic/RawImageTestHook.cs - Importer: ScriptedImporter/UnityEditor.QuickSearchModule:UnityEditor.Search:ASIAI0B -> (ImportResultId: '994b45c41bbff16b660005fc7b220f41') in 0.001131708 seconds
[Worker0] Imported GUID: 373b4c78c0396334288fa5ff8e7b7350 - Path: Packages/com.unity.ugui/Tests/Editor/UGUI/Slider/SliderRectReferences.cs - Importer: ScriptedImporter/UnityEditor.QuickSearchModule:UnityEditor.Search:ASIAI0B -> (ImportResultId: 'ba5cc3f5eea8481109fef045f387a034') in 0.001165625 seconds
[Worker0] Imported GUID: 4adb1f65bbae8004a88d8f5bc3523298 - Path: Packages/com.unity.ugui/Tests/Editor/UGUI/EventSystem/EventTriggerRemoveDuringExecution.cs - Importer: ScriptedImporter/UnityEditor.QuickSearchModule:UnityEditor.Search:ASIAI0B -> (ImportResultId: 'f5fdcdb8798f556b49bab537741702e6') in 0.000986041 seconds
[Worker0] Imported GUID: fb660d86885d89a499a31c6ab6f26269 - Path: Packages/com.unity.ugui/Tests/Editor/UGUI/RectMask2D/RectTransformPosition.cs - Importer: ScriptedImporter/UnityEditor.QuickSearchModule:UnityEditor.Search:ASIAI0B -> (ImportResultId: 'eb6471eb268ad52445bb4e77bb0969f9') in 0.001036625 seconds
[Worker0] Imported GUID: b180d0cec21671c45a32a9ce99bff2f5 - Path: Packages/com.unity.ugui/Tests/Editor/UGUI/Dropdown/DropdownOptionsListDrawer.cs - Importer: ScriptedImporter/UnityEditor.QuickSearchModule:UnityEditor.Search:ASIAI0B -> (ImportResultId: '4f4759e3b8da8913ca751d52f6c777a8') in 0.000949042 seconds
[Worker0] Imported GUID: 977190a4db46de442aed27279d247df4 - Path: Packages/com.unity.ugui/Tests/Editor/UGUI/UnityEvent/UnityEventInvoke.cs - Importer: ScriptedImporter/UnityEditor.QuickSearchModule:UnityEditor.Search:ASIAI0B -> (ImportResultId: '2d92714b53689ab9e0fd48ed3bef7e3d') in 0.000846209 seconds
[Worker0] Imported GUID: ec35c13a8280a8d4e817bc4afd8a95de - Path: Packages/com.unity.ugui/Tests/Runtime/UGUI/Canvas/CanvasSizeCorrectInAwakeAndStart.cs - Importer: ScriptedImporter/UnityEditor.QuickSearchModule:UnityEditor.Search:ASIAI0B -> (ImportResultId: '88150335c83d9628ab5be6cbfece8934') in 0.000868917 seconds
[Worker0] Imported GUID: 6fac6d65d2fb7472d94e95ddb8b8798c - Path: Packages/com.unity.ugui/Tests/Runtime/UGUI/CanvasRenderer/CanvasRendererTests.cs - Importer: ScriptedImporter/UnityEditor.QuickSearchModule:UnityEditor.Search:ASIAI0B -> (ImportResultId: '6b1689439e9b807a9c20b92af201d0a9') in 0.001088083 seconds
[Worker0] Imported GUID: 0ca2545d76d1fb34fa45a9f1e432d259 - Path: Packages/com.unity.ugui/Tests/Runtime/UGUI/EventSystem/RaycastSortingTests.cs - Importer: ScriptedImporter/UnityEditor.QuickSearchModule:UnityEditor.Search:ASIAI0B -> (ImportResultId: '6b1b0396d1d18ccfae92bedf774945c9') in 0.001209375 seconds
[Worker0] Imported GUID: dcb49b07db5e5f64e876b498105314f1 - Path: Packages/com.unity.ugui/Tests/Editor/UGUI/CanvasRenderer/ParentCanvasIsSane.cs - Importer: ScriptedImporter/UnityEditor.QuickSearchModule:UnityEditor.Search:ASIAI0B -> (ImportResultId: '5d2863af7d196d25a7c4e028b43b67b0') in 0.001361875 seconds
[Worker0] Imported GUID: e1b0ab339722791498cc804831a17ad3 - Path: Packages/com.unity.ugui/Tests/Runtime/UGUI/InputField/DesktopInputFieldTests.cs - Importer: ScriptedImporter/UnityEditor.QuickSearchModule:UnityEditor.Search:ASIAI0B -> (ImportResultId: 'e5a650bc17a07562440832d38c87c111') in 0.001309042 seconds
[Worker0] Imported GUID: e88a766c2b8b47841936c136f4afbba9 - Path: Packages/com.unity.ugui/Tests/Runtime/UGUI/Graphic/GraphicTests.cs - Importer: ScriptedImporter/UnityEditor.QuickSearchModule:UnityEditor.Search:ASIAI0B -> (ImportResultId: 'ce7fd300ebc6137c2a4bccb8cf094796') in 0.000967041 seconds
[Worker0] Imported GUID: 2fafe2cfe61f6974895a912c3755e8f1 - Path: Packages/com.unity.ugui/Runtime/UGUI/UI/Core/ToggleGroup.cs - Importer: ScriptedImporter/UnityEditor.QuickSearchModule:UnityEditor.Search:ASIAI0B -> (ImportResultId: '2f7af0e5fe2e4d49075f72578e30975c') in 0.001370375 seconds
[Worker0] Imported GUID: 1a26e19d51cbfac42a02631ad1f9e39e - Path: Packages/com.unity.ugui/Tests/Runtime/UGUI/Canvas/BridgeScriptForRetainingObjects.cs - Importer: ScriptedImporter/UnityEditor.QuickSearchModule:UnityEditor.Search:ASIAI0B -> (ImportResultId: 'b47f79df34602426879495e6cf10e0e5') in 0.002435792 seconds
[Worker0] Imported GUID: 3245ec927659c4140ac4f8d17403cc18 - Path: Packages/com.unity.ugui/Runtime/UGUI/UI/Core/Layout/ContentSizeFitter.cs - Importer: ScriptedImporter/UnityEditor.QuickSearchModule:UnityEditor.Search:ASIAI0B -> (ImportResultId: '7d25c468fcc4fafd0da1d84db98b6eb2') in 0.001527208 seconds
[Worker0] Imported GUID: 67e3583b91179094094c6a188b232262 - Path: Packages/com.unity.ugui/Runtime/UGUI/UI/Core/Culling/Clipping.cs - Importer: ScriptedImporter/UnityEditor.QuickSearchModule:UnityEditor.Search:ASIAI0B -> (ImportResultId: 'c90785ce1cb83ab0b9609ea65a5595b0') in 0.001409709 seconds
[Worker0] Imported GUID: a5c214e5846a99242b348c37e49b2f59 - Path: Packages/com.unity.ugui/Runtime/UGUI/UI/Core/Layout/HorizontalOrVerticalLayoutGroup.cs - Importer: ScriptedImporter/UnityEditor.QuickSearchModule:UnityEditor.Search:ASIAI0B -> (ImportResultId: '6ce90c112dccb5b927880065498ca758') in 0.001286042 seconds
[Worker0] Imported GUID: 368d3a0498e78014da578aa5f45e2797 - Path: Packages/com.unity.ugui/Runtime/UGUI/UI/Core/Layout/ILayoutElement.cs - Importer: ScriptedImporter/UnityEditor.QuickSearchModule:UnityEditor.Search:ASIAI0B -> (ImportResultId: '127ff49dd605d604bed2947aba5c4833') in 0.00127975 seconds
[Worker0] Imported GUID: bdd96340ebb649f781c3ff803211c992 - Path: Packages/com.unity.ugui/Tests/Runtime/UGUI/RawImage/TestRawImage.cs - Importer: ScriptedImporter/UnityEditor.QuickSearchModule:UnityEditor.Search:ASIAI0B -> (ImportResultId: '53cb5e48c7b824084d285f73bb1ad3ad') in 0.001264583 seconds
[Worker0] Imported GUID: e19747de3f5aca642ab2be37e372fb86 - Path: Packages/com.unity.ugui/Runtime/UGUI/UI/Core/VertexModifiers/Outline.cs - Importer: ScriptedImporter/UnityEditor.QuickSearchModule:UnityEditor.Search:ASIAI0B -> (ImportResultId: '0de06388611d4a93c0e1f655ed797549') in 0.000961458 seconds
[Worker0] Imported GUID: 020ee4c1798a3d243a4b8cbfee6cac2d - Path: Packages/com.unity.ugui/Runtime/UGUI/UI/Core/VertexModifiers/PositionAsUV1.cs - Importer: ScriptedImporter/UnityEditor.QuickSearchModule:UnityEditor.Search:ASIAI0B -> (ImportResultId: 'c3791fbe2588fb6f8dd49bc0957c09af') in 0.001112208 seconds
[Worker0] Imported GUID: 309b0604924786544a3786ec4073c5a1 - Path: Packages/com.unity.ugui/Tests/Runtime/UGUI/Layout/ContentSizeFitterTests.cs - Importer: ScriptedImporter/UnityEditor.QuickSearchModule:UnityEditor.Search:ASIAI0B -> (ImportResultId: 'b1b32bce62eefe6ae012894b0fe71fc2') in 0.0010475 seconds
[Worker0] Imported GUID: 14427eecd0bccea468addc3492aaef57 - Path: Packages/com.unity.ugui/Tests/Runtime/UGUI/Toggle/ToggleTests.cs - Importer: ScriptedImporter/UnityEditor.QuickSearchModule:UnityEditor.Search:ASIAI0B -> (ImportResultId: '103e83bd7f9fbef565c65833afa34d05') in 0.000961333 seconds
[Worker0] Imported GUID: 59f8146938fff824cb5fd77236b75775 - Path: Packages/com.unity.ugui/Runtime/UGUI/UI/Core/Layout/VerticalLayoutGroup.cs - Importer: ScriptedImporter/UnityEditor.QuickSearchModule:UnityEditor.Search:ASIAI0B -> (ImportResultId: 'c6ca6de6ac584aab01d2d581d45c13bd') in 0.000949333 seconds
[Worker0] Imported GUID: 8a8695521f0d02e499659fee002a26c2 - Path: Packages/com.unity.ugui/Runtime/UGUI/UI/Core/Layout/GridLayoutGroup.cs - Importer: ScriptedImporter/UnityEditor.QuickSearchModule:UnityEditor.Search:ASIAI0B -> (ImportResultId: 'd835a42d0323c59f64f0d0a8d4e48978') in 0.002265042 seconds
[Worker0] Imported GUID: 30f2a9fda7b63b041a70443bae3e7c01 - Path: Packages/com.unity.ugui/Tests/Runtime/UGUI/Layout/LayoutGroupTests.cs - Importer: ScriptedImporter/UnityEditor.QuickSearchModule:UnityEditor.Search:ASIAI0B -> (ImportResultId: 'eb51c7f75de01ab58db04837eab44961') in 0.001522416 seconds
[Worker0] Imported GUID: e0e4f43a3816add4c86c9671d7961f2f - Path: Packages/com.unity.ugui/Tests/Runtime/UGUI/Toggle/TestableToggleGroup.cs - Importer: ScriptedImporter/UnityEditor.QuickSearchModule:UnityEditor.Search:ASIAI0B -> (ImportResultId: 'df2f1750db2d49e4785819239da28df9') in 0.001599333 seconds
[Worker0] Imported GUID: 7883cd788d83a71478342eef943e8150 - Path: Packages/com.unity.ugui/Tests/Runtime/UGUI/ScrollRect/ScrollRectStableLayout.cs - Importer: ScriptedImporter/UnityEditor.QuickSearchModule:UnityEditor.Search:ASIAI0B -> (ImportResultId: 'fb4b62a4e6e408e4c2a7b6837458e751') in 0.001462 seconds
[Worker0] Imported GUID: 433d3b96b2a40a5479d3d7d8495882ed - Path: Packages/com.unity.ugui/Tests/Editor/UGUI/UI/PropertyDrawers/PropertyDrawerTests.cs - Importer: ScriptedImporter/UnityEditor.QuickSearchModule:UnityEditor.Search:ASIAI0B -> (ImportResultId: 'ea29a15d6e82a3641557202608d8717a') in 0.001198875 seconds
[Worker0] Imported GUID: d548f82e7e9c0ed49ae5b4a5eecfb2f7 - Path: Packages/com.unity.ugui/Tests/Runtime/UGUI/Util/UIBehaviourExtensions.cs - Importer: ScriptedImporter/UnityEditor.QuickSearchModule:UnityEditor.Search:ASIAI0B -> (ImportResultId: 'cdf7a4720905a375d10055893ddc9eca') in 0.001440875 seconds
[Worker0] Imported GUID: cb7c939a806f03341b682c180dc13f08 - Path: Packages/com.unity.ugui/Runtime/UGUI/UI/Core/Layout/LayoutGroup.cs - Importer: ScriptedImporter/UnityEditor.QuickSearchModule:UnityEditor.Search:ASIAI0B -> (ImportResultId: '8eea59554dd94d93a410ae73a7ba3a73') in 0.001398875 seconds
[Worker0] Imported GUID: fcae021c30eccf74790a4e816ba97c19 - Path: Packages/com.unity.ugui/Runtime/UGUI/UI/Core/Utility/ReflectionMethodsCache.cs - Importer: ScriptedImporter/UnityEditor.QuickSearchModule:UnityEditor.Search:ASIAI0B -> (ImportResultId: 'd9f6e3c9fc80041a088500a6ec1803eb') in 0.001293083 seconds
[Worker0] Imported GUID: 621a76c0c3927aa45aba7d2ad0c8e1c8 - Path: Packages/com.unity.ugui/Tests/Runtime/UGUI/Util/GraphicTestHelper.cs - Importer: ScriptedImporter/UnityEditor.QuickSearchModule:UnityEditor.Search:ASIAI0B -> (ImportResultId: '701c1b3fff3312153a8cb877bbfea2c1') in 0.00156025 seconds
[Worker0] Imported GUID: 138dbec4f8742654fbceb0a19d68b9c5 - Path: Packages/com.unity.ugui/Tests/Runtime/UGUI/EventSystem/InputModuleTests/FakeBaseInput.cs - Importer: ScriptedImporter/UnityEditor.QuickSearchModule:UnityEditor.Search:ASIAI0B -> (ImportResultId: 'ab15a9d3c7d3401d7bf8276bc3a8fc4b') in 0.0014735 seconds
[Worker0] Imported GUID: 8e3e781d26ad4aeca78526b3464f26d7 - Path: Packages/com.unity.ugui/Tests/Runtime/UGUI/RawImage/RawImageTests.cs - Importer: ScriptedImporter/UnityEditor.QuickSearchModule:UnityEditor.Search:ASIAI0B -> (ImportResultId: '2bedd62f11194dc4258924fc8ac49b72') in 0.001885958 seconds
[Worker0] Imported GUID: 513613320b52fdb40a26dd5b73d89afe - Path: Packages/com.unity.ugui/Tests/Runtime/UGUI/InputField/GenericInputFieldTests.cs - Importer: ScriptedImporter/UnityEditor.QuickSearchModule:UnityEditor.Search:ASIAI0B -> (ImportResultId: '5f967f2160aab74d4180d2def64a2fb7') in 0.002806 seconds
[Worker0] Imported GUID: 30649d3a9faa99c48a7b1166b86bf2a0 - Path: Packages/com.unity.ugui/Runtime/UGUI/UI/Core/Layout/HorizontalLayoutGroup.cs - Importer: ScriptedImporter/UnityEditor.QuickSearchModule:UnityEditor.Search:ASIAI0B -> (ImportResultId: '8fb5f92cbd153d92aea6eceec5d7f952') in 0.001528417 seconds
[Worker0] Imported GUID: e9cac674d67385249b2805670e618c24 - Path: Packages/com.unity.ugui/Tests/Runtime/UGUI/ScrollRect/ScrollRectScale.cs - Importer: ScriptedImporter/UnityEditor.QuickSearchModule:UnityEditor.Search:ASIAI0B -> (ImportResultId: 'dc8418bbf42d9ec2d7cf575f5f6e86ac') in 0.001457791 seconds
[Worker0] Imported GUID: 76c82729ad712f14bae1a8a279c52ac3 - Path: Packages/com.unity.ugui/Tests/Runtime/UGUI/EventSystem/InputModuleTests/DragCallbackCheck.cs - Importer: ScriptedImporter/UnityEditor.QuickSearchModule:UnityEditor.Search:ASIAI0B -> (ImportResultId: 'f82008f9f9426aac1937c4dd63a96bcd') in 0.001443125 seconds
[Worker0] Imported GUID: 0573713975c6b8246b7544ed524ef1dc - Path: Packages/com.unity.ugui/Tests/Runtime/UGUI/EventSystem/InputModuleTests/PointerClickCallbackCheck.cs - Importer: ScriptedImporter/UnityEditor.QuickSearchModule:UnityEditor.Search:ASIAI0B -> (ImportResultId: '58505518add76f627e08789106dbdd36') in 0.001617334 seconds
[Worker0] Imported GUID: be1b04bc4d8a415469493848e6501020 - Path: Packages/com.unity.ugui/Tests/Runtime/UGUI/Layout/AspectRatioFitterTests.cs - Importer: ScriptedImporter/UnityEditor.QuickSearchModule:UnityEditor.Search:ASIAI0B -> (ImportResultId: '329f741bca3bf5fa8bf5d23042bab08d') in 0.00129775 seconds
[Worker0] Imported GUID: 5af3322745e78aa488fca5a2090f8755 - Path: Packages/com.unity.ugui/Tests/Runtime/UGUI/Layout/HorizonalLayoutGroupTests.cs - Importer: ScriptedImporter/UnityEditor.QuickSearchModule:UnityEditor.Search:ASIAI0B -> (ImportResultId: 'eaa9b861d7dd026384459a774c350b39') in 0.001231208 seconds
[Worker0] Imported GUID: e89ff5e7c669f70409de18c9948164d4 - Path: Packages/com.unity.ugui/Tests/Runtime/UGUI/InputField/TouchInputFieldTests.cs - Importer: ScriptedImporter/UnityEditor.QuickSearchModule:UnityEditor.Search:ASIAI0B -> (ImportResultId: '77471484c5864cafdc490027389c3b2c') in 0.001339542 seconds
[Worker0] Imported GUID: 589533fb2413e3e4fba7df13a6a75bf2 - Path: Packages/com.unity.ugui/Tests/Runtime/UGUI/Layout/LayoutGroupScaling.cs - Importer: ScriptedImporter/UnityEditor.QuickSearchModule:UnityEditor.Search:ASIAI0B -> (ImportResultId: '5b53c8f51b4d6636225e013fd3ae57f9') in 0.001183709 seconds
[Worker0] Imported GUID: 0b2706df6fdff50448f84a3f6629b40f - Path: Packages/com.unity.ugui/Tests/Runtime/UGUI/Util/ExceptionUtils.cs - Importer: ScriptedImporter/UnityEditor.QuickSearchModule:UnityEditor.Search:ASIAI0B -> (ImportResultId: 'c01c7849b132b523070694a79218c129') in 0.001262458 seconds
[Licensing::Client] Successfully resolved entitlement details
[Worker0] Imported GUID: 50081206855385544a5ddd0e3b6ba9be - Path: Packages/com.unity.ugui/Tests/Runtime/UGUI/Toggle/ToggleGroupTests.cs - Importer: ScriptedImporter/UnityEditor.QuickSearchModule:UnityEditor.Search:ASIAI0B -> (ImportResultId: '2b1a3154d03d45498d58d0b1494fa18e') in 0.001231417 seconds
[Worker0] Imported GUID: 8a4b6301a5afaec4cb87d21383ceb0b3 - Path: Packages/com.unity.ugui/Tests/Runtime/UGUI/Layout/VerticalLayoutGroupTests.cs - Importer: ScriptedImporter/UnityEditor.QuickSearchModule:UnityEditor.Search:ASIAI0B -> (ImportResultId: 'cee37251106d6fd01b3a3d2b5bb72db2') in 0.00273325 seconds
[Worker0] Imported GUID: a021b6d2ca2e9404b8a4d94343ecd068 - Path: Packages/com.unity.ugui/Tests/Runtime/UGUI/NestedLayout/SceneWithNestedLayoutElementsLoadScript.cs - Importer: ScriptedImporter/UnityEditor.QuickSearchModule:UnityEditor.Search:ASIAI0B -> (ImportResultId: '78cdb5fcc2d660ea59cb0391e8ee8076') in 0.001456958 seconds
[Worker0] Imported GUID: fc34cd6ea308f3940a729e1a44cd0e82 - Path: Packages/com.unity.ugui/Tests/Runtime/UGUI/Slider/SliderTests.cs - Importer: ScriptedImporter/UnityEditor.QuickSearchModule:UnityEditor.Search:ASIAI0B -> (ImportResultId: '4ae0fbfb5c4f59a4e1d09638e39a846d') in 0.001379 seconds
[Worker0] Imported GUID: 306cc8c2b49d7114eaa3623786fc2126 - Path: Packages/com.unity.ugui/Runtime/UGUI/UI/Core/Layout/LayoutElement.cs - Importer: ScriptedImporter/UnityEditor.QuickSearchModule:UnityEditor.Search:ASIAI0B -> (ImportResultId: 'c7df09a0dc0b5b0f39757f5a3ec72418') in 0.001446667 seconds
[Worker0] Imported GUID: 20ff4283f687e044087714f82c4d6d3f - Path: Packages/com.unity.ugui/Runtime/UGUI/UI/Core/MaterialModifiers/IMaterialModifier.cs - Importer: ScriptedImporter/UnityEditor.QuickSearchModule:UnityEditor.Search:ASIAI0B -> (ImportResultId: '792d47029dba372c0013347e18d02552') in 0.001482417 seconds
[Worker0] Imported GUID: 5da88f348abcbd94585671a69c672781 - Path: Packages/com.unity.ugui/Tests/Runtime/UGUI/Util/ImageHook.cs - Importer: ScriptedImporter/UnityEditor.QuickSearchModule:UnityEditor.Search:ASIAI0B -> (ImportResultId: '4c2b0918dd2213dfffeb90ea84b03e79') in 0.00153975 seconds
[Worker0] Imported GUID: 24c3e990929f942f9a53e298ba7caddf - Path: Packages/com.unity.ugui/Tests/Runtime/UGUI/RaycastReceiver/RaycastReceiverTests.cs - Importer: ScriptedImporter/UnityEditor.QuickSearchModule:UnityEditor.Search:ASIAI0B -> (ImportResultId: '94825254ab99dd92271c9b1563bfc16c') in 0.001527916 seconds
[Worker0] Imported GUID: 00f9a68859b850648902e0c98c25b590 - Path: Packages/com.unity.ugui/Tests/Runtime/UGUI/ScrollBar/ScrollBarTests.cs - Importer: ScriptedImporter/UnityEditor.QuickSearchModule:UnityEditor.Search:ASIAI0B -> (ImportResultId: 'd288442553886db0942ed046a498b172') in 0.001411333 seconds
[Worker0] Imported GUID: c606041f02fc7d542b1429806872292b - Path: Packages/com.unity.ugui/Runtime/UGUI/UI/Core/Culling/RectangularVertexClipper.cs - Importer: ScriptedImporter/UnityEditor.QuickSearchModule:UnityEditor.Search:ASIAI0B -> (ImportResultId: '39ba94b6863f2a0f2a6201df71bc042c') in 0.001431417 seconds
[Worker0] Imported GUID: 86710e43de46f6f4bac7c8e50813a599 - Path: Packages/com.unity.ugui/Runtime/UGUI/UI/Core/Layout/AspectRatioFitter.cs - Importer: ScriptedImporter/UnityEditor.QuickSearchModule:UnityEditor.Search:ASIAI0B -> (ImportResultId: '5627c0dd969681b9751d2ffba8786749') in 0.0013105 seconds
[Worker0] Imported GUID: 529fde071171dfd4e99d45ca81a3ac7b - Path: Packages/com.unity.ugui/Tests/Runtime/UGUI/MaskClipping/RectMask2DClipping.cs - Importer: ScriptedImporter/UnityEditor.QuickSearchModule:UnityEditor.Search:ASIAI0B -> (ImportResultId: '4796ef7e4b605ab49938aa08eed710d0') in 0.001456667 seconds
[Worker0] Imported GUID: 371b6b9c8adc50745ace66a6fdf67481 - Path: Packages/com.unity.ugui/Runtime/UGUI/UI/Core/Culling/IClipRegion.cs - Importer: ScriptedImporter/UnityEditor.QuickSearchModule:UnityEditor.Search:ASIAI0B -> (ImportResultId: 'b3eb549d73298ec14cf33833573466fb') in 0.002457875 seconds
[Worker0] Imported GUID: a8604e8f13b3be84b8bc0c1507d8f3f6 - Path: Packages/com.unity.ugui/Runtime/UGUI/UI/Core/SpecializedCollections/IndexedSet.cs - Importer: ScriptedImporter/UnityEditor.QuickSearchModule:UnityEditor.Search:ASIAI0B -> (ImportResultId: '9247a8872ef06a64f3223855579f51f1') in 0.00199975 seconds
[Worker0] Imported GUID: e9a32780b69dcdb438da3e3f43202f54 - Path: Packages/com.unity.ugui/Tests/Runtime/UGUI/LayoutGroup/LayoutGroupArrangement.cs - Importer: ScriptedImporter/UnityEditor.QuickSearchModule:UnityEditor.Search:ASIAI0B -> (ImportResultId: '35565cc14be1d5761412cb05ae78f661') in 0.001593542 seconds
[Worker0] Imported GUID: d56dbb97f857c8040beef6dd1bfc97df - Path: Packages/com.unity.ugui/Tests/Runtime/UGUI/ScrollRect/ScrollRectClamp.cs - Importer: ScriptedImporter/UnityEditor.QuickSearchModule:UnityEditor.Search:ASIAI0B -> (ImportResultId: '369f2efb1250746fb1cd6da3a8cbcf6a') in 0.0014435 seconds
[Worker0] Imported GUID: c459424081436584c8cec10767f9ac38 - Path: Packages/com.unity.ugui/Runtime/UGUI/UI/Core/Utility/VertexHelper.cs - Importer: ScriptedImporter/UnityEditor.QuickSearchModule:UnityEditor.Search:ASIAI0B -> (ImportResultId: 'f66dafb765d800230f871c9cc1082dc9') in 0.00146575 seconds
[Worker0] Imported GUID: 85f3c3a3c2623cd4da1661b0479e2ef2 - Path: Packages/com.unity.ugui/Runtime/UGUI/UI/Core/VertexModifiers/IMeshModifier.cs - Importer: ScriptedImporter/UnityEditor.QuickSearchModule:UnityEditor.Search:ASIAI0B -> (ImportResultId: '0b4ad0edb84ae0b3f61dcd4186a7cacc') in 0.001392583 seconds
[Licensing::Client] Successfully resolved entitlement details
[Worker0] Imported GUID: ea944378afa086f438b3352ad7b0e835 - Path: Packages/com.unity.ugui/Tests/Runtime/UGUI/Util/PrivateFieldSetter.cs - Importer: ScriptedImporter/UnityEditor.QuickSearchModule:UnityEditor.Search:ASIAI0B -> (ImportResultId: 'bb485f4afc691373e664ff0ffb604b1f') in 0.001126125 seconds
[Worker0] Imported GUID: b9eb962217e00bf4fbc734e109991fca - Path: Packages/com.unity.ugui/Tests/Runtime/UGUI/Layout/GridLayoutGroupTests.cs - Importer: ScriptedImporter/UnityEditor.QuickSearchModule:UnityEditor.Search:ASIAI0B -> (ImportResultId: '26adf86399fb8fe236339ee591154ce4') in 0.0012205 seconds
[Worker0] Imported GUID: 006633c8a6f4ae94aa9babf72234e1a2 - Path: Packages/com.unity.ugui/Runtime/UGUI/UI/Core/Layout/LayoutRebuilder.cs - Importer: ScriptedImporter/UnityEditor.QuickSearchModule:UnityEditor.Search:ASIAI0B -> (ImportResultId: '5da11b0e85648518664c3594349a4b67') in 0.001567542 seconds
[Worker0] Imported GUID: 9f1026265f8e3d54fb6e9f082c43debf - Path: Packages/com.unity.ugui/Runtime/UGUI/UI/Core/Culling/ClipperRegistry.cs - Importer: ScriptedImporter/UnityEditor.QuickSearchModule:UnityEditor.Search:ASIAI0B -> (ImportResultId: 'e6c01068e06513641dfb21a102d31d6d') in 0.001402833 seconds
[Worker0] Imported GUID: cfabb0440166ab443bba8876756fdfa9 - Path: Packages/com.unity.ugui/Runtime/UGUI/UI/Core/VertexModifiers/Shadow.cs - Importer: ScriptedImporter/UnityEditor.QuickSearchModule:UnityEditor.Search:ASIAI0B -> (ImportResultId: '3a399bc938af07d14c4afd54c26ea386') in 0.001237459 seconds
[Worker0] Imported GUID: 3371106faf8d06f47a73979a3c8d82a1 - Path: Packages/com.unity.ugui/Tests/Runtime/UGUI/InputField/InputFieldTests.cs - Importer: ScriptedImporter/UnityEditor.QuickSearchModule:UnityEditor.Search:ASIAI0B -> (ImportResultId: 'e181141212bf80113da0d7d088b9981e') in 0.00127725 seconds
[Licensing::Client] Successfully resolved entitlement details
[Worker0] Imported GUID: 82bf3f737dec0be43a60891958a8da87 - Path: Packages/com.unity.ugui/Runtime/UGUI/UI/Core/Layout/LayoutUtility.cs - Importer: ScriptedImporter/UnityEditor.QuickSearchModule:UnityEditor.Search:ASIAI0B -> (ImportResultId: 'c0e4bceb5d05b5018eeb8326549897dd') in 0.001042584 seconds
[Worker0] Imported GUID: 718966f960cb50643986195e5fe953ca - Path: Packages/com.unity.ugui/Runtime/UGUI/UI/Core/VertexModifiers/BaseMeshEffect.cs - Importer: ScriptedImporter/UnityEditor.QuickSearchModule:UnityEditor.Search:ASIAI0B -> (ImportResultId: '6b498efa8e1d44cf355f1118333082c5') in 0.001079166 seconds
[Worker0] Imported GUID: d925cabd9ecd5074aadab0726b96c38f - Path: Packages/com.unity.ugui/Tests/Runtime/UGUI/ScrollRect/ScrollRectTests.cs - Importer: ScriptedImporter/UnityEditor.QuickSearchModule:UnityEditor.Search:ASIAI0B -> (ImportResultId: '33daf9d3aae32d3e64475050ba3bd9bb') in 0.001348208 seconds
[Worker0] Imported GUID: 19c6f364c1e81cb4f829a057824639ad - Path: Packages/com.unity.ugui/Tests/Runtime/UGUI/EventSystem/InputModuleTests/MouseUpdate.cs - Importer: ScriptedImporter/UnityEditor.QuickSearchModule:UnityEditor.Search:ASIAI0B -> (ImportResultId: '62b4e3d1ef7adf9e769c52eedc9c5971') in 0.001277 seconds
[Worker0] Imported GUID: 16c6414b77a90ff4098767dce485c495 - Path: Packages/com.unity.ugui/Tests/Runtime/UGUI/InputField/FakeInputModule.cs - Importer: ScriptedImporter/UnityEditor.QuickSearchModule:UnityEditor.Search:ASIAI0B -> (ImportResultId: '82b95c06035d2016e868a840f81f07bf') in 0.001686792 seconds
[Worker0] Imported GUID: 4d31e19fd539ac54c8d9151da43683e9 - Path: Packages/com.unity.ugui/Tests/Runtime/UGUI/Util/ConcreteGraphic.cs - Importer: ScriptedImporter/UnityEditor.QuickSearchModule:UnityEditor.Search:ASIAI0B -> (ImportResultId: 'e5d913600f30c7f342c1d0959f2ac8b6') in 0.001470667 seconds
[Worker0] Imported GUID: 32a4a0ea998dd6149937d2774781c436 - Path: Packages/com.unity.ugui/Tests/Runtime/UGUI/ScrollBar/ScrollBarClamp.cs - Importer: ScriptedImporter/UnityEditor.QuickSearchModule:UnityEditor.Search:ASIAI0B -> (ImportResultId: 'bd8534304486c35fa7b8d4df4c53f0fb') in 0.001387625 seconds
[Worker0] Imported GUID: 0cd44c1031e13a943bb63640046fad76 - Path: Packages/com.unity.ugui/Runtime/UGUI/UI/Core/Layout/CanvasScaler.cs - Importer: ScriptedImporter/UnityEditor.QuickSearchModule:UnityEditor.Search:ASIAI0B -> (ImportResultId: '3e747cf55a1f698fbe31bba5f95ca7fd') in 0.001398584 seconds
[Worker0] Imported GUID: 01df650e1b86e9f4a8e2b5dc9782506f - Path: Packages/com.unity.ugui/Tests/Runtime/UGUI/NestedLayout/SceneWithNestedLayoutElementsLoads.cs - Importer: ScriptedImporter/UnityEditor.QuickSearchModule:UnityEditor.Search:ASIAI0B -> (ImportResultId: '79a9c53cb0906acc7988cfb88104b3ed') in 0.001899667 seconds
[Worker0] Imported GUID: fe6a6957b37b61417b457a1e0541791d - Path: Packages/com.unity.modules.physics2d/package.ModuleCompilationTrigger - Importer: ScriptedImporter/UnityEditor.QuickSearchModule:UnityEditor.Search:ASIAI0B -> (ImportResultId: '964896e15ddeecfff0283b2da5e6901a') in 0.001523334 seconds
[Worker0] Imported GUID: 4745d06d5a7ca576dcf9e5e67b417652 - Path: Packages/com.unity.modules.accessibility/package.ModuleCompilationTrigger - Importer: ScriptedImporter/UnityEditor.QuickSearchModule:UnityEditor.Search:ASIAI0B -> (ImportResultId: '1d4eaf039044a8856ba82517ab6f23f4') in 0.002357291 seconds
[Worker0] Imported GUID: 9b1a5759726ef9d39a0ab82047b615f1 - Path: Packages/com.unity.modules.hierarchycore/package.json - Importer: ScriptedImporter/UnityEditor.QuickSearchModule:UnityEditor.Search:ASIAI0B -> (ImportResultId: 'e97d42176d7c446f480bfc020244ec14') in 0.00210325 seconds
[Worker0] Imported GUID: c82e859b16636ddd2ca4a1f63fd34938 - Path: Packages/com.unity.modules.androidjni/package.ModuleCompilationTrigger - Importer: ScriptedImporter/UnityEditor.QuickSearchModule:UnityEditor.Search:ASIAI0B -> (ImportResultId: '2a1eeeaa68a8fdc7094386c29c7f62cc') in 0.002457083 seconds
[Worker0] Imported GUID: 4c413a81cadcce7038e446e56570117e - Path: Packages/com.unity.modules.adaptiveperformance/package.json - Importer: ScriptedImporter/UnityEditor.QuickSearchModule:UnityEditor.Search:ASIAI0B -> (ImportResultId: 'a7446bbdb520cfdfff23e421a0c29023') in 0.001701458 seconds
[Worker0] Imported GUID: 3cc1ebf2abb7fef6871ad48f499b6e21 - Path: Packages/com.unity.modules.vectorgraphics/package.ModuleCompilationTrigger - Importer: ScriptedImporter/UnityEditor.QuickSearchModule:UnityEditor.Search:ASIAI0B -> (ImportResultId: '424c3c02acf97ae2bcc1566c5b185a8d') in 0.001760625 seconds
[Worker0] Imported GUID: 8d4bc6bfa28760b29f13174d6b6ea710 - Path: Packages/com.unity.modules.subsystems/package.ModuleCompilationTrigger - Importer: ScriptedImporter/UnityEditor.QuickSearchModule:UnityEditor.Search:ASIAI0B -> (ImportResultId: '167ddc9d7a73504faa642578ed0eb72b') in 0.001653375 seconds
[Worker0] Imported GUID: d2ec2d1228c8e67cdd913cb5609176a2 - Path: Packages/com.unity.modules.unitywebrequest/package.ModuleCompilationTrigger - Importer: ScriptedImporter/UnityEditor.QuickSearchModule:UnityEditor.Search:ASIAI0B -> (ImportResultId: 'b7b78adce8dd840372b3e6a4f3a69d9a') in 0.00184075 seconds
[Worker0] Imported GUID: 082fbee38a82835433261a5e9c00e267 - Path: Packages/com.unity.modules.cloth/package.ModuleCompilationTrigger - Importer: ScriptedImporter/UnityEditor.QuickSearchModule:UnityEditor.Search:ASIAI0B -> (ImportResultId: '44fbbdd1556aa48b7ec060d3cbb5cb4e') in 0.001436833 seconds
[Worker0] Imported GUID: 51fa60bb2bd1e5bc74e8cc95a7bfd5b7 - Path: Packages/com.unity.modules.ui/package.ModuleCompilationTrigger - Importer: ScriptedImporter/UnityEditor.QuickSearchModule:UnityEditor.Search:ASIAI0B -> (ImportResultId: '117adfd7d53ee780d4172f9a2588509b') in 0.003123584 seconds
[Worker0] Imported GUID: 17f093324b67f5bd57e55b546736750e - Path: Packages/com.unity.modules.particlesystem/package.ModuleCompilationTrigger - Importer: ScriptedImporter/UnityEditor.QuickSearchModule:UnityEditor.Search:ASIAI0B -> (ImportResultId: '23abf77192c1c51cab5b1c8344ce9976') in 0.00207975 seconds
[Worker0] Imported GUID: 87d720faa37005c08600090e04d8c739 - Path: Packages/com.unity.modules.particlesystem/package.json - Importer: ScriptedImporter/UnityEditor.QuickSearchModule:UnityEditor.Search:ASIAI0B -> (ImportResultId: 'f195b9b3487d2aa16d3ad667a671bcb7') in 0.001605084 seconds
[Worker0] Imported GUID: e2d09a26ce46dc617b54e49a534ace20 - Path: Packages/com.unity.modules.ai/package.ModuleCompilationTrigger - Importer: ScriptedImporter/UnityEditor.QuickSearchModule:UnityEditor.Search:ASIAI0B -> (ImportResultId: '74d4900d844aeeec8a55a9150734485c') in 0.001542875 seconds
[Worker0] Imported GUID: c88e90bad18cceb5d182d0c805883056 - Path: Packages/com.unity.modules.director/package.ModuleCompilationTrigger - Importer: ScriptedImporter/UnityEditor.QuickSearchModule:UnityEditor.Search:ASIAI0B -> (ImportResultId: '69978c1b63b0856892b467253317f961') in 0.001578792 seconds
[Worker0] Imported GUID: 906c12bc9cd95d3963c6d58f62522c78 - Path: Packages/com.unity.modules.cloth/package.json - Importer: ScriptedImporter/UnityEditor.QuickSearchModule:UnityEditor.Search:ASIAI0B -> (ImportResultId: 'ce27d012cb74b9f8f6e6cdfe8ae12967') in 0.001752959 seconds
[Worker0] Imported GUID: 1af35a910338381f753e8a985eb5daab - Path: Packages/com.unity.modules.adaptiveperformance/package.ModuleCompilationTrigger - Importer: ScriptedImporter/UnityEditor.QuickSearchModule:UnityEditor.Search:ASIAI0B -> (ImportResultId: '700b0b42bb781145b33e8a9dc08b5d83') in 0.002048541 seconds
[Worker0] Imported GUID: 43674d438e19b89d7fe6af07234f3252 - Path: Packages/com.unity.modules.accessibility/package.json - Importer: ScriptedImporter/UnityEditor.QuickSearchModule:UnityEditor.Search:ASIAI0B -> (ImportResultId: '6f935c498618ea8d5ec34d43835242cb') in 0.001525167 seconds
[Worker0] Imported GUID: 3fdd83b151eb8d25c5e2f82fc39dcb04 - Path: Packages/com.unity.modules.unitywebrequest/package.json - Importer: ScriptedImporter/UnityEditor.QuickSearchModule:UnityEditor.Search:ASIAI0B -> (ImportResultId: '562a032cc92efce9ad7645a4a81524d8') in 0.001985375 seconds
[Worker0] Imported GUID: 2adec19fac7df68adf1fd6eb83197bb1 - Path: Packages/com.unity.modules.wind/package.ModuleCompilationTrigger - Importer: ScriptedImporter/UnityEditor.QuickSearchModule:UnityEditor.Search:ASIAI0B -> (ImportResultId: '9d13e3f4fe43a55cd9bb91f21ab86092') in 0.002128625 seconds
[Worker0] Imported GUID: bfd567a3d1631a761bca9e99fa53d86d - Path: Packages/com.unity.modules.ui/package.json - Importer: ScriptedImporter/UnityEditor.QuickSearchModule:UnityEditor.Search:ASIAI0B -> (ImportResultId: 'bc6da563f4c211d9e6fc8f748a7a51de') in 0.002382208 seconds
[Licensing::Client] Successfully resolved entitlement details
[Worker0] Imported GUID: d104359075a97392b803d3d5aebc77f7 - Path: Packages/com.unity.modules.hierarchycore/package.ModuleCompilationTrigger - Importer: ScriptedImporter/UnityEditor.QuickSearchModule:UnityEditor.Search:ASIAI0B -> (ImportResultId: '46991fc9ddd50e7fd3f1c268e96323ef') in 0.003183 seconds
[Worker0] Imported GUID: f7a8357347c80dc69c08d0b1a05e2122 - Path: Packages/com.unity.modules.physics2d/package.json - Importer: ScriptedImporter/UnityEditor.QuickSearchModule:UnityEditor.Search:ASIAI0B -> (ImportResultId: '2c357f912845934079fd09079c60c245') in 0.002013375 seconds
[Worker0] Imported GUID: 05f7f519769978b79b31d063a7fc6fa1 - Path: Packages/com.unity.modules.unitywebrequestassetbundle/package.json - Importer: ScriptedImporter/UnityEditor.QuickSearchModule:UnityEditor.Search:ASIAI0B -> (ImportResultId: 'b3abb24a363266352e86ec2faa0b9189') in 0.002057042 seconds
[Worker0] Imported GUID: af94bd3a805f27e42ab86647265be74e - Path: Packages/com.unity.ugui/Tests/Runtime/UGUI/EventSystem/InputModuleTests/PointerExitCallbackCheck.cs - Importer: ScriptedImporter/UnityEditor.QuickSearchModule:UnityEditor.Search:ASIAI0B -> (ImportResultId: '240c01c34f8a47aacd61aaef7a89d220') in 0.002154167 seconds
[Licensing::Client] Successfully resolved entitlement details
[Worker0] Imported GUID: 5c1ee4056d0ac7ad3c5a16597fcaa38a - Path: Packages/com.unity.modules.physics/package.ModuleCompilationTrigger - Importer: ScriptedImporter/UnityEditor.QuickSearchModule:UnityEditor.Search:ASIAI0B -> (ImportResultId: '433266038c69de37c902b208b33fc3c8') in 0.00186125 seconds
[Worker0] Imported GUID: e5c46c19ce0ce2e0103aa6f82df1043a - Path: Packages/com.unity.modules.vehicles/package.ModuleCompilationTrigger - Importer: ScriptedImporter/UnityEditor.QuickSearchModule:UnityEditor.Search:ASIAI0B -> (ImportResultId: 'b8e6df8ba47f66bc7b718ceef351362d') in 0.003695916 seconds
[Worker0] Imported GUID: 830a36a23cf3ab1e61fa47940a6dc35e - Path: Packages/com.unity.modules.imageconversion/package.ModuleCompilationTrigger - Importer: ScriptedImporter/UnityEditor.QuickSearchModule:UnityEditor.Search:ASIAI0B -> (ImportResultId: '5e242f70d68a7dbfad68d53fc2cecd58') in 0.003478084 seconds
[Worker0] Imported GUID: 953fab16d15d5885b3600fcd6388b2ad - Path: Packages/com.unity.modules.imageconversion/package.json - Importer: ScriptedImporter/UnityEditor.QuickSearchModule:UnityEditor.Search:ASIAI0B -> (ImportResultId: 'ce7af097f386927c87b3c3a2009c94ca') in 0.003973625 seconds
[Worker0] Imported GUID: 1a4266815e998967becf686f9c71f0a6 - Path: Packages/com.unity.modules.physics/package.json - Importer: ScriptedImporter/UnityEditor.QuickSearchModule:UnityEditor.Search:ASIAI0B -> (ImportResultId: '024eea3bc599d905f54d6b9d1bc22f66') in 0.003451125 seconds
[Worker0] Imported GUID: 6afb166a156df2d20433d981f4bb2832 - Path: Packages/com.unity.modules.vehicles/package.json - Importer: ScriptedImporter/UnityEditor.QuickSearchModule:UnityEditor.Search:ASIAI0B -> (ImportResultId: 'd9c9cde94343f88a427bb624b70df9bd') in 0.003357583 seconds
[Worker0] Imported GUID: ec02776fe29df900b897106d61977735 - Path: Packages/com.unity.modules.director/package.json - Importer: ScriptedImporter/UnityEditor.QuickSearchModule:UnityEditor.Search:ASIAI0B -> (ImportResultId: '5f27d75cf3517263dc7a49415a6ca0c3') in 0.001637459 seconds
[Licensing::Client] Successfully resolved entitlement details
[Worker0] Imported GUID: eb4fb871430ff484e9ee3850946c504d - Path: Packages/com.unity.ugui/Tests/Runtime/UGUI/EventSystem/InputModuleTests/PointerEnterCallbackCheck.cs - Importer: ScriptedImporter/UnityEditor.QuickSearchModule:UnityEditor.Search:ASIAI0B -> (ImportResultId: '09ff5ae3d7644ba2cd5cfa94d2e1f7ec') in 0.001265833 seconds
[Worker0] Imported GUID: bd1af0a6633ee94ae21c7d1d702cdc12 - Path: Packages/com.unity.modules.androidjni/package.json - Importer: ScriptedImporter/UnityEditor.QuickSearchModule:UnityEditor.Search:ASIAI0B -> (ImportResultId: 'bb5258d40a220b8a36ffb84e3b4caefd') in 0.001744584 seconds
[Worker0] Imported GUID: 7610600f5c83e01041a6fe849d39279f - Path: Packages/com.unity.modules.unitywebrequestassetbundle/package.ModuleCompilationTrigger - Importer: ScriptedImporter/UnityEditor.QuickSearchModule:UnityEditor.Search:ASIAI0B -> (ImportResultId: '7b27ca3be4c7bd2b2a444384614ca287') in 0.001295917 seconds
[Worker0] Imported GUID: f0f13f2ab3d6d13cfc6e4656824bfca8 - Path: Packages/com.unity.modules.ai/package.json - Importer: ScriptedImporter/UnityEditor.QuickSearchModule:UnityEditor.Search:ASIAI0B -> (ImportResultId: '750c2ae4a17af693ddd2f8ebf5642ae9') in 0.001434959 seconds
[Licensing::Client] Successfully resolved entitlement details
[Worker0] Imported GUID: b83f06ac0c0696e9563230865ca72b81 - Path: Packages/com.unity.modules.wind/package.json - Importer: ScriptedImporter/UnityEditor.QuickSearchModule:UnityEditor.Search:ASIAI0B -> (ImportResultId: '6d7ed502cede6c84804d5af9c148f531') in 0.001386792 seconds
[Worker0] Imported GUID: 78e5667e52329c3ceef41288763404ae - Path: Packages/com.unity.modules.vectorgraphics/package.json - Importer: ScriptedImporter/UnityEditor.QuickSearchModule:UnityEditor.Search:ASIAI0B -> (ImportResultId: 'da22038b7e540fda3e405e26917e0ff6') in 0.001662542 seconds
[Worker0] Imported GUID: 30b312a167534621b316172253b08723 - Path: Packages/com.unity.modules.subsystems/package.json - Importer: ScriptedImporter/UnityEditor.QuickSearchModule:UnityEditor.Search:ASIAI0B -> (ImportResultId: 'e741871216f94f68fe23d1b8a8913a51') in 0.001754959 seconds
[Licensing::Client] Successfully resolved entitlement details
[Licensing::Client] Successfully resolved entitlement details
Worker ready: AssetImportWorkerHW1 1
[Licensing::Client] Successfully resolved entitlement details
[Licensing::Client] Successfully resolved entitlement details
[Licensing::Client] Successfully resolved entitlement details
[Licensing::Client] Successfully resolved entitlement details
[Licensing::Client] Successfully resolved entitlement details
[Licensing::Client] Successfully resolved entitlement details
[Licensing::Client] Successfully resolved entitlement details
[Licensing::Client] Successfully resolved entitlement details
[Licensing::Client] Successfully resolved entitlement details
[Licensing::Client] Successfully resolved entitlement details
[Licensing::Client] Successfully resolved entitlement details
[Licensing::Client] Successfully resolved entitlement details
[Licensing::Client] Successfully resolved entitlement details
[Licensing::Client] Successfully resolved entitlement details
[Licensing::Client] Successfully resolved entitlement details
[Licensing::Client] Successfully resolved entitlement details
[Licensing::Client] Successfully resolved entitlement details
[Licensing::Client] Successfully resolved entitlement details
[Licensing::Client] Successfully resolved entitlement details
[Licensing::Client] Successfully resolved entitlement details
[Licensing::Client] Successfully resolved entitlement details
[Licensing::Client] Successfully resolved entitlement details
[Licensing::Client] Successfully resolved entitlement details
[Worker0] Imported GUID: 888979c4306a04a57b257db776189b79 - Path: Assets/Scenes/GameScene.unity - Importer: PreviewImporter -> (ImportResultId: '59d45cc460f4ec6597d43c816ebc49f7') in 0.018531 seconds
Opening scene 'Assets/Scenes/GameScene.unity'
Unloading 2 Unused Serialized files (Serialized files now loaded: 0)
Loaded scene 'Assets/Scenes/GameScene.unity'
	Deserialize:            13.520 ms
	Integration:            119.697 ms
	Integration of assets:  0.005 ms
	Thread Wait Time:       0.004 ms
	Total Operation Time:   133.226 ms
Unloading 55 unused Assets / (16.5 MB). Loaded Objects now: 2187.
Memory consumption went from 256.2 MB to 239.7 MB.
Total: 23.354209 ms (FindLiveObjects: 0.210625 ms CreateObjectMapping: 0.052875 ms MarkObjects: 16.344250 ms  DeleteObjects: 6.745458 ms)

Thread 0x16dbff000 may have been prematurely finalized
Reloading assemblies for play mode.
Reloading assemblies after forced synchronous recompile.
Begin MonoManager ReloadAssembly
2026-09-04 22:47:00.739 Unity[28339:420524] NSEventModifierFlagFunction specified to -setKeyEquivalentModifierMask: for item <NSMenuItem: 0x79f1e85900 SDF, ke='Command-F12'>, but is only supported for system-provided menu items; will not be used
2026-09-04 22:47:00.742 Unity[28339:420524] NSEventModifierFlagFunction specified to -setKeyEquivalentModifierMask: for item <NSMenuItem: 0x79f1e7f7a0 SDF, ke='Command-F12'>, but is only supported for system-provided menu items; will not be used
2026-09-04 22:47:00.745 Unity[28339:420524] NSEventModifierFlagFunction specified to -setKeyEquivalentModifierMask: for item <NSMenuItem: 0x79f1e872a0 SDF, ke='Command-F12'>, but is only supported for system-provided menu items; will not be used
2026-09-04 22:47:00.747 Unity[28339:420524] NSEventModifierFlagFunction specified to -setKeyEquivalentModifierMask: for item <NSMenuItem: 0x79f1e83980 SDF, ke='Command-F12'>, but is only supported for system-provided menu items; will not be used
<CFData 0x79faebe1c0 [0x1ee59aab0]>{length = 6, capacity = 6, bytes = 0x740ea49aeb73}
Native extension for Android target not found
Native extension for OSXStandalone target not found
ScheduleIndexationOnStartup MainProcess:True IndexOnStartup:True
[MODES] ModeService[none].Initialize
[MODES] ModeService[none].LoadModes
Mono: successfully reloaded assembly
- Finished resetting the current domain, in  0.835 seconds
Domain Reload Profiling: 1220ms
	BeginReloadAssembly (273ms)
		DisableScriptedObjects (54ms)
		CreateAndSetChildDomain (67ms)
	RebuildCommonClasses (7ms)
	RebuildNativeTypeToScriptingClass (13ms)
	initialDomainReloadingComplete (24ms)
	LoadAllAssembliesAndSetupDomain (67ms)
		LoadAssemblies (84ms)
		AnalyzeDomain (7ms)
			TypeCache.Refresh (5ms)
	FinalizeReload (836ms)
		SetupLoadedEditorAssemblies (0ms)
			InitializePlatformSupportModulesInManaged (7ms)
			BeforeProcessingInitializeOnLoad (56ms)
			ProcessInitializeOnLoadAttributes (57ms)
			ProcessInitializeOnLoadMethodAttributes (61ms)
		AwakeInstancesAfterBackupRestoration (351ms)

Asset Pipeline Refresh (id=3dbeee31205174888972ac1b8ef7893f): Total: 1.429 seconds - Initiated by StopAssetImportingV2(ForceSynchronousImport | ForceDomainReload)
	(Values over 0.05ms)
	Summary:
		Imports: total=0 (actual=0, local cache=0, cache server=0)
		Asset DB Process Time: managed=0 ms, native=947 ms
		Asset DB Callback time: managed=30 ms, native=17 ms
		Scripting: domain reloads=1, domain reload time=432 ms, compile time=2 ms, other=0 ms
		Project Asset Count: scripts=204, non-scripts=125
		Asset File Changes: new=0, changed=0, moved=0, deleted=0
		Scan Filter Count: 0
	InvokePackagesCallback: 1.221ms
	ApplyChangesToAssetFolders: 0.130ms
	Collect global state as custom dependencies: 1.277ms
	OnSourceAssetsModified: 0.208ms
	ProcessAssetsWithTransientArtifactChanges: 9.195ms
	CategorizeAssets: 6.243ms
	CompileScripts: 1.588ms
	ImportOutOfDateAssets: 838.949ms (837.194ms without children)
		CollectScriptTypesHashes: 0.102ms
		UnloadImportedAssets: 0.899ms
		ImportSchedulerStart: 0.801ms
	PostProcessAllAssets: 35.144ms
		PostProcessCallbackCreateDeferredMaterials 0.809ms
		PostprocessAssetsUpdateCachedIcon 0.581ms
		ShaderAssetModifiedCallback 0.380ms
		RaytracingShaderImportPostprocess 0.270ms
		ComputeShaderImportPostprocess 0.270ms
		SpeedTreeImporter.PostprocessAllAssets 0.231ms
		BlockShaderImporter.PostprocessAllAssets 0.118ms
		LocalizationDatabase.AssetDatabasePostprocessCallback 0.111ms
		AssemblyValidation.PostprocessAllAssets 0.110ms
		MonoPostProcessAllAssets: 28.112ms
			WindowAssetPostprocessingWatcher.OnPostprocessAllAssets 6.007ms
			BuilderAssetPostprocessor.OnPostprocessAllAssets 4.487ms
			AssetPostprocessor.OnPostprocessAllAssets 4.090ms
			AssetChangedListener.OnPostprocessAllAssets 2.003ms
			TextAssetPostProcessor.OnPostprocessAllAssets 1.167ms
			SyncVS.PostprocessSyncProject 0.892ms
			RetainedModeAssetPostprocessor.OnPostprocessAllAssets 0.841ms
			SpeedTree9Postprocessor.OnPostprocessAllAssets 0.687ms
			ArtifactBrowserPostProcessor.OnPostprocessAllAssets 0.366ms
			TMPro_TexturePostProcessor.OnPostprocessAllAssets 0.288ms
			ReferencedClipsPostProcessor.OnPostprocessAllAssets 0.232ms
			AudioMixerPostprocessor.OnPostprocessAllAssets 0.206ms
			StyleCatalogPostProcessor.OnPostprocessAllAssets 0.151ms
			AssetEvents.OnPostprocessAllAssets 0.147ms
			SpeedTreePostProcessor.OnPostprocessAllAssets 0.137ms
			TerrainToolbarOverlayPostProcessor.OnPostprocessAllAssets 0.110ms
			AssetDatabaseCallbacks.OnPostprocessAllAssets 0.084ms
			ConfigAssetsTracker.OnPostprocessAllAssets 0.076ms
			RenderPipelineGlobalSettingsPostprocessor.OnPostprocessAllAssets 0.074ms
			ScenarioDriftAssetsTracker.OnPostprocessAllAssets 0.068ms
			AudioContainerPostProcessor.OnPostprocessAllAssets 0.050ms
	PostAssetChangesProfiler: 11.263ms
	UnloadStreamsBegin: 0.830ms
	GenerateScriptTypeHashes: 0.086ms
	GenerateScriptTypeSerializationHashes: 0.203ms
	Untracked: 521.026ms

Loaded scene 'Temp/__Backupscenes/0.backup'
	Deserialize:            1.601 ms
	Integration:            19.877 ms
	Integration of assets:  0.001 ms
	Thread Wait Time:       0.007 ms
	Total Operation Time:   21.486 ms
[Licensing::Client] Successfully resolved entitlement details
Thread 0x170107000 may have been prematurely finalized
Unloading 1 Unused Serialized files (Serialized files now loaded: 0)
Loaded scene 'Temp/__Backupscenes/0.backup'
	Deserialize:            4.304 ms
	Integration:            12.459 ms
	Integration of assets:  0.003 ms
	Thread Wait Time:       0.001 ms
	Total Operation Time:   16.767 ms
Unloading 294 unused Assets / (42.5 KB). Loaded Objects now: 2203.
Memory consumption went from 225.4 MB to 225.3 MB.
Total: 12.146458 ms (FindLiveObjects: 0.116708 ms CreateObjectMapping: 0.073583 ms MarkObjects: 11.527542 ms  DeleteObjects: 0.428417 ms)

2026-09-04 22:47:12.301 Unity[28339:420524] NSEventModifierFlagFunction specified to -setKeyEquivalentModifierMask: for item <NSMenuItem: 0x79f545d5e0 SDF, ke='Command-F12'>, but is only supported for system-provided menu items; will not be used
Curl error 7: Failed to connect to cdp.cloud.unity3d.com port 443 after 2 ms: Error
TrimDiskCacheJob: Current cache size 0mb
Unloading 2 Unused Serialized files (Serialized files now loaded: 0)
Unloading 0 unused Assets / (59.1 KB). Loaded Objects now: 2188.
Memory consumption went from 234.3 MB to 234.3 MB.
Total: 17.482083 ms (FindLiveObjects: 0.274083 ms CreateObjectMapping: 0.106291 ms MarkObjects: 17.082042 ms  DeleteObjects: 0.018125 ms)

Importing 'GUID: 888979c4306a04a57b257db776189b79 - Path: Assets/Scenes/GameScene.unity' with importer (DefaultImporter)
Imported 'GUID: 888979c4306a04a57b257db776189b79' -> (Import Result ID: '18a9b4f1ea7a7ecc340c0fed9258960a') in 0.004 seconds [static dependencies only]. Details - ImportResultOutputID=d28e40e43c711f996f27d8c05a2183aa DependenciesID=f9d3a5519cfa02d8eeaa1766ff1dbd63 StaticDependenciesID=235bea55bbf8df4a615bc4af539766d1 
Asset Pipeline Refresh (id=87e8fdf77d8d84bde80d855d847f167b): Total: 0.026 seconds - Initiated by StopAssetImportingV2(NoUpdateAssetOptions)
[CreateScene] Game scene created and saved!
UnityEngine.Debug:ExtractStackTraceNoAlloc (byte*,int,string)
UnityEngine.StackTraceUtility:ExtractStackTrace () (at /Users/bokken/build/output/unity/unity/Runtime/Export/Scripting/StackTrace.cs:35)
UnityEngine.DebugLogHandler:Internal_Log (UnityEngine.LogType,UnityEngine.LogOption,string,UnityEngine.Object)
UnityEngine.DebugLogHandler:LogFormat (UnityEngine.LogType,UnityEngine.Object,string,object[])
UnityEngine.Logger:Log (UnityEngine.LogType,object)
UnityEngine.Debug:Log (object)
CreateScene:Create () (at Assets/Editor/CreateScene.cs:121)

(Filename: Assets/Editor/CreateScene.cs Line: 121)

Importing 'GUID: f54d1bd14bd3ca042bd867b519fee8cc - Path: Assets/TextMesh Pro' with importer (DefaultImporter)
Imported 'GUID: f54d1bd14bd3ca042bd867b519fee8cc' -> (Import Result ID: '0017850b1cc0d8935007fcf3cc1d26c2') in 0.001 seconds [static dependencies only]. Details - ImportResultOutputID=557aa16bff1fbbdf58ca7fb84f237fd8 DependenciesID=ac7e4a2425da1062e0ff42823ad9add0 StaticDependenciesID=131756df98bf4b89be992c4e23362381 
Importing 'GUID: 243e06394e614e5d99fab26083b707fa - Path: Assets/TextMesh Pro/Resources' with importer (DefaultImporter)
Imported 'GUID: 243e06394e614e5d99fab26083b707fa' -> (Import Result ID: '1795669bef589f41f65e5b5a1ba7e39c') in 0.000 seconds [static dependencies only]. Details - ImportResultOutputID=382f7cc76f7e0ef44c3e00e0c51ddb0e DependenciesID=8c54250bdf78ade8fd1a16af3b85506d StaticDependenciesID=06f56e13cb1e3043e10f00113a136709 
Importing 'GUID: e9f693669af91aa45ad615fc681ed29f - Path: Assets/TextMesh Pro/Shaders' with importer (DefaultImporter)
Imported 'GUID: e9f693669af91aa45ad615fc681ed29f' -> (Import Result ID: '43b76911144b1550a04aa8d032441da0') in 0.000 seconds [static dependencies only]. Details - ImportResultOutputID=c55828ba2a08028dd91c5ff527d45c01 DependenciesID=ecfcaca5d83a0adfa6f6e9850b510900 StaticDependenciesID=deb4015ae3a00789ccbf32f3dc66088d 
Importing 'GUID: 6ab70aee4d56447429c680537fbf93ed - Path: Assets/TextMesh Pro/Fonts' with importer (DefaultImporter)
Imported 'GUID: 6ab70aee4d56447429c680537fbf93ed' -> (Import Result ID: 'e252175a7f1be1e3a49ee3c515d4df2c') in 0.000 seconds [static dependencies only]. Details - ImportResultOutputID=f0bff5ce80c71aee7b4896349cd22958 DependenciesID=6e3631f064b6985639b9212b237cca7d StaticDependenciesID=7f7677a7df09ee425cee3b782621474e 
Importing 'GUID: 731f1baa9d144a9897cb1d341c2092b8 - Path: Assets/TextMesh Pro/Resources/Fonts & Materials' with importer (DefaultImporter)
Imported 'GUID: 731f1baa9d144a9897cb1d341c2092b8' -> (Import Result ID: '54cedab0ffe5c516e3414022bf581fa7') in 0.000 seconds [static dependencies only]. Details - ImportResultOutputID=cf24996e50fb4ab70ff6e0410592c4d4 DependenciesID=75f690b4b9db00c2cf466ff41bfda445 StaticDependenciesID=f7b54e65ec517d4dfa4056d7a71dd310 
Importing 'GUID: 4aecb92fff08436c8303b10eab8da368 - Path: Assets/TextMesh Pro/Resources/Style Sheets' with importer (DefaultImporter)
Imported 'GUID: 4aecb92fff08436c8303b10eab8da368' -> (Import Result ID: '69787c6d3a2840f971edfa9c373f86ac') in 0.000 seconds [static dependencies only]. Details - ImportResultOutputID=f378c55f2a9550ce27e4502ec7e8aa57 DependenciesID=a5f74ce777c4240404b27739e23a8bbb StaticDependenciesID=9f33d1836065238c392f8a479fc6190f 
Importing 'GUID: 124c112a6e8f1a54e8b0870e881b56d8 - Path: Assets/TextMesh Pro/Shaders/TMP_SDF-URP Unlit.shadergraph' with importer (DefaultImporter)
Imported 'GUID: 124c112a6e8f1a54e8b0870e881b56d8' -> (Import Result ID: '7a8ec7f6a627f5ab50b268f49a5c0196') in 0.523 seconds [static dependencies only]. Details - ImportResultOutputID=3bdb64179b1687430e17c372a60e230c DependenciesID=219c6dfd8b2f4f66a5eb8bf1ede397a7 StaticDependenciesID=a44f3c65acb32a0649d7e5efbc3ea03c 
Importing 'GUID: a3d800b099a06e0478fb790c5e79057a - Path: Assets/TextMesh Pro/Shaders/TMP_SDF-URP Lit.shadergraph' with importer (DefaultImporter)
Imported 'GUID: a3d800b099a06e0478fb790c5e79057a' -> (Import Result ID: 'e63f734a15fcd8399ecfd9ac8216ee2e') in 0.031 seconds [static dependencies only]. Details - ImportResultOutputID=b0737424a86d17413e22efd4b05d14d9 DependenciesID=e030668b0faa3592f71c46b708b6966f StaticDependenciesID=03807e28210a7577c2db5d4aaa2e1313 
Importing 'GUID: f63d574838ccfb44f84acc05fed0af48 - Path: Assets/TextMesh Pro/Shaders/TMP_SDF-HDRP UNLIT.shadergraph' with importer (DefaultImporter)
Imported 'GUID: f63d574838ccfb44f84acc05fed0af48' -> (Import Result ID: '05116faa89bffd4a3b4f2ef0965e3f89') in 0.001 seconds [static dependencies only]. Details - ImportResultOutputID=a002d4f71fdb3e63c9f70062605785b3 DependenciesID=a0fc3f5bd1fca6c9cb9f9128f89dca73 StaticDependenciesID=ef24b446c1bfe6a994918eb1e08243e9 
Importing 'GUID: ca2ed216f98028c4dae6c5224a952b3c - Path: Assets/TextMesh Pro/Shaders/TMP_SDF-HDRP LIT.shadergraph' with importer (DefaultImporter)
Imported 'GUID: ca2ed216f98028c4dae6c5224a952b3c' -> (Import Result ID: '69b6b90d269b74660ed9c6bf2b64e406') in 0.001 seconds [static dependencies only]. Details - ImportResultOutputID=ee6afe84a6b089e251dcb4d1d57cee2b DependenciesID=d9512165d424efdbd46ccd6953d1a8ee StaticDependenciesID=c3630bf2aefe9c259e98130b6071d953 
Importing 'GUID: 407bc68d299748449bbf7f48ee690f8d - Path: Assets/TextMesh Pro/Shaders/TMPro.cginc' with importer (ShaderIncludeImporter)
Imported 'GUID: 407bc68d299748449bbf7f48ee690f8d' -> (Import Result ID: '755691b39a7eaf9a01ccf06b67d7de2e') in 0.004 seconds [static dependencies only]. Details - ImportResultOutputID=1bd22da0221ba991566ca4e6dfae75f5 DependenciesID=5889aa507d4a06388365cb826a98c438 StaticDependenciesID=521d6c93053fc029167aa11c355be29c 
Importing 'GUID: c334973cef89a9840b0b0c507e0377ab - Path: Assets/TextMesh Pro/Shaders/TMPro_Mobile.cginc' with importer (ShaderIncludeImporter)
Imported 'GUID: c334973cef89a9840b0b0c507e0377ab' -> (Import Result ID: '31376ab28a9a8e81f026341ccce59d09') in 0.001 seconds [static dependencies only]. Details - ImportResultOutputID=9e8a43846baefc8da31eb43e9237046f DependenciesID=37d8cacc1d3c05971f436d902e8eab4f StaticDependenciesID=e0421e9f6d278ebb9dc61c887ea15b29 
Importing 'GUID: 96de908384869cd409c75efa351d5edf - Path: Assets/TextMesh Pro/Shaders/SDFFunctions.hlsl' with importer (ShaderIncludeImporter)
Imported 'GUID: 96de908384869cd409c75efa351d5edf' -> (Import Result ID: 'b6890be2d552e53322ab781ee7090e66') in 0.001 seconds [static dependencies only]. Details - ImportResultOutputID=32e6910ee6b9c4e28f824306c10569da DependenciesID=90aabc7a50f64addd4f40407e8f29857 StaticDependenciesID=ea2fe5af8cc97904c571f815349b6092 
Importing 'GUID: 3997e2241185407d80309a82f9148466 - Path: Assets/TextMesh Pro/Shaders/TMPro_Properties.cginc' with importer (ShaderIncludeImporter)
Imported 'GUID: 3997e2241185407d80309a82f9148466' -> (Import Result ID: '5b67ef15f8bfd78451ff3a968156b7f5') in 0.000 seconds [static dependencies only]. Details - ImportResultOutputID=d4afa331a41c35391aae778b3b6475ec DependenciesID=b80d35624f3cf730970fae06de86d16d StaticDependenciesID=541c287f2051d708758ecc434b7cb58b 
Importing 'GUID: d930090c0cd643c7b55f19a38538c162 - Path: Assets/TextMesh Pro/Shaders/TMPro_Surface.cginc' with importer (ShaderIncludeImporter)
Imported 'GUID: d930090c0cd643c7b55f19a38538c162' -> (Import Result ID: '528ed2b89101001d10a990ea4bf01cc6') in 0.000 seconds [static dependencies only]. Details - ImportResultOutputID=458955789dc03a0d58de79767947df90 DependenciesID=0e5e8da774def45ef6ba13ceeace65a9 StaticDependenciesID=75c4313cf57c58c19dc0c730a6b2fbfc 
Importing 'GUID: a02a7d8c237544f1962732b55a9aebf1 - Path: Assets/TextMesh Pro/Shaders/TMP_SDF-Mobile Overlay.shader' with importer (ShaderImporter)
Imported 'GUID: a02a7d8c237544f1962732b55a9aebf1' -> (Import Result ID: '089edfc5d0fa03ba3d62df40824e712c') in 0.013 seconds [static and dynamic dependencies]. Details - ImportResultOutputID=2b74d16fbeacfe2875c39f3aec85e823 DependenciesID=435e0cd870fe1a4b9d5129a30ae5562c StaticDependenciesID=5cce7fb4abf2fe8cba544b942f9c445f 
Importing 'GUID: 0178fcb869bafef4690d177d31d17db8 - Path: Assets/TextMesh Pro/Shaders/TMP_SDF-Mobile-2-Pass.shader' with importer (ShaderImporter)
Imported 'GUID: 0178fcb869bafef4690d177d31d17db8' -> (Import Result ID: '3997b5141dea3ec98429c24cdb947bb7') in 0.003 seconds [static and dynamic dependencies]. Details - ImportResultOutputID=76ca6b4a7648d9be783483d1f59a6902 DependenciesID=3f3c12ddbc49fdf00d4a209c06b12fe8 StaticDependenciesID=e5b7ec745476634faf5287bce5823f70 
Importing 'GUID: 128e987d567d4e2c824d754223b3f3b0 - Path: Assets/TextMesh Pro/Shaders/TMP_Bitmap.shader' with importer (ShaderImporter)
Imported 'GUID: 128e987d567d4e2c824d754223b3f3b0' -> (Import Result ID: 'a6210f73c1348e0dad193ab27b583e3d') in 0.002 seconds [static and dynamic dependencies]. Details - ImportResultOutputID=1aea37352a424b4c3acb40217d428405 DependenciesID=e0c72b47bede24b67bbb00660ba833e1 StaticDependenciesID=26c489bb0cd3813725bde94de7053b1a 
Importing 'GUID: 14eb328de4b8eb245bb7cea29e4ac00b - Path: Assets/TextMesh Pro/Shaders/TMP_SDF SSD.shader' with importer (ShaderImporter)
Imported 'GUID: 14eb328de4b8eb245bb7cea29e4ac00b' -> (Import Result ID: '5d9f374e3104af4aab08b6986a234c5e') in 0.002 seconds [static and dynamic dependencies]. Details - ImportResultOutputID=b6201e8866c54c34d604b02f1070fea4 DependenciesID=9eaf9ed542039341865390b83c7df52e StaticDependenciesID=2e495aefa14ac23412e96b01952d1a0f 
Importing 'GUID: 85187c2149c549c5b33f0cdb02836b17 - Path: Assets/TextMesh Pro/Shaders/TMP_SDF-Surface-Mobile.shader' with importer (ShaderImporter)
Imported 'GUID: 85187c2149c549c5b33f0cdb02836b17' -> (Import Result ID: 'aa79c3eed3b21f957dabaf4f52d0e251') in 0.155 seconds [static and dynamic dependencies]. Details - ImportResultOutputID=7fad1b1717a0d8fb67f389fb7680c1fe DependenciesID=310e77b0748fca6644269d52f5825380 StaticDependenciesID=ffeb4f45e28e65505d4ee25b8da72696 
Importing 'GUID: f7ada0af4f174f0694ca6a487b8f543d - Path: Assets/TextMesh Pro/Shaders/TMP_SDF-Surface.shader' with importer (ShaderImporter)
Imported 'GUID: f7ada0af4f174f0694ca6a487b8f543d' -> (Import Result ID: '5597c7a2c5294e28d254cd512318c927') in 0.320 seconds [static and dynamic dependencies]. Details - ImportResultOutputID=a6f4a25894090073221af34a1b144c85 DependenciesID=c3314b9ce9b72fa23eb7f9c605ab139b StaticDependenciesID=d3bcdb9df70bb81643e3691663bf096f 
Importing 'GUID: 48bb5f55d8670e349b6e614913f9d910 - Path: Assets/TextMesh Pro/Shaders/TMP_Bitmap-Custom-Atlas.shader' with importer (ShaderImporter)
Imported 'GUID: 48bb5f55d8670e349b6e614913f9d910' -> (Import Result ID: '7e721cd162f5d9eaf24cd99f99f61f94') in 0.010 seconds [static and dynamic dependencies]. Details - ImportResultOutputID=c2486a4c31bed7bacdfd6794fea3205c DependenciesID=8a60a1eb9165b68e8eacb1fbdb15ad59 StaticDependenciesID=eecfc2e69e8d4fafd164b6460bdb3e48 
Importing 'GUID: 68e6db2ebdc24f95958faec2be5558d6 - Path: Assets/TextMesh Pro/Shaders/TMP_SDF.shader' with importer (ShaderImporter)
Imported 'GUID: 68e6db2ebdc24f95958faec2be5558d6' -> (Import Result ID: '37bcb5c9fec5edfffa6ae6af1aa4ae06') in 0.003 seconds [static and dynamic dependencies]. Details - ImportResultOutputID=4d67c4dc18bb9f7bd04a2e78e07b6ef5 DependenciesID=5a970f3e91f6de7f3b1f9cc30646cbf7 StaticDependenciesID=ce46f6b8173b936aa86ff4da14988f5e 
Importing 'GUID: c8d12adcee749c344b8117cf7c7eb912 - Path: Assets/TextMesh Pro/Shaders/TMP_SDF-Mobile SSD.shader' with importer (ShaderImporter)
Imported 'GUID: c8d12adcee749c344b8117cf7c7eb912' -> (Import Result ID: '64dfcdb9b620c98fca5e6c3ffcce2098') in 0.002 seconds [static and dynamic dependencies]. Details - ImportResultOutputID=cdae873562d46c8ca7327f44da105fb8 DependenciesID=7b02e6ec041814b14ea142c4e2cfc9b9 StaticDependenciesID=1693b0f3b602df34fb05cd0ca65ce651 
Importing 'GUID: bc1ede39bf3643ee8e493720e4259791 - Path: Assets/TextMesh Pro/Shaders/TMP_SDF-Mobile Masking.shader' with importer (ShaderImporter)
Imported 'GUID: bc1ede39bf3643ee8e493720e4259791' -> (Import Result ID: '90c96b396dccfd700771c73dfc0066cf') in 0.002 seconds [static and dynamic dependencies]. Details - ImportResultOutputID=b7870331dd29eb9b8f14bb2e40c66fb9 DependenciesID=1a8a795e1f078ddb4dd75e14022bf241 StaticDependenciesID=b990e054b50fb1dd9be86c1d8b26a2e4 
Importing 'GUID: dd89cf5b9246416f84610a006f916af7 - Path: Assets/TextMesh Pro/Shaders/TMP_SDF Overlay.shader' with importer (ShaderImporter)
Imported 'GUID: dd89cf5b9246416f84610a006f916af7' -> (Import Result ID: 'eb6312e7215a0f1894388fc5d3d8e972') in 0.002 seconds [static and dynamic dependencies]. Details - ImportResultOutputID=f4ca6216cf1c9854ddab89982447affe DependenciesID=5143755d7bc484a6f67bb5435e8cdd4f StaticDependenciesID=ddb73010edf3141e4a2300c00b290ce1 
Importing 'GUID: 1e3b057af24249748ff873be7fafee47 - Path: Assets/TextMesh Pro/Shaders/TMP_Bitmap-Mobile.shader' with importer (ShaderImporter)
Imported 'GUID: 1e3b057af24249748ff873be7fafee47' -> (Import Result ID: '66ca9861a8de7f8e3f1237c7f7273e6c') in 0.002 seconds [static and dynamic dependencies]. Details - ImportResultOutputID=2a1945fbc39cb9d3777fc871d492af93 DependenciesID=89669a5af1a3fa0eed176dc4dc479fbd StaticDependenciesID=443c6c89ff3c66d5b3a8eb511638b2f2 
Importing 'GUID: fe393ace9b354375a9cb14cdbbc28be4 - Path: Assets/TextMesh Pro/Shaders/TMP_SDF-Mobile.shader' with importer (ShaderImporter)
Imported 'GUID: fe393ace9b354375a9cb14cdbbc28be4' -> (Import Result ID: '40d05be9be84d00131eaaf4e10905140') in 0.002 seconds [static and dynamic dependencies]. Details - ImportResultOutputID=279153efe01ccf1d989db4c204d93970 DependenciesID=ed23aba5332019b9e78f191c27ab4009 StaticDependenciesID=29781338420a4779e7771f833bf64b82 
Importing 'GUID: cf81c85f95fe47e1a27f6ae460cf182c - Path: Assets/TextMesh Pro/Shaders/TMP_Sprite.shader' with importer (ShaderImporter)
Imported 'GUID: cf81c85f95fe47e1a27f6ae460cf182c' -> (Import Result ID: '99744b0a2d739ed83da72298cbf2ab20') in 0.002 seconds [static and dynamic dependencies]. Details - ImportResultOutputID=1b064a08fe9cc7d36c1f926ed72ac187 DependenciesID=184f784298a34538505850b5080163d0 StaticDependenciesID=0ff142873cec264322f12ce089275c18 
Importing 'GUID: e73a58f6e2794ae7b1b7e50b7fb811b0 - Path: Assets/TextMesh Pro/Resources/Fonts & Materials/LiberationSans SDF - Drop Shadow.mat' with importer (NativeFormatImporter)
Imported 'GUID: e73a58f6e2794ae7b1b7e50b7fb811b0' -> (Import Result ID: '7a3f1f05de6ae894fe04e3fbc1dc3a8d') in 0.004 seconds [static dependencies only]. Details - ImportResultOutputID=88f815c0edef55493545dd7260b6379b DependenciesID=9b68c155c860efd2bd2bd7a5d138332a StaticDependenciesID=2c70f428f5d8a9d0e59b14cf9522aaee 
Importing 'GUID: 79459efec17a4d00a321bdcc27bbc385 - Path: Assets/TextMesh Pro/Resources/Fonts & Materials/LiberationSans SDF - Outline.mat' with importer (NativeFormatImporter)
Imported 'GUID: 79459efec17a4d00a321bdcc27bbc385' -> (Import Result ID: 'dbd51e9af9d561abcd481289f7ceb675') in 0.000 seconds [static dependencies only]. Details - ImportResultOutputID=f742fd837be57d5b294f4214e1f60ced DependenciesID=f83383c0c8b8187af0d43a0d31cf2cd6 StaticDependenciesID=983484032344b40f7260cac14d64dd2e 
Importing 'GUID: e3265ab4bf004d28a9537516768c1c75 - Path: Assets/TextMesh Pro/Fonts/LiberationSans.ttf' with importer (TrueTypeFontImporter)
Imported 'GUID: e3265ab4bf004d28a9537516768c1c75' -> (Import Result ID: 'df96a8ed88cc34c0d782674ac0485f4c') in 0.227 seconds [static and dynamic dependencies]. Details - ImportResultOutputID=0961a0baf0eafb599aee9d0864ed0035 DependenciesID=34be665754fb40e1e1223d3e60ce5cdb StaticDependenciesID=a52300c23b5ce3f9302cee57c0af6ee3 
Importing 'GUID: f952c082cb03451daed3ee968ac6c63e - Path: Assets/TextMesh Pro/Resources/Style Sheets/Default Style Sheet.asset' with importer (NativeFormatImporter)
Imported 'GUID: f952c082cb03451daed3ee968ac6c63e' -> (Import Result ID: '3be2ed5059c1d0369d573b349821e61a') in 0.001 seconds [static dependencies only]. Details - ImportResultOutputID=8dd71883b584e82682a3aae71db361b6 DependenciesID=15f5bbfea9fd2cc58aea88e012eadd5d StaticDependenciesID=f1ad0af2836a1865a7a28db8e458bc73 
Importing 'GUID: 2e498d1c8094910479dc3e1b768306a4 - Path: Assets/TextMesh Pro/Resources/Fonts & Materials/LiberationSans SDF - Fallback.asset' with importer (NativeFormatImporter)
Imported 'GUID: 2e498d1c8094910479dc3e1b768306a4' -> (Import Result ID: '234e9c263eada405fd5a36ab18d8a247') in 0.004 seconds [static dependencies only]. Details - ImportResultOutputID=94ce4dace069634644df4d315a8acf11 DependenciesID=70b8c9bd8e14d94a8a513898ff99d5f9 StaticDependenciesID=6fcd5c0b43ca802d606f116cfd5e2612 
Importing 'GUID: 3f5b5dff67a942289a9defa416b206f3 - Path: Assets/TextMesh Pro/Resources/TMP Settings.asset' with importer (NativeFormatImporter)
Imported 'GUID: 3f5b5dff67a942289a9defa416b206f3' -> (Import Result ID: 'f841acd4b471cbf3ea47f014d12be7a0') in 0.017 seconds [static dependencies only]. Details - ImportResultOutputID=f3a7f958421f64c2182feeeb9c024eba DependenciesID=545a642f532dfaa0a233aefc317afcc3 StaticDependenciesID=d9eadb4150c61ca5c5b338afd4c83175 
Importing 'GUID: 8f586378b4e144a9851e7b34d9b748ee - Path: Assets/TextMesh Pro/Resources/Fonts & Materials/LiberationSans SDF.asset' with importer (NativeFormatImporter)
Imported 'GUID: 8f586378b4e144a9851e7b34d9b748ee' -> (Import Result ID: '3c8b323e7d320dcd0fe18f56eb6ab594') in 0.000 seconds [static dependencies only]. Details - ImportResultOutputID=240fd601d528dfe2404501a6b4c703ff DependenciesID=06bb1279a8342a44092c1a2615127508 StaticDependenciesID=5157efe91d1109108bc5056f5e2a9749 
Importing 'GUID: d82c1b31c7e74239bff1220585707d2b - Path: Assets/TextMesh Pro/Resources/LineBreaking Leading Characters.txt' with importer (TextScriptImporter)
Imported 'GUID: d82c1b31c7e74239bff1220585707d2b' -> (Import Result ID: '4a02e700c34c2ad1cde970c1a8cc443f') in 0.001 seconds [static dependencies only]. Details - ImportResultOutputID=656c264a72560bc6d5d4ff81ebbbd71e DependenciesID=f834cbd335f632acacd8815172c13c5c StaticDependenciesID=d7840e64148846ba609ef7d12d657b95 
Importing 'GUID: fade42e8bc714b018fac513c043d323b - Path: Assets/TextMesh Pro/Resources/LineBreaking Following Characters.txt' with importer (TextScriptImporter)
Imported 'GUID: fade42e8bc714b018fac513c043d323b' -> (Import Result ID: 'c328e9a06595bd53e85ca959a0cd4837') in 0.000 seconds [static dependencies only]. Details - ImportResultOutputID=e7a4faf6f5567055bb2bb9f81ed43db7 DependenciesID=9f9546246fb8524ed520672a20bea9c6 StaticDependenciesID=db80cf50901edf496ff4be0daacaa63e 
Importing 'GUID: 6e59c59b81ab47f9b6ec5781fa725d2c - Path: Assets/TextMesh Pro/Fonts/LiberationSans - OFL.txt' with importer (TextScriptImporter)
Imported 'GUID: 6e59c59b81ab47f9b6ec5781fa725d2c' -> (Import Result ID: 'cdb621947239b8fd72d72b1d7a9bb22c') in 0.001 seconds [static dependencies only]. Details - ImportResultOutputID=743c8d75f946ab41679b34651b3ba806 DependenciesID=f6073ec9658273740d6b349bfbd9b8b4 StaticDependenciesID=f22bf5ef59c26993cff677f464e4a9a5 
Launching external process: /Applications/Unity/Hub/Editor/6000.5.1f1/Unity.app/Contents/Helpers/UnityShaderCompiler

Asset Pipeline Refresh (id=1c98e855c2d76484d8c73ad33a377928): Total: 1.454 seconds - Initiated by RefreshV2(ForceSynchronousImport)
	(Values over 0.05ms)
	Summary:
		Imports: total=39 (actual=39, local cache=0, cache server=0)
		Asset DB Process Time: managed=0 ms, native=1371 ms
		Asset DB Callback time: managed=26 ms, native=55 ms
		Scripting: domain reloads=0, domain reload time=0 ms, compile time=0 ms, other=0 ms
		Project Asset Count: scripts=210, non-scripts=158
		Asset File Changes: new=39, changed=39, moved=0, deleted=0
		Scan Filter Count: 1
	InvokePackagesCallback: 1.281ms
	ApplyChangesToAssetFolders: 0.056ms
	Scan: 16.008ms
	Collect global state as custom dependencies: 0.076ms
	OnSourceAssetsModified: 7.603ms
	CategorizeAssets: 0.324ms
	ImportOutOfDateAssets: 1354.510ms (1.266ms without children)
		ImportManagerImport: 1351.974ms (0.737ms without children)
			UpdateCategorizedAssets: 0.202ms
		UnloadImportedAssets: 0.086ms
		ImportSchedulerStart: 1.148ms
	PostProcessAllAssets: 70.931ms
		ShaderAssetModifiedCallback 45.563ms
		VersionControlSettings.HiddenFilePostprocess 0.162ms
		PostprocessAssetsUpdateCachedIcon 0.093ms
		ComputeShaderImportPostprocess 0.075ms
		MonoPostProcessAllAssets: 24.534ms
			TMPro_TexturePostProcessor.OnPostprocessAllAssets 23.420ms
			AssetPostprocessor.OnPostprocessAllAssets 0.347ms
			AssetChangedListener.OnPostprocessAllAssets 0.296ms
			TextAssetPostProcessor.OnPostprocessAllAssets 0.115ms
	PostAssetChangesProfiler: 2.380ms
	PersistCurrentRevisions: 0.081ms
	Untracked: 0.881ms

Asset Pipeline Refresh (id=1a7bc32d40b9c45a5af1201bcc4310b3): Total: 0.016 seconds - Initiated by RefreshV2(ForceSynchronousImport)
[TMP Essential Resources] have been imported.
UnityEngine.Debug:ExtractStackTraceNoAlloc (byte*,int,string)
UnityEngine.StackTraceUtility:ExtractStackTrace () (at /Users/bokken/build/output/unity/unity/Runtime/Export/Scripting/StackTrace.cs:35)
UnityEngine.DebugLogHandler:Internal_Log (UnityEngine.LogType,UnityEngine.LogOption,string,UnityEngine.Object)
UnityEngine.DebugLogHandler:LogFormat (UnityEngine.LogType,UnityEngine.Object,string,object[])
UnityEngine.Logger:Log (UnityEngine.LogType,object)
UnityEngine.Debug:Log (object)
TMPro.TMP_PackageResourceImporter:ImportCallback (string) (at ./Library/PackageCache/com.unity.ugui@4f9b15fd1386/Runtime/TMP/TMP_PackageResourceImporter.cs:160)
UnityEditor.AssetDatabase:Internal_CallImportPackageCompleted (string) (at /Users/bokken/build/output/unity/unity/Editor/Mono/AssetDatabase/AssetDatabase.cs:64)

(Filename: ./Library/PackageCache/com.unity.ugui@4f9b15fd1386/Runtime/TMP/TMP_PackageResourceImporter.cs Line: 160)

Launched and connected shader compiler UnityShaderCompiler after 0.08 seconds
Launching external process: /Applications/Unity/Hub/Editor/6000.5.1f1/Unity.app/Contents/Helpers/UnityShaderCompiler
Launched and connected shader compiler UnityShaderCompiler after 0.04 seconds
Launching external process: /Applications/Unity/Hub/Editor/6000.5.1f1/Unity.app/Contents/Helpers/UnityShaderCompiler
xcrun: error: unable to find utility "metal", not a developer tool or in PATH
xcrun: error: unable to find utility "metal-objdump", not a developer tool or in PATH
Launched and connected shader compiler UnityShaderCompiler after 0.08 seconds
Launching external process: /Applications/Unity/Hub/Editor/6000.5.1f1/Unity.app/Contents/Helpers/UnityShaderCompiler
xcrun: error: unable to find utility "metal", not a developer tool or in PATH
xcrun: error: unable to find utility "metal-objdump", not a developer tool or in PATH
xcrun: error: unable to find utility "metal", not a developer tool or in PATH
Launched and connected shader compiler UnityShaderCompiler after 0.05 seconds
Launching external process: /Applications/Unity/Hub/Editor/6000.5.1f1/Unity.app/Contents/Helpers/UnityShaderCompiler
xcrun: error: unable to find utility "metal-objdump", not a developer tool or in PATH
Launched and connected shader compiler UnityShaderCompiler after 0.05 seconds
Launching external process: /Applications/Unity/Hub/Editor/6000.5.1f1/Unity.app/Contents/Helpers/UnityShaderCompiler
xcrun: error: unable to find utility "metal", not a developer tool or in PATH
xcrun: error: unable to find utility "metal-objdump", not a developer tool or in PATH
xcrun: error: unable to find utility "metal", not a developer tool or in PATH
xcrun: error: unable to find utility "metal-objdump", not a developer tool or in PATH
Launched and connected shader compiler UnityShaderCompiler after 0.07 seconds
Launching external process: /Applications/Unity/Hub/Editor/6000.5.1f1/Unity.app/Contents/Helpers/UnityShaderCompiler
xcrun: error: unable to find utility "metal", not a developer tool or in PATH
xcrun: error: unable to find utility "metal-objdump", not a developer tool or in PATH
Launched and connected shader compiler UnityShaderCompiler after 0.08 seconds
xcrun: error: unable to find utility "metal", not a developer tool or in PATH
xcrun: error: unable to find utility "metal-objdump", not a developer tool or in PATH
[Licensing::Client] Successfully resolved entitlement details
[ScriptCompilation] Requested script compilation because: AssetDatabase observed changes in script compilation related files
[Licensing::Client] Successfully resolved entitlement details
info: Microsoft.AspNetCore.Hosting.Diagnostics[1]
      Request starting HTTP/2 POST http://ilpp/UnityILPP.PostProcessing/Ping - application/grpc -
info: Microsoft.AspNetCore.Routing.EndpointMiddleware[0]
      Executing endpoint 'gRPC - /UnityILPP.PostProcessing/Ping'
info: Microsoft.AspNetCore.Routing.EndpointMiddleware[1]
      Executed endpoint 'gRPC - /UnityILPP.PostProcessing/Ping'
info: Microsoft.AspNetCore.Hosting.Diagnostics[2]
      Request finished HTTP/2 POST http://ilpp/UnityILPP.PostProcessing/Ping - 200 - application/grpc 7.2955ms
Starting: /Applications/Unity/Hub/Editor/6000.5.1f1/Unity.app/Contents/Resources/BuildPipeline/bee_backend --ipc --defer-dag-verification --dagfile="Library/Bee/1300b0aE.dag" --continue-on-failure --profile="Library/Bee/backend1.traceevents" ScriptAssemblies
WorkingDir: /Users/ashupathak/Documents/Sagar/MusicPlayer/UnityGame
Starting: /Applications/Unity/Hub/Editor/6000.5.1f1/Unity.app/Contents/Resources/Scripting/netcorerun/netcorerun "/Applications/Unity/Hub/Editor/6000.5.1f1/Unity.app/Contents/Resources/BuildPipeline/ScriptCompilationBuildProgram.exe" "Library/Bee/1300b0aE.dag.json" "Library/Bee/1300b0aE-inputdata.json" "Library/Bee/buildprogram0.traceevents"
WorkingDir: /Users/ashupathak/Documents/Sagar/MusicPlayer/UnityGame
ExitCode: 4 Duration: 0s62ms
Rebuilding DAG because FileSignature timestamp changed: Library/Bee/1300b0aE-inputdata.json
*** Tundra requires additional run (0.04 seconds), 0 items updated, 243 evaluated
ExitCode: 0 Duration: 0s581ms
Starting: /Applications/Unity/Hub/Editor/6000.5.1f1/Unity.app/Contents/Resources/BuildPipeline/bee_backend --ipc --defer-dag-verification --dagfile="Library/Bee/1300b0aE.dag" --continue-on-failure --dagfilejson="Library/Bee/1300b0aE.dag.json" --profile="Library/Bee/backend2.traceevents" ScriptAssemblies
WorkingDir: /Users/ashupathak/Documents/Sagar/MusicPlayer/UnityGame
ExitCode: 0 Duration: 2s264ms
Finished compiling graph: 246 nodes, 2210 flattened edges (2086 ToBuild, 20 ToUse), maximum node priority 118
[194/243    0s] WriteText Library/Bee/artifacts/1300b0aE.dag/Assembly-CSharp.rsp
[237/243    2s] Csc Library/Bee/artifacts/1300b0aE.dag/Assembly-CSharp.dll (+2 others)
[238/243    0s] CopyFiles Library/ScriptAssemblies/Assembly-CSharp.dll
[239/243    0s] CopyFiles Library/ScriptAssemblies/Assembly-CSharp.pdb
[240/243    0s] Csc Library/Bee/artifacts/1300b0aE.dag/Assembly-CSharp-Editor.dll (+2 others)
[241/243    0s] CopyFiles Library/ScriptAssemblies/Assembly-CSharp-Editor.pdb
[242/243    0s] CopyFiles Library/ScriptAssemblies/Assembly-CSharp-Editor.dll
*** Tundra build success (2.24 seconds), 7 items updated, 243 evaluated
Reloading assemblies after forced synchronous recompile.
Total cache size 88847880
Total cache size after purge 88847880, took 00:00:00.0644334
Begin MonoManager ReloadAssembly
2026-09-04 22:47:41.949 Unity[28339:420524] NSEventModifierFlagFunction specified to -setKeyEquivalentModifierMask: for item <NSMenuItem: 0x79f545d900 SDF, ke='Command-F12'>, but is only supported for system-provided menu items; will not be used
2026-09-04 22:47:41.952 Unity[28339:420524] NSEventModifierFlagFunction specified to -setKeyEquivalentModifierMask: for item <NSMenuItem: 0x79f545d720 SDF, ke='Command-F12'>, but is only supported for system-provided menu items; will not be used
2026-09-04 22:47:41.955 Unity[28339:420524] NSEventModifierFlagFunction specified to -setKeyEquivalentModifierMask: for item <NSMenuItem: 0x79f1e850e0 SDF, ke='Command-F12'>, but is only supported for system-provided menu items; will not be used
2026-09-04 22:47:41.957 Unity[28339:420524] NSEventModifierFlagFunction specified to -setKeyEquivalentModifierMask: for item <NSMenuItem: 0x79ef5fa8a0 SDF, ke='Command-F12'>, but is only supported for system-provided menu items; will not be used
Thread 0x170107000 may have been prematurely finalized
Importing 'GUID: ce51c8e33b734b4db6086586558c53a3 - Path: Assets/TextMesh Pro/Examples & Extras' with importer (DefaultImporter)
Imported 'GUID: ce51c8e33b734b4db6086586558c53a3' -> (Import Result ID: '38fa16f22242153d023578dd3ac5c957') in 0.010 seconds [static dependencies only]. Details - ImportResultOutputID=4620fffe42de35562a155a9722c23d59 DependenciesID=a716365ec425180efce246e57bfe46b7 StaticDependenciesID=e7aebcd1e94ae42735d95c75446b1b7c 
Importing 'GUID: 701e577af2ba48b689972d42efb95456 - Path: Assets/TextMesh Pro/Examples & Extras/Sprites' with importer (DefaultImporter)
Imported 'GUID: 701e577af2ba48b689972d42efb95456' -> (Import Result ID: '9fd1b80851a545ef0b2c73c4e00ed9fb') in 0.001 seconds [static dependencies only]. Details - ImportResultOutputID=2495265332e88f52c02b8b7f068ae6a2 DependenciesID=3355e86e128ae4cdcd17795579f22b22 StaticDependenciesID=09a80f50b5f92f0ccfa5cd524a1f9414 
Importing 'GUID: b63e0053080646b9819789bf3bf9fa17 - Path: Assets/TextMesh Pro/Examples & Extras/Fonts' with importer (DefaultImporter)
Imported 'GUID: b63e0053080646b9819789bf3bf9fa17' -> (Import Result ID: 'ee789c3d4c77907bedf2a2d01552b0c1') in 0.000 seconds [static dependencies only]. Details - ImportResultOutputID=271216bdf149c53863a961919741dd5b DependenciesID=826cfb3276d429ab9b400ae87e7410b5 StaticDependenciesID=656cd93c789813627b0c776daf1ddde1 
Importing 'GUID: d6d3a169ad794942a21da6a552d62f6f - Path: Assets/TextMesh Pro/Examples & Extras/Resources' with importer (DefaultImporter)
Imported 'GUID: d6d3a169ad794942a21da6a552d62f6f' -> (Import Result ID: '0e1c46bc284f4591215c3dd883157ffc') in 0.000 seconds [static dependencies only]. Details - ImportResultOutputID=50c13d3eb216b98139e0d2c2b1b33795 DependenciesID=05ab1619e2910d503ba784169cafa542 StaticDependenciesID=3f52745f10ff80351b19b7feab331353 
Importing 'GUID: 5808953df7a24274a851aa6dee52d30e - Path: Assets/TextMesh Pro/Examples & Extras/Materials' with importer (DefaultImporter)
Imported 'GUID: 5808953df7a24274a851aa6dee52d30e' -> (Import Result ID: 'a334c6f674a3054ec9dbcb6053d11e26') in 0.000 seconds [static dependencies only]. Details - ImportResultOutputID=4f4ec4db18510022ca9f0fae9b7db45c DependenciesID=57124ba6641ad5c41428d162b80009d7 StaticDependenciesID=c04e115f6582dc5dbfe0a9f5f5741b44 
Importing 'GUID: 3979ce59e55144c89a2b3b3f8dcf7fd3 - Path: Assets/TextMesh Pro/Examples & Extras/Scripts' with importer (DefaultImporter)
Imported 'GUID: 3979ce59e55144c89a2b3b3f8dcf7fd3' -> (Import Result ID: '88568fa7583596729017c9a3047d1ad9') in 0.000 seconds [static dependencies only]. Details - ImportResultOutputID=6989d8b9045c18ef2af9b5205f5d1d2b DependenciesID=32b44e6edde2c6ff251c9ebf47a41a75 StaticDependenciesID=7906803d970ad4eb8a6dbdd060931966 
Importing 'GUID: 5bff2544887143f5807c7d5059d07f79 - Path: Assets/TextMesh Pro/Examples & Extras/Prefabs' with importer (DefaultImporter)
Imported 'GUID: 5bff2544887143f5807c7d5059d07f79' -> (Import Result ID: '5f8daadb9ae14c3fe33bda5bfa786eb7') in 0.000 seconds [static dependencies only]. Details - ImportResultOutputID=eb40c7ce7086c4ae21c4ee46b0722dba DependenciesID=5b4834b32905f35938c08d32081b1769 StaticDependenciesID=9e3df20735558d4d35b7fc68d29e3c44 
Importing 'GUID: db1090641b3241f6995b587eb21637bc - Path: Assets/TextMesh Pro/Examples & Extras/Scenes' with importer (DefaultImporter)
Imported 'GUID: db1090641b3241f6995b587eb21637bc' -> (Import Result ID: '7fa0dac269cac794eed3c5b1ca2996c7') in 0.000 seconds [static dependencies only]. Details - ImportResultOutputID=e05307aa749106c9fd0d9b1713ec2900 DependenciesID=ec572a6286d228b6cd2f2ab47d478b4f StaticDependenciesID=4f0b006dbff5bd88bca09831b8a88031 
Importing 'GUID: 6e5c6d5e25574122a7a12dbdbbeed156 - Path: Assets/TextMesh Pro/Examples & Extras/Textures' with importer (DefaultImporter)
Imported 'GUID: 6e5c6d5e25574122a7a12dbdbbeed156' -> (Import Result ID: 'c626c387181f9a02cc0e389452723787') in 0.000 seconds [static dependencies only]. Details - ImportResultOutputID=797ac745a14be9ed4ccefaec7bd19b8a DependenciesID=181326c0b1ea9be780f0af9df1ac28f6 StaticDependenciesID=396df8084dbc1e2e5e16ff712223691a 
Importing 'GUID: a7eaeb4188c60454faf0a41c253b505c - Path: Assets/TextMesh Pro/Examples & Extras/Scenes/28 - HDRP Shader Example' with importer (DefaultImporter)
Imported 'GUID: a7eaeb4188c60454faf0a41c253b505c' -> (Import Result ID: '65460e2247c37676aa98179d07687986') in 0.000 seconds [static dependencies only]. Details - ImportResultOutputID=a8ec7e12006924b8b3e9bbf427f3e850 DependenciesID=8357ba72c357e9c50ae47b0d305808d9 StaticDependenciesID=def5bd821b4aaac93d2e576a1da7ab8b 
Importing 'GUID: 3ac6db30e75b49b282a3564110579f27 - Path: Assets/TextMesh Pro/Examples & Extras/Resources/Sprite Assets' with importer (DefaultImporter)
Imported 'GUID: 3ac6db30e75b49b282a3564110579f27' -> (Import Result ID: 'e80a50c756eeadd2c979dc043a69007c') in 0.000 seconds [static dependencies only]. Details - ImportResultOutputID=add9baebb2aa03d16a1fd51eba195899 DependenciesID=ca50832f091e9d6062740299876ca05a StaticDependenciesID=99593f7f09a73e6efc8c8c60c1ef3071 
Importing 'GUID: 4f1e85c79acf49968737939ce8b445c7 - Path: Assets/TextMesh Pro/Examples & Extras/Resources/Fonts & Materials' with importer (DefaultImporter)
Imported 'GUID: 4f1e85c79acf49968737939ce8b445c7' -> (Import Result ID: '812f0552cb13b4ed642e82b6474f1799') in 0.000 seconds [static dependencies only]. Details - ImportResultOutputID=046ce3a1316d7439074715a5a5d37024 DependenciesID=9aadb9b0ee47032693b612e842a26f63 StaticDependenciesID=c184ecf2f48d435e0015963e9acddd8a 
Importing 'GUID: 7f422cd1388b01047a58cd07c7a23d9d - Path: Assets/TextMesh Pro/Examples & Extras/Resources/Color Gradient Presets' with importer (DefaultImporter)
Imported 'GUID: 7f422cd1388b01047a58cd07c7a23d9d' -> (Import Result ID: '344d7c36c2ec61b65683777662b24771') in 0.000 seconds [static dependencies only]. Details - ImportResultOutputID=1aa78d49e02a5e29cbe5689a065c54c5 DependenciesID=e80d608d4060783274065dbffaca38e9 StaticDependenciesID=bd7d6c2871c0500051e4fb7589e14352 
Native extension for Android target not found
Native extension for OSXStandalone target not found
[MODES] ModeService[none].Initialize
[MODES] ModeService[none].LoadModes
2026-09-04 22:47:42.883 Unity[28339:420524] NSEventModifierFlagFunction specified to -setKeyEquivalentModifierMask: for item <NSMenuItem: 0x79ef5fa9e0 SDF, ke='Command-F12'>, but is only supported for system-provided menu items; will not be used
ScheduleIndexationOnStartup MainProcess:True IndexOnStartup:True
Mono: successfully reloaded assembly
- Finished resetting the current domain, in  0.946 seconds
Domain Reload Profiling: 1397ms
	BeginReloadAssembly (329ms)
		DisableScriptedObjects (47ms)
		CreateAndSetChildDomain (89ms)
	RebuildCommonClasses (7ms)
	RebuildNativeTypeToScriptingClass (13ms)
	initialDomainReloadingComplete (24ms)
	LoadAllAssembliesAndSetupDomain (78ms)
		LoadAssemblies (85ms)
		AnalyzeDomain (18ms)
			TypeCache.Refresh (7ms)
			BuildScriptInfoCaches (8ms)
	FinalizeReload (947ms)
		SetupLoadedEditorAssemblies (0ms)
			InitializePlatformSupportModulesInManaged (8ms)
			BeforeProcessingInitializeOnLoad (105ms)
			ProcessInitializeOnLoadAttributes (60ms)
			ProcessInitializeOnLoadMethodAttributes (56ms)
		AwakeInstancesAfterBackupRestoration (330ms)
Importing 'GUID: 50f52f9274434ecfb34dd87f0836f323 - Path: Assets/TextMesh Pro/Examples & Extras/Scenes/21 - Script Example.unity' with importer (DefaultImporter)
Imported 'GUID: 50f52f9274434ecfb34dd87f0836f323' -> (Import Result ID: 'e2226ef1b87059bde6c2cfaa5f0106eb') in 0.001 seconds [static dependencies only]. Details - ImportResultOutputID=00de304fa399c98ed8bac38d9fe9b6e9 DependenciesID=4ac783c070fe2116e16beccb552936b4 StaticDependenciesID=160c4ae27d1a1b381e47de99f6873428 
Importing 'GUID: 70615243e2be4a81afaab9bf5d273d65 - Path: Assets/TextMesh Pro/Examples & Extras/Scenes/05 - Style Tags.unity' with importer (DefaultImporter)
Imported 'GUID: 70615243e2be4a81afaab9bf5d273d65' -> (Import Result ID: 'd11009486b991df3bdbe365ee6348a32') in 0.000 seconds [static dependencies only]. Details - ImportResultOutputID=6b21f7fac96364750062a6c1c9c42f4a DependenciesID=16800c29fd876a80c49213ac7d0423c3 StaticDependenciesID=50a7086d3b7de1647b1a1b3ec2bf7561 
Importing 'GUID: 21a509e1d3cd49978623fa564adb6f02 - Path: Assets/TextMesh Pro/Examples & Extras/Scenes/03 - Line Justification.unity' with importer (DefaultImporter)
Imported 'GUID: 21a509e1d3cd49978623fa564adb6f02' -> (Import Result ID: 'd7f663204005062a1bc67cbf7cbb994d') in 0.000 seconds [static dependencies only]. Details - ImportResultOutputID=3cbcb01241f53514cff2f039128b0b2b DependenciesID=350ffa5e083d6bb27526912e9ccc6b43 StaticDependenciesID=6749414f31acdcb3d908a86ab49fc335 
Importing 'GUID: 22a2fba786ad4c40ac0ba09f0b933100 - Path: Assets/TextMesh Pro/Examples & Extras/Scenes/14 - Multi Font & Sprites.unity' with importer (DefaultImporter)
Imported 'GUID: 22a2fba786ad4c40ac0ba09f0b933100' -> (Import Result ID: '4b72b3df3bcb1d9422bc5d9b19ae626d') in 0.000 seconds [static dependencies only]. Details - ImportResultOutputID=92e216fe1208c058cb07d40565e54914 DependenciesID=d9ce5441d609c882eb6dd1224022fe3d StaticDependenciesID=21ff50755be662c347e92ae8968741bd 
Importing 'GUID: 6250f98e58fe4abbaada5d84b7ca846d - Path: Assets/TextMesh Pro/Examples & Extras/Scenes/22 - Basic Scripting Example.unity' with importer (DefaultImporter)
Imported 'GUID: 6250f98e58fe4abbaada5d84b7ca846d' -> (Import Result ID: '40a13a763429366746de0a4cdb7160bd') in 0.001 seconds [static dependencies only]. Details - ImportResultOutputID=a7fe3df0b666b2be087591dcc38bfa1f DependenciesID=3a748fdfc77324e3d995139fac779565 StaticDependenciesID=2a3275eee1f3083b30590d50d8251ad6 
Importing 'GUID: 03f9d74cec8e4b94a29d2dfd177c821b - Path: Assets/TextMesh Pro/Examples & Extras/Scenes/18 - ScrollRect & Masking & Layout.unity' with importer (DefaultImporter)
Imported 'GUID: 03f9d74cec8e4b94a29d2dfd177c821b' -> (Import Result ID: '0e2226915188b4858d7dd0b02bdd3f9e') in 0.001 seconds [static dependencies only]. Details - ImportResultOutputID=13709df2a874195b8c192ae17d31065f DependenciesID=1be468266dc9896743852b7d5747a0b3 StaticDependenciesID=77be9ec25f284b366e0cce2f48139626 
Importing 'GUID: 03ec435d4b7140e9b2d87f79136d8374 - Path: Assets/TextMesh Pro/Examples & Extras/Scenes/07 - Superscript & Subscript Example.unity' with importer (DefaultImporter)
Imported 'GUID: 03ec435d4b7140e9b2d87f79136d8374' -> (Import Result ID: '7d658c248c536b2062740987bb5a8488') in 0.000 seconds [static dependencies only]. Details - ImportResultOutputID=8d7ae68f5e72da530d98dcdd99bdc26b DependenciesID=aae76435417b0dd1deb5a293aeb2d597 StaticDependenciesID=62f481b421cf3d340444ed3af2513d35 
Importing 'GUID: 337f92480dd24675aae9e79210fb1ad9 - Path: Assets/TextMesh Pro/Examples & Extras/Scenes/20 - Input Field with Scrollbar.unity' with importer (DefaultImporter)
Imported 'GUID: 337f92480dd24675aae9e79210fb1ad9' -> (Import Result ID: '261081a0bb5c224a90d5a2c449a56f24') in 0.000 seconds [static dependencies only]. Details - ImportResultOutputID=867fc0a6c3db602bc3a8b3bd21bca6dd DependenciesID=39cf736b474d5a3df2e1ea6df032fd2e StaticDependenciesID=4b82113d5482507149dbf07b7c000001 
Importing 'GUID: c3f814e1d12c45568daf3dd9a86a0e61 - Path: Assets/TextMesh Pro/Examples & Extras/Scenes/10 - Bullets & Numbered List Example.unity' with importer (DefaultImporter)
Imported 'GUID: c3f814e1d12c45568daf3dd9a86a0e61' -> (Import Result ID: 'fa71abdb4c19ccca00a456f4148870e6') in 0.000 seconds [static dependencies only]. Details - ImportResultOutputID=b2d343b99b7562fde33e24ddb8d192ed DependenciesID=2bde576bd57ce41f355fd5965ee86c47 StaticDependenciesID=b0e5013904a49cc1ea05d274514364c8 
Importing 'GUID: 349f38d3606449708c7340d26740e1e2 - Path: Assets/TextMesh Pro/Examples & Extras/Scenes/09 - Margin Tag Example.unity' with importer (DefaultImporter)
Imported 'GUID: 349f38d3606449708c7340d26740e1e2' -> (Import Result ID: '09f221a100a42ddb41aa0d2da1abb99d') in 0.001 seconds [static dependencies only]. Details - ImportResultOutputID=3f3cbd7cdd0ccf7b15b267e50ecf15f2 DependenciesID=98dc19991154218608a878354efa6df4 StaticDependenciesID=7ac9777c081d28c23137ec6a1e3d215e 
Importing 'GUID: 54e994244b4b467e8583cf2da6dcc716 - Path: Assets/TextMesh Pro/Examples & Extras/Scenes/23 - Animating Vertex Attributes.unity' with importer (DefaultImporter)
Imported 'GUID: 54e994244b4b467e8583cf2da6dcc716' -> (Import Result ID: 'ad850157b71ca593e20c69bff150c50f') in 0.000 seconds [static dependencies only]. Details - ImportResultOutputID=526ce4aa14d0c08dc956a3744b864057 DependenciesID=4f163f4f2065a6d65efd7c912871d68c StaticDependenciesID=a7d0fab22d362c70008c3a1cfef63129 
Importing 'GUID: 84ed36ad77dd4956b2ffe3769f759879 - Path: Assets/TextMesh Pro/Examples & Extras/Scenes/11 - The Style Tag.unity' with importer (DefaultImporter)
Imported 'GUID: 84ed36ad77dd4956b2ffe3769f759879' -> (Import Result ID: '0f64db919abf4ca03f7f2e2a622ed7ef') in 0.000 seconds [static dependencies only]. Details - ImportResultOutputID=8fe03bd5cc8db8f72975e063ca101c18 DependenciesID=39c491043a46ae9da6ca92fdba3c2428 StaticDependenciesID=5522706813fe2816361c0e88bafaee1e 
Importing 'GUID: 9442cda25baa4a0bb544c4d095b00caa - Path: Assets/TextMesh Pro/Examples & Extras/Scenes/16 - Linked text overflow mode example.unity' with importer (DefaultImporter)
Imported 'GUID: 9442cda25baa4a0bb544c4d095b00caa' -> (Import Result ID: 'be5c1a449ef2bb2e8623e561360bdad9') in 0.000 seconds [static dependencies only]. Details - ImportResultOutputID=08f7e90e44c68c6321a02aaf388bf4fb DependenciesID=3fbf66489d4eaed8bf9a9f7f3b4ca931 StaticDependenciesID=ca61c149ab5774ce3894ea0dd33cfa02 
Importing 'GUID: 251716609f634449bfe8ce75c0ed78fe - Path: Assets/TextMesh Pro/Examples & Extras/Scenes/02 - Multi-line TextMesh Pro.unity' with importer (DefaultImporter)
Imported 'GUID: 251716609f634449bfe8ce75c0ed78fe' -> (Import Result ID: '54bf9702157502c0b645b5767ab74b76') in 0.000 seconds [static dependencies only]. Details - ImportResultOutputID=fe4ee1a7e95758452ee583f10cde925e DependenciesID=335e65441f0a325180d4e6cef27bc155 StaticDependenciesID=5afe50ef6e43d5bb520d308515b19e3c 
Importing 'GUID: 16177da2e3254cee91944756d5f8ddd3 - Path: Assets/TextMesh Pro/Examples & Extras/Scenes/Benchmark (Floating Text).unity' with importer (DefaultImporter)
Imported 'GUID: 16177da2e3254cee91944756d5f8ddd3' -> (Import Result ID: '2520230dfe97ad77c305884ce012488b') in 0.000 seconds [static dependencies only]. Details - ImportResultOutputID=47cd31cecb7810aa9f63473022e166ca DependenciesID=5f2bc99c8a241ac17f2ca2bc8b4a5f47 StaticDependenciesID=c6044f152f8bb2ed9cbfc291d472fa40 
Importing 'GUID: 57694ed9d1cd1e340a4924c0f2eac8e3 - Path: Assets/TextMesh Pro/Examples & Extras/Scenes/24 - Surface Shader Example URP.unity' with importer (DefaultImporter)
Imported 'GUID: 57694ed9d1cd1e340a4924c0f2eac8e3' -> (Import Result ID: 'b83c53cec101fdf945ee5423fce7f991') in 0.000 seconds [static dependencies only]. Details - ImportResultOutputID=36fff6fa73540c0dc87ccaea6e138518 DependenciesID=d6537351921478fbc81745ba0a458e8c StaticDependenciesID=427a59171b73de6dc838836863ff6176 
Importing 'GUID: 875684baf40f4d008ce806d03e2a81b2 - Path: Assets/TextMesh Pro/Examples & Extras/Scenes/13 - Soft Hyphenation.unity' with importer (DefaultImporter)
Imported 'GUID: 875684baf40f4d008ce806d03e2a81b2' -> (Import Result ID: '7aca7bfb349d5da6ccb568d2a5327c65') in 0.000 seconds [static dependencies only]. Details - ImportResultOutputID=3dfa32bf1772c2540b5ee9989f92d044 DependenciesID=fb7ce60b6d0dff003f23a1a4a90b4b26 StaticDependenciesID=5eb7cd05a8433510bdc34ee5ed3805e5 
Importing 'GUID: 9747140c28254be2adc582210dfb89b8 - Path: Assets/TextMesh Pro/Examples & Extras/Scenes/12 - Link Example.unity' with importer (DefaultImporter)
Imported 'GUID: 9747140c28254be2adc582210dfb89b8' -> (Import Result ID: 'd41d633d8521fb96cf7d89c351bf9ba3') in 0.000 seconds [static dependencies only]. Details - ImportResultOutputID=6933350e05cc14495f2975e84a36a453 DependenciesID=104f11708635256dc00d8e58cb74711f StaticDependenciesID=30cdf147e5c52c4908a871552a7ce6cb 
Importing 'GUID: e76e6c0f81964cbda3fe0b7d26ed8060 - Path: Assets/TextMesh Pro/Examples & Extras/Scenes/15 - Inline Graphics & Sprites.unity' with importer (DefaultImporter)
Imported 'GUID: e76e6c0f81964cbda3fe0b7d26ed8060' -> (Import Result ID: '8fb3102b6a5848b10b742d30440251f9') in 0.001 seconds [static dependencies only]. Details - ImportResultOutputID=e7cc046989992546f814241c6b6ff462 DependenciesID=1e915b27c9dea9f49257f8b4242de073 StaticDependenciesID=767c7c6bf1453d8bfbbcb33194ca5b5d 
Importing 'GUID: 0851605490a599b46b6ac5cb681d93ea - Path: Assets/TextMesh Pro/Examples & Extras/Scenes/26 - Dropdown Placeholder Example.unity' with importer (DefaultImporter)
Imported 'GUID: 0851605490a599b46b6ac5cb681d93ea' -> (Import Result ID: '82832f30170d8c83258e4c5b17cd0b93') in 0.000 seconds [static dependencies only]. Details - ImportResultOutputID=08dcf38673fd15852711f1bb2eb824ab DependenciesID=a3ceda87f65a02961cf55cf152b80177 StaticDependenciesID=72e4ae434dd3001f2c7967bf62c11ce9 
Importing 'GUID: 08572ab7713642c8a60789750f0bce5c - Path: Assets/TextMesh Pro/Examples & Extras/Scenes/12a - Text Interactions.unity' with importer (DefaultImporter)
Imported 'GUID: 08572ab7713642c8a60789750f0bce5c' -> (Import Result ID: '8a1350adcf52a803b3bea2254ccdc09a') in 0.000 seconds [static dependencies only]. Details - ImportResultOutputID=842e668e475e96736b90a616c12b3e67 DependenciesID=b621b99f95207becd6c10ab366af00c1 StaticDependenciesID=a29373fb472a6c28511f552c68441b23 
Importing 'GUID: 39a1fa96ad2a449b908fca29d4297a74 - Path: Assets/TextMesh Pro/Examples & Extras/Scenes/06 - Extra Rich Text Examples.unity' with importer (DefaultImporter)
Imported 'GUID: 39a1fa96ad2a449b908fca29d4297a74' -> (Import Result ID: '325f5692f43614ff630ccdc0f39bb99b') in 0.000 seconds [static dependencies only]. Details - ImportResultOutputID=b8d822703579c2a370355444a9e4fb3f DependenciesID=e274cdfcdc4b650d6bdaf6176140c2ac StaticDependenciesID=d34f8016065e7993cb40dfc39ed9d252 
Importing 'GUID: f9b4c22e15cff344ba9fc6542a58dd07 - Path: Assets/TextMesh Pro/Examples & Extras/Scenes/25 - Sunny Days Example.unity' with importer (DefaultImporter)
Imported 'GUID: f9b4c22e15cff344ba9fc6542a58dd07' -> (Import Result ID: '8d67e885b337124648a1f648461c9fcd') in 0.000 seconds [static dependencies only]. Details - ImportResultOutputID=fad989ae7bce1a4f43416ab8123548a1 DependenciesID=18ab1646c5f878964fec37b50ffc7c19 StaticDependenciesID=d5a8f9418da0815bc4e008c7cbf44f54 
Importing 'GUID: 2ac8cf212df6445e8aebbe3cb832e993 - Path: Assets/TextMesh Pro/Examples & Extras/Scenes/01-  Single Line TextMesh Pro.unity' with importer (DefaultImporter)
Imported 'GUID: 2ac8cf212df6445e8aebbe3cb832e993' -> (Import Result ID: 'bbae7b331bb3bc3a46678665727d50b3') in 0.000 seconds [static dependencies only]. Details - ImportResultOutputID=96318875b8159baba5087cbe2f7e2d0b DependenciesID=cd6ae445b9eaa1a9967caef20f9c7ebb StaticDependenciesID=caee29b9a0b375cbe3d2090358ca81ae 
Importing 'GUID: 9abcd5bd764646568a6ea70d00f9264c - Path: Assets/TextMesh Pro/Examples & Extras/Scenes/19 - Masking Texture & Soft Mask.unity' with importer (DefaultImporter)
Imported 'GUID: 9abcd5bd764646568a6ea70d00f9264c' -> (Import Result ID: 'a7ca6c77af7ac88d96e01c01c0e9e4d7') in 0.000 seconds [static dependencies only]. Details - ImportResultOutputID=9e9613b97fe1c458fe0505f18bd2af7d DependenciesID=4d95999df53ed1cfc5f2ee413fb599c1 StaticDependenciesID=006a8f1ff361d8cfaab39c119c3b41ab 
Importing 'GUID: 3b38a6ba32b869f48812e595baf39746 - Path: Assets/TextMesh Pro/Examples & Extras/Scenes/27 - Double Pass Shader Example.unity' with importer (DefaultImporter)
Imported 'GUID: 3b38a6ba32b869f48812e595baf39746' -> (Import Result ID: 'c34dc1918f00b5fcabf9614c67427caa') in 0.000 seconds [static dependencies only]. Details - ImportResultOutputID=87e82ca0be9b8de3e443c5bc81f3591e DependenciesID=6adf35d04e18847311411b594fe91318 StaticDependenciesID=ec623dbc5f33f0f4049d22bc0973104d 
Importing 'GUID: 8c4969fd8ba94a68b07cf11f3e7a5137 - Path: Assets/TextMesh Pro/Examples & Extras/Scenes/24 - Surface Shader Example.unity' with importer (DefaultImporter)
Imported 'GUID: 8c4969fd8ba94a68b07cf11f3e7a5137' -> (Import Result ID: 'ce53b3ce8b3e49843fd413b3588af5a5') in 0.000 seconds [static dependencies only]. Details - ImportResultOutputID=39f83a56fea985616326e1400783f2dd DependenciesID=279f6ccf62635765f9519131c32a0a80 StaticDependenciesID=542b4d2c0d06a1306fa36bb373d4fc3a 
Importing 'GUID: 3e2e4d7b0bed4cf9ab827e9f32448f69 - Path: Assets/TextMesh Pro/Examples & Extras/Scenes/17 - Old Computer Terminal.unity' with importer (DefaultImporter)
Imported 'GUID: 3e2e4d7b0bed4cf9ab827e9f32448f69' -> (Import Result ID: 'c2196125aa3b620cd676493a0405cb0d') in 0.000 seconds [static dependencies only]. Details - ImportResultOutputID=4ff618bd120476727fd72e6203300a48 DependenciesID=5fa6bfe2f8cc85f8cd407188f5a27024 StaticDependenciesID=8a008a93ca1eaa1d8a53e63dd511a912 
Importing 'GUID: eea2b7206368b444e84fbec4ec32b64a - Path: Assets/TextMesh Pro/Examples & Extras/Scenes/28 - HDRP Shader Example.unity' with importer (DefaultImporter)
Imported 'GUID: eea2b7206368b444e84fbec4ec32b64a' -> (Import Result ID: '9bad7f9a9049f473d2e4a7890dd74520') in 0.000 seconds [static dependencies only]. Details - ImportResultOutputID=40e0ec5b83c1f2eeddc407b83024923e DependenciesID=b7c069ded85d91bf4ec05152ea94bbcc StaticDependenciesID=2a47827b17a08921db5f905cb2099e54 
Importing 'GUID: 5fe2257128d9401fad0790f581dc8a6f - Path: Assets/TextMesh Pro/Examples & Extras/Scenes/08 - Improved Text Alignment.unity' with importer (DefaultImporter)
Imported 'GUID: 5fe2257128d9401fad0790f581dc8a6f' -> (Import Result ID: 'ecb6f7e836181c066b76b363ca0fb184') in 0.000 seconds [static dependencies only]. Details - ImportResultOutputID=86324657fc3454dd12859728200e0da7 DependenciesID=bc02267f2d72b8b647aaf0c3ea6cfbd4 StaticDependenciesID=92bd1f41d9a8e8cab126241e9c9a0b0a 
Importing 'GUID: 8f7137eacd7042d5b17ef0efe5e744f5 - Path: Assets/TextMesh Pro/Examples & Extras/Scenes/04 - Word Wrapping.unity' with importer (DefaultImporter)
Imported 'GUID: 8f7137eacd7042d5b17ef0efe5e744f5' -> (Import Result ID: '1f6eb924ac904c3c1a889a4205750b46') in 0.000 seconds [static dependencies only]. Details - ImportResultOutputID=a8d6ae280f3075237255f073d323fbe3 DependenciesID=56968d99303f12b4480752e728a45c46 StaticDependenciesID=512b69b30f0c9ab8d848393add60b9b2 
Importing 'GUID: 10c49fcd9c64421db7c0133e61e55f97 - Path: Assets/TextMesh Pro/Examples & Extras/Textures/Wipe Pattern - Circle.psd' with importer (TextureImporter)
Imported 'GUID: 10c49fcd9c64421db7c0133e61e55f97' -> (Import Result ID: 'f071b9a096bcc30456d6818deac2e49f') in 0.011 seconds [static and dynamic dependencies]. Details - ImportResultOutputID=23ee13b50c2a7ce1b16c92363b2962f1 DependenciesID=46da8fe7e11bb944361b58843d1a2fb6 StaticDependenciesID=a0474f58241330b43aed5cef3a54d5ea 
Importing 'GUID: 602cb87b6a29443b8636370ea0751574 - Path: Assets/TextMesh Pro/Examples & Extras/Textures/Small Crate_diffuse.jpg' with importer (TextureImporter)
Imported 'GUID: 602cb87b6a29443b8636370ea0751574' -> (Import Result ID: '79341ec285fa5331667da147bb2ed732') in 0.017 seconds [static and dynamic dependencies]. Details - ImportResultOutputID=dad11719ec780303071bf4aba2b5b40a DependenciesID=d77bcd4216cb7e093248722ff76ef022 StaticDependenciesID=993a25add2635e716dfdc98f2c93af2f 
Importing 'GUID: a0fc465d6cf04254a2938578735e2383 - Path: Assets/TextMesh Pro/Examples & Extras/Sprites/Default Sprites.png' with importer (TextureImporter)
Imported 'GUID: a0fc465d6cf04254a2938578735e2383' -> (Import Result ID: 'cf46870994a7c2b13b766313afa0619d') in 0.091 seconds [static and dynamic dependencies]. Details - ImportResultOutputID=0395dbeed1a7e51ec4214c4cad1a10be DependenciesID=fba6d2c022ebe4e9654ef5a3b0651848 StaticDependenciesID=c7415ac8fc9f0f68e58de773c02048d2 
Importing 'GUID: 03d0538de6e24c0f819bfc9ce084dfa9 - Path: Assets/TextMesh Pro/Examples & Extras/Textures/Gradient Vertical (Color).jpg' with importer (TextureImporter)
Imported 'GUID: 03d0538de6e24c0f819bfc9ce084dfa9' -> (Import Result ID: 'ef5806d7a975c06d235599c5bebee103') in 0.002 seconds [static and dynamic dependencies]. Details - ImportResultOutputID=0748552e3ff24f6cb9ddf29c410b18b6 DependenciesID=7c51d4da7c2a6b4639bcc7dc6a863d50 StaticDependenciesID=301564569ed8408ec4a52f383b1325e7 
Importing 'GUID: 85ac55597b97403c82fc6601a93cf241 - Path: Assets/TextMesh Pro/Examples & Extras/Textures/Floor Tiles 1 - diffuse.jpg' with importer (TextureImporter)
Imported 'GUID: 85ac55597b97403c82fc6601a93cf241' -> (Import Result ID: '381e5a781a92ac61116f859b8468180e') in 0.025 seconds [static and dynamic dependencies]. Details - ImportResultOutputID=036acfca0b86589e5d618c0528291f34 DependenciesID=189f6cf7472da99dade836ff8460d008 StaticDependenciesID=0660ed9ba9bce0a3d6caa797f49fe888 
Importing 'GUID: 7631f4eff8f74ed38eb3eb9db17134e1 - Path: Assets/TextMesh Pro/Examples & Extras/Textures/Wipe Pattern - Radial Double.psd' with importer (TextureImporter)
Imported 'GUID: 7631f4eff8f74ed38eb3eb9db17134e1' -> (Import Result ID: '4b68f5f1423812ad6e3d4bca15c8babc') in 0.005 seconds [static and dynamic dependencies]. Details - ImportResultOutputID=412c14212022bb14f98dc7e349e5761f DependenciesID=baf7bdb67d50606cb0f4b5977586726c StaticDependenciesID=f30692d9decf0c0fb09609605da4a037 
Importing 'GUID: 17c350171f7a3ca479f830547c66d187 - Path: Assets/TextMesh Pro/Examples & Extras/Textures/Sunny Days - Seamless.jpg' with importer (TextureImporter)
Imported 'GUID: 17c350171f7a3ca479f830547c66d187' -> (Import Result ID: '431139d69a5756728ccf67bd3a3dec04') in 0.034 seconds [static and dynamic dependencies]. Details - ImportResultOutputID=86337c537115359ccba859e547996ab6 DependenciesID=d3228343e96813340271714c14110b44 StaticDependenciesID=fea92e7e75c5fd2a869401ae784c4030 
Importing 'GUID: c76d18757a194d618355f05f815cb0a1 - Path: Assets/TextMesh Pro/Examples & Extras/Textures/Text Overflow - Linked Text UI Screenshot.png' with importer (TextureImporter)
Imported 'GUID: c76d18757a194d618355f05f815cb0a1' -> (Import Result ID: '8741fac76bdce2dcf19fe5618ed133c1') in 0.009 seconds [static and dynamic dependencies]. Details - ImportResultOutputID=ee76bc5580c4e6d53a8144c8652b0641 DependenciesID=79062bbeb7f7bdb39d39f3e41b87262d StaticDependenciesID=a285be348b3a20f8ab68041a7b1f6137 
Importing 'GUID: 283f897e4925411ebbaa758b4cb13fc2 - Path: Assets/TextMesh Pro/Examples & Extras/Textures/Floor Cement.jpg' with importer (TextureImporter)
Imported 'GUID: 283f897e4925411ebbaa758b4cb13fc2' -> (Import Result ID: 'bb61479058a87c4e97481b763f3c91bf') in 0.022 seconds [static and dynamic dependencies]. Details - ImportResultOutputID=f1039ddb629145d0893f585c122bbfb0 DependenciesID=f10db56ddc78cd02e05929fea90b945e StaticDependenciesID=1342fe03be6243b015aaedd4e8f6b768 
Importing 'GUID: 8878a782f4334ecbbcf683b3ac780966 - Path: Assets/TextMesh Pro/Examples & Extras/Textures/Small Crate_normal.jpg' with importer (TextureImporter)
Imported 'GUID: 8878a782f4334ecbbcf683b3ac780966' -> (Import Result ID: '8f3f1b72b511e1cde684c48cc35d4b1d') in 0.013 seconds [static and dynamic dependencies]. Details - ImportResultOutputID=8e231f60e9c622d83f926c25cf42ba14 DependenciesID=ae8d39ca76b4049a6187fb724634ef39 StaticDependenciesID=aa19c07122ef7c4e7d6c23c4c98d8016 
Importing 'GUID: f88677df267a41d6be1e7a6133e7d227 - Path: Assets/TextMesh Pro/Examples & Extras/Textures/Brushed Metal 3.jpg' with importer (TextureImporter)
Imported 'GUID: f88677df267a41d6be1e7a6133e7d227' -> (Import Result ID: '8d93a9ec4bf1eecd57ef452d256a1937') in 0.014 seconds [static and dynamic dependencies]. Details - ImportResultOutputID=a6a5543b6205236f103a50095b4fb423 DependenciesID=18bfc87f09709e7f4c0e8f9094e809ed StaticDependenciesID=cc5bab7168c1fa5adf58e3630ecff470 
Importing 'GUID: 2b5e9ae96c5644d8bae932f8b4ca68a2 - Path: Assets/TextMesh Pro/Examples & Extras/Textures/Wipe Pattern - Radial Quad.psd' with importer (TextureImporter)
Imported 'GUID: 2b5e9ae96c5644d8bae932f8b4ca68a2' -> (Import Result ID: '189474cd9e29fb3ab2d8ec44578cbd97') in 0.001 seconds [static and dynamic dependencies]. Details - ImportResultOutputID=7a15b9c850bf82aa28608c162a00a086 DependenciesID=841a83f84f0175ad0ffdec20a4e6c894 StaticDependenciesID=851d200e093957b9ef1b6fc2be8fa09b 
Importing 'GUID: bb8dfcd263ad4eb383a33d74a720be6f - Path: Assets/TextMesh Pro/Examples & Extras/Textures/Mask Zig-n-Zag.psd' with importer (TextureImporter)
Imported 'GUID: bb8dfcd263ad4eb383a33d74a720be6f' -> (Import Result ID: 'a3f105d4aaad13d507d7a336a58e9f0d') in 0.006 seconds [static and dynamic dependencies]. Details - ImportResultOutputID=549f471a2fc93f037e0d4a4c4ad7f6ff DependenciesID=37c15a03db8d0eb1250ba69493213301 StaticDependenciesID=1103bd65dabf7146128c34be8e87ae75 
Importing 'GUID: 1cdc5b506b1a4a33a53c30669ced1f51 - Path: Assets/TextMesh Pro/Examples & Extras/Textures/Fruit Jelly (B&W).jpg' with importer (TextureImporter)
Imported 'GUID: 1cdc5b506b1a4a33a53c30669ced1f51' -> (Import Result ID: '83c4b1179558c1cdabe81dc04a487f64') in 0.021 seconds [static and dynamic dependencies]. Details - ImportResultOutputID=a11bdbec0c8e16367f7cfb4365fa998d DependenciesID=c5bb7b32ef93f04121cec4a588491631 StaticDependenciesID=2877a7f98f933e2694e127795b9c7f41 
Importing 'GUID: 2ce5c55e85304b819a1826ecbc839aa5 - Path: Assets/TextMesh Pro/Examples & Extras/Textures/Gradient Diagonal (Color).jpg' with importer (TextureImporter)
Imported 'GUID: 2ce5c55e85304b819a1826ecbc839aa5' -> (Import Result ID: 'efe351ebde2ab45df0a9318d9a6bf48d') in 0.001 seconds [static and dynamic dependencies]. Details - ImportResultOutputID=d6a3f7b4cb30b1a569ee29bee261c260 DependenciesID=e63a17a96f35c7c3967be7e222d9b5cf StaticDependenciesID=9df16e9fe4361c53fafb93eaba455316 
Importing 'GUID: 4ccf43d26c4748c792174516f4a8fcef - Path: Assets/TextMesh Pro/Examples & Extras/Textures/Text Overflow - Linked Text Image 1.png' with importer (TextureImporter)
Imported 'GUID: 4ccf43d26c4748c792174516f4a8fcef' -> (Import Result ID: 'a6439f7d5123406ae14e0e2d5923e759') in 0.070 seconds [static and dynamic dependencies]. Details - ImportResultOutputID=3c70cb510d4bc04ca9cb012661855545 DependenciesID=214172ccce92bdca3faf02b668dd5d36 StaticDependenciesID=bfe7848f700c4f3dfb4f69a4cef33dbd 
Importing 'GUID: ed5290d8df18488780e2996b9b882f01 - Path: Assets/TextMesh Pro/Examples & Extras/Textures/Wipe Pattern - Diagonal.psd' with importer (TextureImporter)
Imported 'GUID: ed5290d8df18488780e2996b9b882f01' -> (Import Result ID: 'd39aa647c5eb2ac7825c76482657c819') in 0.004 seconds [static and dynamic dependencies]. Details - ImportResultOutputID=a8054e36f39375c158e1ec5093239332 DependenciesID=618542474e38b12d7e57a5276f9e8f61 StaticDependenciesID=bdc86449b614114e66585db8043cc2d2 
Importing 'GUID: fd09957580ac4326916010f1f260975b - Path: Assets/TextMesh Pro/Examples & Extras/Sprites/DropCap Numbers.psd' with importer (TextureImporter)
Imported 'GUID: fd09957580ac4326916010f1f260975b' -> (Import Result ID: 'ec56b9001fe5c57809f003673fc68ea8') in 0.068 seconds [static and dynamic dependencies]. Details - ImportResultOutputID=fc7ea8d736607a7ace902ab65753a884 DependenciesID=79b77134e09cb8c1c36e6d7ec346c1de StaticDependenciesID=fd019dd19937306b358c31f1d60d485c 
Importing 'GUID: 6eb184de103d4b3f812b38561065192f - Path: Assets/TextMesh Pro/Examples & Extras/Textures/Gradient Horizontal (Color).jpg' with importer (TextureImporter)
Imported 'GUID: 6eb184de103d4b3f812b38561065192f' -> (Import Result ID: '7e17c774f367961799c404dfcd1f0ef8') in 0.001 seconds [static and dynamic dependencies]. Details - ImportResultOutputID=056f350f63d45eecf37fffee7147f6e4 DependenciesID=c5e3ca47d1119305c348fe4b467b8e05 StaticDependenciesID=3faae39d22684079f22988b294eb9e47 
Importing 'GUID: 90722b8bd74d9aa49958562aff7bdf76 - Path: Assets/TextMesh Pro/Examples & Extras/Resources/Fonts & Materials/Roboto-Bold SDF - URP.mat' with importer (NativeFormatImporter)
Imported 'GUID: 90722b8bd74d9aa49958562aff7bdf76' -> (Import Result ID: 'e6be04e72c08b8b709874ed43751c493') in 0.002 seconds [static dependencies only]. Details - ImportResultOutputID=aa888024b8752851a94dd967a3c6a9b0 DependenciesID=f6228f43f6c4ce36ee3a48c5b59d08d4 StaticDependenciesID=b0da6665d4c776c3e00cf620b1883b72 
Importing 'GUID: a00013af81304728b2be1f4309ee2433 - Path: Assets/TextMesh Pro/Examples & Extras/Resources/Fonts & Materials/Anton SDF - Outline.mat' with importer (NativeFormatImporter)
Imported 'GUID: a00013af81304728b2be1f4309ee2433' -> (Import Result ID: 'e95c0a87a601ad03cd850301b048efdc') in 0.012 seconds [static dependencies only]. Details - ImportResultOutputID=d7c69b5353ccc44d259f055078f6306f DependenciesID=270901fa7e6e30976a766d273e9aa45d StaticDependenciesID=dcf37d2204dcd8d2150ecb16f8adf026 
Importing 'GUID: 71529b88994c1a341b22bc57c038674a - Path: Assets/TextMesh Pro/Examples & Extras/Materials/Ground - URP.mat' with importer (NativeFormatImporter)
Imported 'GUID: 71529b88994c1a341b22bc57c038674a' -> (Import Result ID: 'e9042a73c7d43dfe3eaef6892f0914b7') in 0.000 seconds [static dependencies only]. Details - ImportResultOutputID=258b92afbd8c5855550f4cb95f8b7a44 DependenciesID=be965ea3e19071b2b5d116d38edac54e StaticDependenciesID=103f0b3d60fda5c56cd2fc3b93c724d0 
Importing 'GUID: 22262639920f43d6be32430e4e58350d - Path: Assets/TextMesh Pro/Examples & Extras/Materials/Small Crate_diffuse.mat' with importer (NativeFormatImporter)
Imported 'GUID: 22262639920f43d6be32430e4e58350d' -> (Import Result ID: '4bf18552900b96bb66266066e0d5a235') in 0.001 seconds [static dependencies only]. Details - ImportResultOutputID=661525d97734a46ecb50ec32c71a4339 DependenciesID=f93f0e924cfcdc9cb2b7746df28b98d3 StaticDependenciesID=ff504e3107309540ff00d4d397371d44 
Importing 'GUID: 42df1c7856584b6b8db9a509b6b10074 - Path: Assets/TextMesh Pro/Examples & Extras/Resources/Fonts & Materials/LiberationSans SDF - Soft Mask.mat' with importer (NativeFormatImporter)
Imported 'GUID: 42df1c7856584b6b8db9a509b6b10074' -> (Import Result ID: '45da8bc8eca8b605e4c6d212cc4e8d5f') in 0.000 seconds [static dependencies only]. Details - ImportResultOutputID=ae601a045faa9ca9539cb52f0f94fdbd DependenciesID=bccdd8652587b9607be878fa800232b2 StaticDependenciesID=f8e87a39539dc59f194106e1174f6866 
Importing 'GUID: b246c4190f4e46ec9352fe15a7b09ce0 - Path: Assets/TextMesh Pro/Examples & Extras/Resources/Fonts & Materials/Roboto-Bold SDF - Drop Shadow.mat' with importer (NativeFormatImporter)
Imported 'GUID: b246c4190f4e46ec9352fe15a7b09ce0' -> (Import Result ID: 'd7c66de824858ecb373bf4f1605399ef') in 0.000 seconds [static dependencies only]. Details - ImportResultOutputID=9ae00da58d678a62576eafd7a80e6702 DependenciesID=b6322670e089a7ffba0aa83e79737017 StaticDependenciesID=7126ab16a9760fa4c618664bdfae366c 
Importing 'GUID: f2dcf029949142e28b974630369c8b4e - Path: Assets/TextMesh Pro/Examples & Extras/Resources/Fonts & Materials/Bangers SDF - Drop Shadow.mat' with importer (NativeFormatImporter)
Imported 'GUID: f2dcf029949142e28b974630369c8b4e' -> (Import Result ID: 'e7c7e4e5a48f7ec112f2b646223f46d1') in 0.000 seconds [static dependencies only]. Details - ImportResultOutputID=c7314ea7778aa469aad05f2bcd3234d7 DependenciesID=89e1f07d75facc4a2546e63aaa47ff0a StaticDependenciesID=07fa425c03a343800c417a8eebdf372e 
Importing 'GUID: 749b9069dc4742c5bfa5c74644049926 - Path: Assets/TextMesh Pro/Examples & Extras/Resources/Fonts & Materials/Anton SDF - Drop Shadow.mat' with importer (NativeFormatImporter)
Imported 'GUID: 749b9069dc4742c5bfa5c74644049926' -> (Import Result ID: 'c92360b6c5aa8c8ba2961fddc0fad11a') in 0.000 seconds [static dependencies only]. Details - ImportResultOutputID=efe2e5606291bf0e2cbc9b76fe332278 DependenciesID=edb685c5d543058842807d030d059a11 StaticDependenciesID=313994afe86bdd65e5c99ef2df4d370e 
Importing 'GUID: 947a44964e53bf0448ff698b2a2219c0 - Path: Assets/TextMesh Pro/Examples & Extras/Resources/Fonts & Materials/Bangers SDF - Drop Shadow - 2 Pass.mat' with importer (NativeFormatImporter)
Imported 'GUID: 947a44964e53bf0448ff698b2a2219c0' -> (Import Result ID: 'e843de50e56f3e053970c6c294bee959') in 0.000 seconds [static dependencies only]. Details - ImportResultOutputID=a45420600a97e5853e89eb7dbade75af DependenciesID=d608779ee2f5de5511677d27709b6017 StaticDependenciesID=02db0ee5052fe24a20cb2c08e65c2731 
Importing 'GUID: f4e195ac1e204eff960149d1cb34e18c - Path: Assets/TextMesh Pro/Examples & Extras/Resources/Fonts & Materials/Bangers SDF Logo.mat' with importer (NativeFormatImporter)
Imported 'GUID: f4e195ac1e204eff960149d1cb34e18c' -> (Import Result ID: 'ab1455e4b43cb14d4e4a14c65d372895') in 0.000 seconds [static dependencies only]. Details - ImportResultOutputID=769831c9bdb368a1c13a36f08f40e602 DependenciesID=7acde6a0fd35f3e95ff9ff33ad623824 StaticDependenciesID=c26d978f8d4c274a26f731df01716420 
Importing 'GUID: 6522f30e342599e4e9dd4cc2cc03c830 - Path: Assets/TextMesh Pro/Examples & Extras/Resources/Fonts & Materials/Anton SDF - Sunny Days.mat' with importer (NativeFormatImporter)
Imported 'GUID: 6522f30e342599e4e9dd4cc2cc03c830' -> (Import Result ID: 'f45df6e3bff4bd8b5ea4756247ca9e73') in 0.000 seconds [static dependencies only]. Details - ImportResultOutputID=c6c01895306bad30c73b17f1de6a03d0 DependenciesID=4e5871f28af6082053f2faf1e734f292 StaticDependenciesID=1d25aec8855143358c24add2b7564756 
Importing 'GUID: 967f61bb1e3e28645a39e0cb647cc79e - Path: Assets/TextMesh Pro/Examples & Extras/Resources/Fonts & Materials/Unity SDF - HDRP LIT - Outline.mat' with importer (NativeFormatImporter)
Imported 'GUID: 967f61bb1e3e28645a39e0cb647cc79e' -> (Import Result ID: '579d7f07a6c4bd8284ea48a3c00ba5e2') in 0.001 seconds [static dependencies only]. Details - ImportResultOutputID=875278df389dab4ec3165be3a990f4d3 DependenciesID=577bc4ab96ed5c615fd8382929eec146 StaticDependenciesID=c2dd773c227f467039f456a67dcbb272 
Importing 'GUID: e6b276ec991f467aa14ef1f3cc665993 - Path: Assets/TextMesh Pro/Examples & Extras/Resources/Fonts & Materials/Roboto-Bold SDF - Surface.mat' with importer (NativeFormatImporter)
Imported 'GUID: e6b276ec991f467aa14ef1f3cc665993' -> (Import Result ID: '961196c706547df331b2aa637db8a039') in 0.000 seconds [static dependencies only]. Details - ImportResultOutputID=ffe6c292a1d76a681f540dcce116f123 DependenciesID=f1399955f8af6a0cfa376a69f93391cd StaticDependenciesID=72735ae6b6a811cb945893efb69f2aaf 
Importing 'GUID: e6b9b44320f4448d9d5e0ee634259966 - Path: Assets/TextMesh Pro/Examples & Extras/Materials/Crate - Surface Shader Scene.mat' with importer (NativeFormatImporter)
Imported 'GUID: e6b9b44320f4448d9d5e0ee634259966' -> (Import Result ID: '28ad40c9c3407dd5bc333ffa957387b3') in 0.000 seconds [static dependencies only]. Details - ImportResultOutputID=28f0767d8c28c62c4fb7a7fb1ddeb023 DependenciesID=780cfe446fb3f4a12204ce95a86f6367 StaticDependenciesID=1881f622b7557a13aa3a6d8b3d93063b 
Importing 'GUID: f629c6e43dba4bf38cb74d8860150664 - Path: Assets/TextMesh Pro/Examples & Extras/Resources/Fonts & Materials/Bangers SDF - Outline.mat' with importer (NativeFormatImporter)
Imported 'GUID: f629c6e43dba4bf38cb74d8860150664' -> (Import Result ID: 'f3b01ef56c1300c6c27b4c6be98957d1') in 0.000 seconds [static dependencies only]. Details - ImportResultOutputID=6305261321c0c321e80d5521ca3abbae DependenciesID=9116c4c84ed83ffdf2c676c555aded7f StaticDependenciesID=1719a6fadc9a7c06210e5faf409da25e 
Importing 'GUID: 6751ce1a4611b3940812c13a6847d94f - Path: Assets/TextMesh Pro/Examples & Extras/Resources/Fonts & Materials/Bangers SDF Logo - URP.mat' with importer (NativeFormatImporter)
Imported 'GUID: 6751ce1a4611b3940812c13a6847d94f' -> (Import Result ID: 'd65660ca7064800c127503a6d0cc0253') in 0.000 seconds [static dependencies only]. Details - ImportResultOutputID=eea80a64b1ace34bd8e3a4186291c571 DependenciesID=5430dfa5e605e279c2e06ff573362995 StaticDependenciesID=d6f2eb548dcd457c660c66caadf6af98 
Importing 'GUID: c719e38f25a9480abd2480ab621a2949 - Path: Assets/TextMesh Pro/Examples & Extras/Materials/Ground - Logo Scene.mat' with importer (NativeFormatImporter)
Imported 'GUID: c719e38f25a9480abd2480ab621a2949' -> (Import Result ID: 'e78762d35a0268d1e35a8515bc8e8306') in 0.000 seconds [static dependencies only]. Details - ImportResultOutputID=d39d7866b74e7151a5720ddb2e676d31 DependenciesID=99a8de0615d6cf8e30c3f2eb62566529 StaticDependenciesID=8e5df7fe06257a8f59cb69c1f46f2991 
Importing 'GUID: d75b8f41e959450c84ac6e967084d3e1 - Path: Assets/TextMesh Pro/Examples & Extras/Resources/Fonts & Materials/Bangers SDF Glow.mat' with importer (NativeFormatImporter)
Imported 'GUID: d75b8f41e959450c84ac6e967084d3e1' -> (Import Result ID: '2900882b8f6491245ca98e960c1a83f6') in 0.000 seconds [static dependencies only]. Details - ImportResultOutputID=df88d1f8fec16cbddcfa4f0551850645 DependenciesID=88a68134fd24bf1a7b8f8f1763d1757f StaticDependenciesID=f89df03ffec7442f8397a6b4330a8a4e 
Importing 'GUID: 9ad269c99dcf42b7aedefd83dd5a7b9d - Path: Assets/TextMesh Pro/Examples & Extras/Resources/Fonts & Materials/LiberationSans SDF - Overlay.mat' with importer (NativeFormatImporter)
Imported 'GUID: 9ad269c99dcf42b7aedefd83dd5a7b9d' -> (Import Result ID: '9183807e1c3a1e40b2cc48a29102bc7a') in 0.000 seconds [static dependencies only]. Details - ImportResultOutputID=bc9370ea421b7c9997fc51532d3af408 DependenciesID=510172ac537202f8703450f088ace745 StaticDependenciesID=cb996675b5877493a0777aa76abd8491 
Importing 'GUID: aadd5a709a48466c887296bb5b1b8110 - Path: Assets/TextMesh Pro/Examples & Extras/Materials/Ground - Surface Shader Scene.mat' with importer (NativeFormatImporter)
Imported 'GUID: aadd5a709a48466c887296bb5b1b8110' -> (Import Result ID: '06a37249e00ab3abfadc572910ca104f') in 0.000 seconds [static dependencies only]. Details - ImportResultOutputID=416965d3309fc3274a2bc6f97649961d DependenciesID=2928379bbd9b7db70aa2b2df91ccb95d StaticDependenciesID=d3daadb31113ac3a7656e786cc7d1bfc 
Importing 'GUID: 3b5cc91c3bf8cf74391252247f52fb59 - Path: Assets/TextMesh Pro/Examples & Extras/Materials/Crate - URP.mat' with importer (NativeFormatImporter)
Imported 'GUID: 3b5cc91c3bf8cf74391252247f52fb59' -> (Import Result ID: 'c77c9d01454cd1f92191652c2bfa7051') in 0.000 seconds [static dependencies only]. Details - ImportResultOutputID=dc5eb893b48e44150dec5b23ff9b62d5 DependenciesID=d2dc38770278fc891d3af262a2c5d01e StaticDependenciesID=93aba332fecdd0944c3ceb4e1c3856fa 
Importing 'GUID: 8b29aaa3eec7468097ff07adfcf29ac9 - Path: Assets/TextMesh Pro/Examples & Extras/Resources/Fonts & Materials/LiberationSans SDF - Metalic Green.mat' with importer (NativeFormatImporter)
Imported 'GUID: 8b29aaa3eec7468097ff07adfcf29ac9' -> (Import Result ID: '799e0d2b7ef11be9a1d127dd7bb5e035') in 0.001 seconds [static dependencies only]. Details - ImportResultOutputID=060dfc5a00bf8f7f0733990d302ac961 DependenciesID=7a7d391cc2262bfbc395c12363c2ffb1 StaticDependenciesID=6cba444d2da750b50523e5ae98e70207 
Importing 'GUID: 2ddca8f46aa0838419d568affb0ca6b4 - Path: Assets/TextMesh Pro/Examples & Extras/Resources/Fonts & Materials/Roboto-Bold SDF - HDRP Unlit.mat' with importer (NativeFormatImporter)
Imported 'GUID: 2ddca8f46aa0838419d568affb0ca6b4' -> (Import Result ID: '5faa28ced4d923c59f55a8bd0193e9d2') in 0.000 seconds [static dependencies only]. Details - ImportResultOutputID=117a8f362751e740b0d75cb9ead33d8d DependenciesID=70a0966b92025ab29484a23968137ea4 StaticDependenciesID=e7672847752a6902ab0f0858215fe34a 
Importing 'GUID: 8d176c01131de8f46ad61094e29d79b2 - Path: Assets/TextMesh Pro/Examples & Extras/Resources/Fonts & Materials/Unity SDF - HDRP LIT - Bloom.mat' with importer (NativeFormatImporter)
Imported 'GUID: 8d176c01131de8f46ad61094e29d79b2' -> (Import Result ID: '5b91b24d0b83d31b82c5a4da8b3ee8df') in 0.000 seconds [static dependencies only]. Details - ImportResultOutputID=7f2e387f29dd5f4479daef18d59fc610 DependenciesID=dec54197999985e225d87b0a65166d2b StaticDependenciesID=c4d547c80d87a06a228050356b203c33 
Importing 'GUID: f4eec857a4fdf2f43be0e9f3d1a984e7 - Path: Assets/TextMesh Pro/Examples & Extras/Fonts/Unity.ttf' with importer (TrueTypeFontImporter)
Imported 'GUID: f4eec857a4fdf2f43be0e9f3d1a984e7' -> (Import Result ID: 'da49c1354e3aa3e8b08f511fa7fac48f') in 0.005 seconds [static and dynamic dependencies]. Details - ImportResultOutputID=42e52b7ae0774985df80720b530195b8 DependenciesID=f9ac94c4593b86037f96874f9fe494cd StaticDependenciesID=853c3f5d3012ce49bb5f0f961d24b3bf 
Importing 'GUID: 997a43b767814dd0a7642ec9b78cba41 - Path: Assets/TextMesh Pro/Examples & Extras/Fonts/Anton.ttf' with importer (TrueTypeFontImporter)
Imported 'GUID: 997a43b767814dd0a7642ec9b78cba41' -> (Import Result ID: '8c6aaddec1e9e7909e8c3323f99336e6') in 0.001 seconds [static and dynamic dependencies]. Details - ImportResultOutputID=5446ee349c545d7856ef7e3449a5ef6b DependenciesID=daf3658f4eb44906f6122cbc9c952782 StaticDependenciesID=0caa62e6eae5b1fcde1a31a338654c7c 
Importing 'GUID: c9f6d0e7bc8541498c9a4799ba184ede - Path: Assets/TextMesh Pro/Examples & Extras/Fonts/Oswald-Bold.ttf' with importer (TrueTypeFontImporter)
Imported 'GUID: c9f6d0e7bc8541498c9a4799ba184ede' -> (Import Result ID: '72bd3736702ac15dbe9c23efb0b3e4ec') in 0.001 seconds [static and dynamic dependencies]. Details - ImportResultOutputID=a658ccdec2199388246ff0ce7863dbbb DependenciesID=b998eceaa0a7bb61dcab1019020e567b StaticDependenciesID=3cc54ffd6133be2d931c8c49fec8429e 
Importing 'GUID: 8a2b9e2a607dd2143b58c44bc32410b4 - Path: Assets/TextMesh Pro/Examples & Extras/Fonts/Electronic Highway Sign.TTF' with importer (TrueTypeFontImporter)
Imported 'GUID: 8a2b9e2a607dd2143b58c44bc32410b4' -> (Import Result ID: '29c349ff7307d8fb170a355c9774281e') in 0.001 seconds [static and dynamic dependencies]. Details - ImportResultOutputID=cb0391c36f9d492d6a9bdda12ef9b466 DependenciesID=d5077d9dcbd0d768f04e2607557f7062 StaticDependenciesID=cf6279eeaaf63e5c25cfe42720dda192 
Importing 'GUID: 4beb055f07aaff244873dec698d0363e - Path: Assets/TextMesh Pro/Examples & Extras/Fonts/Roboto-Bold.ttf' with importer (TrueTypeFontImporter)
Imported 'GUID: 4beb055f07aaff244873dec698d0363e' -> (Import Result ID: '26b6b535af5f43c30db3891ed9c53224') in 0.001 seconds [static and dynamic dependencies]. Details - ImportResultOutputID=7eb3efb6772236b3254909f2c0e06437 DependenciesID=431888b8546541ce45c72f908db6f4c6 StaticDependenciesID=704109c67fec2566d09c894ac413b397 
Importing 'GUID: 5dd49b3eacc540408c98eee0de38e0f1 - Path: Assets/TextMesh Pro/Examples & Extras/Fonts/Bangers.ttf' with importer (TrueTypeFontImporter)
Imported 'GUID: 5dd49b3eacc540408c98eee0de38e0f1' -> (Import Result ID: '501067c28be6e4971c7117dc43e83148') in 0.001 seconds [static and dynamic dependencies]. Details - ImportResultOutputID=9121955ffe7476d50bd9a87d727a8431 DependenciesID=0f950fc7563d533d7a4b5674ba24300c StaticDependenciesID=a82ef9e648651c01fd7315c99f67dd07 
Importing 'GUID: 0161d805a3764c089bef00bfe00793f5 - Path: Assets/TextMesh Pro/Examples & Extras/Resources/Fonts & Materials/Oswald Bold SDF.asset' with importer (NativeFormatImporter)
Imported 'GUID: 0161d805a3764c089bef00bfe00793f5' -> (Import Result ID: '3bef04596e471e98bf26c32e80e8792d') in 0.002 seconds [static dependencies only]. Details - ImportResultOutputID=c79f847a2fb75aa8bf097fb33b9a1526 DependenciesID=9302a0cf3893afa497a88539b211f8a3 StaticDependenciesID=612b76613f5229f0e4abec1a091cf35a 
Importing 'GUID: 125cb55b44b24c4393181402bc6200e6 - Path: Assets/TextMesh Pro/Examples & Extras/Resources/Fonts & Materials/Bangers SDF.asset' with importer (NativeFormatImporter)
Imported 'GUID: 125cb55b44b24c4393181402bc6200e6' -> (Import Result ID: '48c599cffe0e48fc6f9ddb8959dd89cf') in 0.001 seconds [static dependencies only]. Details - ImportResultOutputID=061db0d34de2d618c51840db9e68ab9f DependenciesID=efe9d57a612df2c61df17ab39c391af2 StaticDependenciesID=bb5355ab93c84d1e32a033ef14317241 
Importing 'GUID: 5302535af1044152a457ed104f1f4b91 - Path: Assets/TextMesh Pro/Examples & Extras/Resources/Fonts & Materials/Roboto-Bold SDF.asset' with importer (NativeFormatImporter)
Imported 'GUID: 5302535af1044152a457ed104f1f4b91' -> (Import Result ID: '59f6e5cd0e24995b4af754ddf698a725') in 0.001 seconds [static dependencies only]. Details - ImportResultOutputID=4709a61516d7f031209fe4212c2e49aa DependenciesID=4264dafe603166731915e1fbbfe69af0 StaticDependenciesID=60043f3f819968a03fb5f68cf3df50c4 
Importing 'GUID: 83ba2e375bed45f48bce43e5a5f7c88a - Path: Assets/TextMesh Pro/Examples & Extras/Scenes/28 - HDRP Shader Example/Sky and Fog Volume Profile.asset' with importer (NativeFormatImporter)
Imported 'GUID: 83ba2e375bed45f48bce43e5a5f7c88a' -> (Import Result ID: '2211e43ad6b5932a42ee5c79e2614084') in 0.001 seconds [static dependencies only]. Details - ImportResultOutputID=61b241583fc5fc26117af2eb6f48a19b DependenciesID=afaa8ff14ce809a78f8551a70b5f37e7 StaticDependenciesID=3b29c597cdce5e354b2711aa424798f8 
Importing 'GUID: 14aa93acbb234d16aaef0e8b46814db6 - Path: Assets/TextMesh Pro/Examples & Extras/Resources/Sprite Assets/DropCap Numbers.asset' with importer (NativeFormatImporter)
Imported 'GUID: 14aa93acbb234d16aaef0e8b46814db6' -> (Import Result ID: 'dbe27657ef9bce66819943e5275e918c') in 0.001 seconds [static dependencies only]. Details - ImportResultOutputID=73bf91f6beb69739de745aecc6741454 DependenciesID=346baecc712bd82f4387624303b56e44 StaticDependenciesID=053a8eca0a4cc9438afa5381afa4efe9 
Importing 'GUID: 479a66fa4b094512a62b0a8e553ad95a - Path: Assets/TextMesh Pro/Examples & Extras/Resources/Color Gradient Presets/Blue to Purple - Vertical.asset' with importer (NativeFormatImporter)
Imported 'GUID: 479a66fa4b094512a62b0a8e553ad95a' -> (Import Result ID: 'c0270632e01976f05e739439b35bd75e') in 0.001 seconds [static dependencies only]. Details - ImportResultOutputID=2b7fea0458e9fec4d9bc22560466dbe7 DependenciesID=86774ea824ebc972a1afc081ed477d72 StaticDependenciesID=8136ab026ffd41a940ce5dbe2dd588d1 
Importing 'GUID: 69a525efa7e6472eab268f6ea605f06e - Path: Assets/TextMesh Pro/Examples & Extras/Resources/Color Gradient Presets/Yellow to Orange - Vertical.asset' with importer (NativeFormatImporter)
Imported 'GUID: 69a525efa7e6472eab268f6ea605f06e' -> (Import Result ID: '030d4a6f816787f3ac535349e85a3d87') in 0.000 seconds [static dependencies only]. Details - ImportResultOutputID=6d40fc2cc498b2f37ead228607cd1565 DependenciesID=b2246545b39a92402c2fdbcca955cee9 StaticDependenciesID=7686f4bb46fc1fab28835a9756857513 
Importing 'GUID: c9adb1f542a93ae489bacfeae21e8394 - Path: Assets/TextMesh Pro/Examples & Extras/Resources/Fonts & Materials/Unity SDF.asset' with importer (NativeFormatImporter)
Imported 'GUID: c9adb1f542a93ae489bacfeae21e8394' -> (Import Result ID: 'ae6632bf4e9feab61889df3a5801f139') in 0.020 seconds [static dependencies only]. Details - ImportResultOutputID=8bb489f11d9a96e751213ca10317c7ec DependenciesID=1cc34167d7244c0420719d32df88b67d StaticDependenciesID=e33605f1e4019d1b1303162d5f736583 
Importing 'GUID: 8a89fa14b10d46a99122fd4f73fca9a2 - Path: Assets/TextMesh Pro/Examples & Extras/Resources/Fonts & Materials/Anton SDF.asset' with importer (NativeFormatImporter)
Imported 'GUID: 8a89fa14b10d46a99122fd4f73fca9a2' -> (Import Result ID: 'e362025382fbd36a7d0a1bfcfb0bfae5') in 0.001 seconds [static dependencies only]. Details - ImportResultOutputID=94a51a7a4739ff749d8b01c9999613a1 DependenciesID=31250c90d42c14b5fad8379b62f2224b StaticDependenciesID=4b7a7761312d5185f5a896af6c980e1a 
Importing 'GUID: fbef3c704dce48f08a44612d6c856c8d - Path: Assets/TextMesh Pro/Examples & Extras/Resources/Sprite Assets/Default Sprite Asset.asset' with importer (NativeFormatImporter)
Imported 'GUID: fbef3c704dce48f08a44612d6c856c8d' -> (Import Result ID: '88c484eb0c09adbdb94f2340f5a9e882') in 0.000 seconds [static dependencies only]. Details - ImportResultOutputID=c29e5d78344a39360e3c6bacd16ee87a DependenciesID=8714142d3bb9a0186c6356fc30ec743f StaticDependenciesID=ddde5192e788cb8df5a0cfa0cc11272e 
Importing 'GUID: 4c86a3366cd840348ebe8dc438570ee4 - Path: Assets/TextMesh Pro/Examples & Extras/Resources/Color Gradient Presets/Dark to Light Green - Vertical.asset' with importer (NativeFormatImporter)
Imported 'GUID: 4c86a3366cd840348ebe8dc438570ee4' -> (Import Result ID: '10fe54e5fa15429a69568894847f3df6') in 0.000 seconds [static dependencies only]. Details - ImportResultOutputID=1fd45b66132372bd3167d0cc4dd8af07 DependenciesID=c140cd3ce87a7c7cfb7fd60f68543dc8 StaticDependenciesID=e15ba4102a5dd9e4af348de34b5bbf93 
Importing 'GUID: 5cf8ae092ca54931b443bec5148f3c59 - Path: Assets/TextMesh Pro/Examples & Extras/Resources/Color Gradient Presets/Light to Dark Green - Vertical.asset' with importer (NativeFormatImporter)
Imported 'GUID: 5cf8ae092ca54931b443bec5148f3c59' -> (Import Result ID: '404f81963c869905693fc64b08dd7525') in 0.000 seconds [static dependencies only]. Details - ImportResultOutputID=a65d3ebe59fa2108e3772ee11942d342 DependenciesID=660230a4317f0afa6baedff0861a167f StaticDependenciesID=2b90ad56b8c8b7457b5dc980a65dd6c0 
Importing 'GUID: dc36b3fdc14f47ebb36fd484a67e268a - Path: Assets/TextMesh Pro/Examples & Extras/Resources/Fonts & Materials/Electronic Highway Sign SDF.asset' with importer (NativeFormatImporter)
Imported 'GUID: dc36b3fdc14f47ebb36fd484a67e268a' -> (Import Result ID: 'b7b6f8f4a3a263d41b71ec17e88198b3') in 0.001 seconds [static dependencies only]. Details - ImportResultOutputID=65718714409f7487f869358db059e159 DependenciesID=45ad4b2b82efd8c55535ccf18479902c StaticDependenciesID=620fc6c8812f74e7cd27023b8ce7e213 
Importing 'GUID: f0303f887b8fa7243a51432c478ff2f3 - Path: Assets/TextMesh Pro/Examples & Extras/Fonts/Roboto-Bold - License.txt' with importer (TextScriptImporter)
Imported 'GUID: f0303f887b8fa7243a51432c478ff2f3' -> (Import Result ID: '40a04b1c73a1f2f08ee0c66d94af7ab1') in 0.001 seconds [static dependencies only]. Details - ImportResultOutputID=868c27228eec562ef68e940107691763 DependenciesID=8484a74b8eb0dc36d3567e83491819d9 StaticDependenciesID=6d865223653efed5ff83de70a4b6fce8 
Importing 'GUID: 0251f66ebc602a944b35bccd13be2738 - Path: Assets/TextMesh Pro/Examples & Extras/Fonts/Unity - OFL.txt' with importer (TextScriptImporter)
Imported 'GUID: 0251f66ebc602a944b35bccd13be2738' -> (Import Result ID: 'c6b3aca36b1e7f3fbd01a76a013ce765') in 0.000 seconds [static dependencies only]. Details - ImportResultOutputID=95b235908f6e1cd0f57addc6835e6117 DependenciesID=40962685a69adc5a5c2b445c817e3d09 StaticDependenciesID=9903676ccec0f65eae9593476d1b330c 
Importing 'GUID: d2cf87a8a7a94aa8b80dff1c807c1178 - Path: Assets/TextMesh Pro/Examples & Extras/Fonts/Oswald-Bold - OFL.txt' with importer (TextScriptImporter)
Imported 'GUID: d2cf87a8a7a94aa8b80dff1c807c1178' -> (Import Result ID: '314537ed28742d6b7f9bb2f88bb0e4f2') in 0.000 seconds [static dependencies only]. Details - ImportResultOutputID=2d6b5a645a3e2ac6b892d3e720645bef DependenciesID=4d9215055c0902da5f4852a215b8dc00 StaticDependenciesID=92ab92383d6716c16a837601b4628612 
Importing 'GUID: f28c334d44214474d9702d3ad79ecb0a - Path: Assets/TextMesh Pro/Examples & Extras/Fonts/Roboto-Bold - AFL.txt' with importer (TextScriptImporter)
Imported 'GUID: f28c334d44214474d9702d3ad79ecb0a' -> (Import Result ID: 'b2c325618d3742e424148e45846364e7') in 0.000 seconds [static dependencies only]. Details - ImportResultOutputID=2b855c9ba0fc2d0ab400149a8fc9e1e9 DependenciesID=9321f331f466889637c72717c41e4687 StaticDependenciesID=da369765107570f6b00cd2d4f82cb7fa 
Importing 'GUID: 73a79399807f4e8388c2cbb5494681ca - Path: Assets/TextMesh Pro/Examples & Extras/Fonts/Anton OFL.txt' with importer (TextScriptImporter)
Imported 'GUID: 73a79399807f4e8388c2cbb5494681ca' -> (Import Result ID: 'b3baf3c3aede7e68cf02c1141a83648f') in 0.000 seconds [static dependencies only]. Details - ImportResultOutputID=1a1762e30f2da9a29ee7e678842b6190 DependenciesID=2f1a11016a8542e5d98f50165361e244 StaticDependenciesID=6c61427b7737c2a600f91cd5c34dd714 
Importing 'GUID: efe0bf4ac872451e91612d1ae593f480 - Path: Assets/TextMesh Pro/Examples & Extras/Fonts/Bangers - OFL.txt' with importer (TextScriptImporter)
Imported 'GUID: efe0bf4ac872451e91612d1ae593f480' -> (Import Result ID: '58ce6dbbe62a47727aeff044853ec78f') in 0.000 seconds [static dependencies only]. Details - ImportResultOutputID=14acb097152eca595c0f2d4628779190 DependenciesID=5325ccf2656e988f889eb1ff654f8ab1 StaticDependenciesID=5f972a177ec46acf07450ae72c383f7a 
Importing 'GUID: b06f0e6c1dfa4356ac918da1bb32c603 - Path: Assets/TextMesh Pro/Examples & Extras/Prefabs/Text Popup.prefab' with importer (PrefabImporter)
Imported 'GUID: b06f0e6c1dfa4356ac918da1bb32c603' -> (Import Result ID: '86de2e60120fa775b2926ea194c02bd6') in 0.007 seconds [static and dynamic dependencies]. Details - ImportResultOutputID=04100a560cda6ad845d4cfee24e9341d DependenciesID=0dd8d3370e5f810de9e9895d32a0cca5 StaticDependenciesID=84e899605e394cd8d463d5286873610e 
Importing 'GUID: a6e39ced0ea046bcb636c3f0b2e2a745 - Path: Assets/TextMesh Pro/Examples & Extras/Prefabs/TextMeshPro - Prefab 1.prefab' with importer (PrefabImporter)
Imported 'GUID: a6e39ced0ea046bcb636c3f0b2e2a745' -> (Import Result ID: 'd9cf6e814676a1b9c06c5b260f5e4ad1') in 0.003 seconds [static and dynamic dependencies]. Details - ImportResultOutputID=e1eb5330987045b23517886bc0d88345 DependenciesID=dc47347426e392bd8a9901bd704b1e34 StaticDependenciesID=c92492f44968b4be890ec3f98e7e625d 
Importing 'GUID: fdad9d952ae84cafb74c63f2e694d042 - Path: Assets/TextMesh Pro/Examples & Extras/Prefabs/TextMeshPro - Prefab 2.prefab' with importer (PrefabImporter)
Imported 'GUID: fdad9d952ae84cafb74c63f2e694d042' -> (Import Result ID: 'e23f7fbeeb7d387a7e9c55647e75acfa') in 0.001 seconds [static and dynamic dependencies]. Details - ImportResultOutputID=054b2055b37ca8e08506d16ef877e0f6 DependenciesID=637c0044bf8a3ef29333aca7ba4f32b0 StaticDependenciesID=94742ed85a4c9e9d06ebd5b5517a371c 

Asset Pipeline Refresh (id=0b814c677fa394797a87ab8778d8ab78): Total: 5.414 seconds - Initiated by RefreshV2(ForceSynchronousImport)
	(Values over 0.05ms)
	Summary:
		Imports: total=115 (actual=115, local cache=0, cache server=0)
		Asset DB Process Time: managed=4 ms, native=1657 ms
		Asset DB Callback time: managed=52 ms, native=6 ms
		Scripting: domain reloads=1, domain reload time=482 ms, compile time=3211 ms, other=0 ms
		Project Asset Count: scripts=223, non-scripts=260
		Asset File Changes: new=149, changed=149, moved=0, deleted=0
		Scan Filter Count: 1
	InvokePackagesCallback: 1.180ms
	ApplyChangesToAssetFolders: 0.271ms
	Scan: 86.221ms
	Collect global state as custom dependencies: 0.417ms
	OnSourceAssetsModified: 0.893ms
	CategorizeScriptCompilationAssets: 0.166ms
	ProcessAssetsWithTransientArtifactChanges: 2.027ms
	CategorizeAssets: 4.003ms
	CompileScripts: 3210.694ms
	ImportOutOfDateAssets: 1516.143ms (963.823ms without children)
		ImportManagerImport: 549.963ms (3.386ms without children)
			UpdateCategorizedAssets: 0.330ms
		CollectScriptTypesHashes: 1.235ms
		ReloadNativeAssets: 0.191ms
		UnloadImportedAssets: 0.199ms
		EnsureUptoDateAssetsAreRegisteredWithGuidPM: 0.059ms
		ImportSchedulerStart: 1.906ms
	PostProcessAllAssets: 54.551ms
		VersionControlSettings.HiddenFilePostprocess 0.704ms
		PostProcessCallbackCreateDeferredMaterials 0.463ms
		PostprocessAssetsUpdateCachedIcon 0.387ms
		BlockShaderImporter.PostprocessAllAssets 0.213ms
		ShaderAssetModifiedCallback 0.207ms
		RaytracingShaderImportPostprocess 0.155ms
		ComputeShaderImportPostprocess 0.145ms
		LocalizationDatabase.AssetDatabasePostprocessCallback 0.115ms
		SpeedTreeImporter.PostprocessAllAssets 0.114ms
		AssemblyValidation.PostprocessAllAssets 0.062ms
		MonoPostProcessAllAssets: 49.995ms
			TMPro_TexturePostProcessor.OnPostprocessAllAssets 18.234ms
			WindowAssetPostprocessingWatcher.OnPostprocessAllAssets 6.190ms
			AssetChangedListener.OnPostprocessAllAssets 4.395ms
			BuilderAssetPostprocessor.OnPostprocessAllAssets 4.245ms
			AssetPostprocessor.OnPostprocessAllAssets 2.986ms
			SyncVS.PostprocessSyncProject 1.202ms
			TextAssetPostProcessor.OnPostprocessAllAssets 0.812ms
			RetainedModeAssetPostprocessor.OnPostprocessAllAssets 0.698ms
			SpeedTree9Postprocessor.OnPostprocessAllAssets 0.570ms
			ArtifactBrowserPostProcessor.OnPostprocessAllAssets 0.391ms
			ReferencedClipsPostProcessor.OnPostprocessAllAssets 0.208ms
			AudioMixerPostprocessor.OnPostprocessAllAssets 0.199ms
			AssetEvents.OnPostprocessAllAssets 0.119ms
			StyleCatalogPostProcessor.OnPostprocessAllAssets 0.116ms
			SpeedTreePostProcessor.OnPostprocessAllAssets 0.113ms
			TerrainToolbarOverlayPostProcessor.OnPostprocessAllAssets 0.111ms
			AssetDatabaseCallbacks.OnPostprocessAllAssets 0.082ms
			ConfigAssetsTracker.OnPostprocessAllAssets 0.071ms
			ScenarioDriftAssetsTracker.OnPostprocessAllAssets 0.065ms
	PostAssetChangesProfiler: 3.369ms
	UnloadStreamsBegin: 0.057ms
	PersistCurrentRevisions: 0.171ms
	UnloadStreamsEnd: 0.188ms
	GenerateScriptTypeHashes: 1.050ms
	GenerateScriptTypeSerializationHashes: 2.350ms
	Untracked: 530.111ms

Asset Pipeline Refresh (id=afb63cb738ea4461f8c53cd847ba9602): Total: 0.013 seconds - Initiated by RefreshV2(ForceSynchronousImport)
[TMP Examples & Extras] have been imported.
UnityEngine.Debug:ExtractStackTraceNoAlloc (byte*,int,string)
UnityEngine.StackTraceUtility:ExtractStackTrace () (at /Users/bokken/build/output/unity/unity/Runtime/Export/Scripting/StackTrace.cs:35)
UnityEngine.DebugLogHandler:Internal_Log (UnityEngine.LogType,UnityEngine.LogOption,string,UnityEngine.Object)
UnityEngine.DebugLogHandler:LogFormat (UnityEngine.LogType,UnityEngine.Object,string,object[])
UnityEngine.Logger:Log (UnityEngine.LogType,object)
UnityEngine.Debug:Log (object)
TMPro.TMP_PackageResourceImporter:ImportCallback (string) (at ./Library/PackageCache/com.unity.ugui@4f9b15fd1386/Runtime/TMP/TMP_PackageResourceImporter.cs:160)
UnityEditor.AssetDatabase:Internal_CallImportPackageCompleted (string) (at /Users/bokken/build/output/unity/unity/Editor/Mono/AssetDatabase/AssetDatabase.cs:64)

(Filename: ./Library/PackageCache/com.unity.ugui@4f9b15fd1386/Runtime/TMP/TMP_PackageResourceImporter.cs Line: 160)

Curl error 7: Failed to connect to cdp.cloud.unity3d.com port 443 after 4 ms: Error
[Licensing::Client] Successfully resolved entitlement details
2026-09-04 22:48:03.962 Unity[28339:420524] NSEventModifierFlagFunction specified to -setKeyEquivalentModifierMask: for item <NSMenuItem: 0x79f1e7df40 SDF, ke='Command-F12'>, but is only supported for system-provided menu items; will not be used
Unloading 6 Unused Serialized files (Serialized files now loaded: 0)
Unloading 47 unused Assets / (73.1 KB). Loaded Objects now: 2281.
Memory consumption went from 249.9 MB to 249.9 MB.
Total: 14.209667 ms (FindLiveObjects: 0.130292 ms CreateObjectMapping: 0.072375 ms MarkObjects: 13.557750 ms  DeleteObjects: 0.448916 ms)

Importing 'GUID: 888979c4306a04a57b257db776189b79 - Path: Assets/Scenes/GameScene.unity' with importer (DefaultImporter)
Imported 'GUID: 888979c4306a04a57b257db776189b79' -> (Import Result ID: 'df760a99427dbe3c45c6e32aa03e1e22') in 0.007 seconds [static dependencies only]. Details - ImportResultOutputID=d28e40e43c711f996f27d8c05a2183aa DependenciesID=db0f02df73b8b5d13633b66c0f3b4268 StaticDependenciesID=b746ca0c314924820f18d97f03822ad7 
Asset Pipeline Refresh (id=cd04ba3f744ba4e89a7a930723360324): Total: 0.027 seconds - Initiated by StopAssetImportingV2(NoUpdateAssetOptions)
[CreateScene] Game scene created and saved!
UnityEngine.Debug:ExtractStackTraceNoAlloc (byte*,int,string)
UnityEngine.StackTraceUtility:ExtractStackTrace () (at /Users/bokken/build/output/unity/unity/Runtime/Export/Scripting/StackTrace.cs:35)
UnityEngine.DebugLogHandler:Internal_Log (UnityEngine.LogType,UnityEngine.LogOption,string,UnityEngine.Object)
UnityEngine.DebugLogHandler:LogFormat (UnityEngine.LogType,UnityEngine.Object,string,object[])
UnityEngine.Logger:Log (UnityEngine.LogType,object)
UnityEngine.Debug:Log (object)
CreateScene:Create () (at Assets/Editor/CreateScene.cs:121)

(Filename: Assets/Editor/CreateScene.cs Line: 121)

Curl error 7: Failed to connect to cdp.cloud.unity3d.com port 443 after 2 ms: Error
info: Microsoft.Hosting.Lifetime[0]
      Application is shutting down...
